zy,1.0
zwie,1.0
zuc,1.0
adz,1.0
zoy,1.0
zounds,1.0
zos,1.0
zoom,1.0
aer,1.0
aes,1.0
zonked,1.0
zone,1.0
zom,1.0
zlo,1.0
zith,1.0
zir,1.0
zip,1.0
aim,1.0
zing,1.0
zinc,1.0
aisle,1.0
zilch,1.0
zig,1.0
alms,1.0
zest,1.0
zeph,1.0
ankh,1.0
zeit,1.0
zed,1.0
anx,1.0
apse,1.0
arched,1.0
arcs,1.0
zap,1.0
zam,1.0
armed,1.0
arms,1.0
yurt,1.0
yule,1.0
yuc,1.0
yt,1.0
arts,1.0
yowl,1.0
youth,1.0
asth,1.0
attn,1.0
auc,1.0
aught,1.0
auk,1.0
auld,1.0
york,1.0
yore,1.0
yon,1.0
yolk,1.0
aunt,1.0
aus,1.0
aux,1.0
awed,1.0
yip,1.0
yin,1.0
yield,1.0
yid,1.0
awk,1.0
yew,1.0
yet,1.0
awl,1.0
yeo,1.0
awn,1.0
ax,1.0
yelp,1.0
aye,1.0
yeast,1.0
yearn,1.0
baas,1.0
yean,1.0
yeah,1.0
bach,1.0
yaws,1.0
yawp,1.0
yawn,1.0
yawl,1.0
backed,1.0
bade,1.0
yarn,1.0
yard,1.0
yap,1.0
baf,1.0
bagh,1.0
yang,1.0
yam,1.0
yak,1.0
yacht,1.0
xy,1.0
bags,1.0
baht,1.0
wy,1.0
wry,1.0
wrung,1.0
wrought,1.0
wrote,1.0
wrong,1.0
bails,1.0
bairn,1.0
writhe,1.0
bait,1.0
baize,1.0
wrist,1.0
balls,1.0
wring,1.0
balm,1.0
wright,1.0
wretch,1.0
bam,1.0
bane,1.0
wrens,1.0
wrench,1.0
bangs,1.0
wreck,1.0
wreathe,1.0
banks,1.0
wreak,1.0
wrath,1.0
wrasse,1.0
wrapped,1.0
banns,1.0
wran,1.0
wraith,1.0
wrack,1.0
bap,1.0
wow,1.0
barbed,1.0
wound,1.0
would,1.0
bard,1.0
barge,1.0
barque,1.0
barred,1.0
bash,1.0
worn,1.0
worms,1.0
batch,1.0
world,1.0
bates,1.0
worked,1.0
bats,1.0
wore,1.0
words,1.0
baud,1.0
worces,1.0
wooz,1.0
wool,1.0
woof,1.0
baux,1.0
bawl,1.0
beach,1.0
wont,1.0
beak,1.0
beam,1.0
bean,1.0
beard,1.0
wolves,1.0
wolfs,1.0
beast,1.0
wold,1.0
beaux,1.0
beck,1.0
woe,1.0
wob,1.0
woad,1.0
wiz,1.0
wives,1.0
beech,1.0
wits,1.0
with,1.0
witch,1.0
beef,1.0
been,1.0
beep,1.0
wisp,1.0
wish,1.0
beers,1.0
bees,1.0
wired,1.0
beeves,1.0
beige,1.0
belch,1.0
belt,1.0
bench,1.0
winged,1.0
bends,1.0
bev,1.0
bez,1.0
bhang,1.0
winch,1.0
wince,1.0
bhu,1.0
wim,1.0
bick,1.0
wilts,1.0
bier,1.0
wills,1.0
willed,1.0
bight,1.0
wile,1.0
bike,1.0
wight,1.0
bile,1.0
wife,1.0
bilge,1.0
wield,1.0
bilk,1.0
width,1.0
binge,1.0
birch,1.0
wick,1.0
wich,1.0
why,1.0
whose,1.0
bird,1.0
whorled,1.0
birth,1.0
whore,1.0
whop,1.0
whoosh,1.0
whoops,1.0
bish,1.0
whom,1.0
bisque,1.0
whole,1.0
whoa,1.0
bitch,1.0
whiz,1.0
whith,1.0
whites,1.0
blab,1.0
black,1.0
blade,1.0
blain,1.0
blamed,1.0
whirl,1.0
blanche,1.0
blare,1.0
blast,1.0
blath,1.0
whine,1.0
whim,1.0
bleach,1.0
whiles,1.0
bleak,1.0
whiff,1.0
which,1.0
whey,1.0
whew,1.0
wheth,1.0
blear,1.0
bleat,1.0
bleed,1.0
whence,1.0
bleep,1.0
whelp,1.0
whelm,1.0
whelk,1.0
blem,1.0
blench,1.0
wheeze,1.0
wheels,1.0
wheeled,1.0
blend,1.0
wheat,1.0
wheal,1.0
what,1.0
wharves,1.0
wharf,1.0
wham,1.0
blent,1.0
whales,1.0
blest,1.0
whack,1.0
blew,1.0
weth,1.0
blight,1.0
blimp,1.0
blinks,1.0
wert,1.0
were,1.0
wept,1.0
went,1.0
wend,1.0
wench,1.0
blintze,1.0
blip,1.0
welsh,1.0
bliss,1.0
blitz,1.0
weld,1.0
bliz,1.0
bloat,1.0
weight,1.0
blob,1.0
weft,1.0
weep,1.0
blocked,1.0
week,1.0
weeds,1.0
bloke,1.0
blonde,1.0
wednes,1.0
blood,1.0
wedged,1.0
bloomed,1.0
bloop,1.0
webbed,1.0
blos,1.0
blotch,1.0
blouse,1.0
blown,1.0
weath,1.0
blows,1.0
blowz,1.0
wean,1.0
wealth,1.0
blub,1.0
weak,1.0
bludg,1.0
bluff,1.0
blunt,1.0
wax,1.0
blurb,1.0
waves,1.0
waved,1.0
blurt,1.0
blush,1.0
watts,1.0
board,1.0
watch,1.0
boast,1.0
boat,1.0
wasp,1.0
wash,1.0
bock,1.0
boiled,1.0
bois,1.0
bold,1.0
warmth,1.0
boll,1.0
wares,1.0
bolt,1.0
bonds,1.0
boned,1.0
wap,1.0
book,1.0
wane,1.0
boom,1.0
boon,1.0
wam,1.0
boor,1.0
waltz,1.0
boost,1.0
walk,1.0
wales,1.0
booth,1.0
bop,1.0
borne,1.0
borscht,1.0
bort,1.0
wait,1.0
waist,1.0
wain,1.0
wail,1.0
waif,1.0
bosh,1.0
bosk,1.0
botch,1.0
waft,1.0
both,1.0
bouf,1.0
wack,1.0
wab,1.0
vy,1.0
vul,1.0
bought,1.0
bouil,1.0
vox,1.0
vow,1.0
vouch,1.0
boules,1.0
bounds,1.0
bourn,1.0
voo,1.0
vom,1.0
bowd,1.0
bowed,1.0
vole,1.0
voile,1.0
void,1.0
bowls,1.0
box,1.0
boy,1.0
vogue,1.0
vod,1.0
brack,1.0
bract,1.0
brad,1.0
vix,1.0
brae,1.0
vive,1.0
brag,1.0
braid,1.0
braille,1.0
vise,1.0
brain,1.0
braise,1.0
brake,1.0
bram,1.0
vim,1.0
branch,1.0
vile,1.0
brash,1.0
view,1.0
brat,1.0
brawl,1.0
brawn,1.0
bray,1.0
breach,1.0
vibes,1.0
breadth,1.0
vexed,1.0
break,1.0
bream,1.0
brec,1.0
bred,1.0
breech,1.0
verve,1.0
versed,1.0
breed,1.0
breeze,1.0
breth,1.0
brew,1.0
brick,1.0
brides,1.0
venge,1.0
briefs,1.0
bright,1.0
veldt,1.0
bril,1.0
vein,1.0
veiled,1.0
brim,1.0
veg,1.0
veer,1.0
veep,1.0
vec,1.0
veal,1.0
brine,1.0
brink,1.0
vaunt,1.0
vault,1.0
britch,1.0
vat,1.0
broach,1.0
vast,1.0
brogue,1.0
broil,1.0
bronze,1.0
vane,1.0
brooch,1.0
brood,1.0
brooks,1.0
valve,1.0
valse,1.0
broom,1.0
broth,1.0
vain,1.0
brought,1.0
bruit,1.0
brunch,1.0
bruns,1.0
ux,1.0
brunt,1.0
brushed,1.0
ush,1.0
used,1.0
brusque,1.0
bucked,1.0
urn,1.0
bugs,1.0
build,1.0
up,1.0
built,1.0
bulge,1.0
bulk,1.0
bump,1.0
bunch,1.0
burgh,1.0
burned,1.0
burns,1.0
burnt,1.0
ugh,1.0
ud,1.0
burp,1.0
burred,1.0
burst,1.0
bushed,1.0
butch,1.0
type,1.0
tym,1.0
tyke,1.0
two,1.0
bux,1.0
twitch,1.0
buy,1.0
twist,1.0
twirl,1.0
twins,1.0
twinned,1.0
twinge,1.0
bwa,1.0
bye,1.0
twill,1.0
twig,1.0
twid,1.0
twice,1.0
twerp,1.0
twen,1.0
twelve,1.0
twelfth,1.0
byte,1.0
byz,1.0
cack,1.0
tweet,1.0
tweed,1.0
tweak,1.0
twang,1.0
twain,1.0
twad,1.0
cae,1.0
tux,1.0
caf,1.0
tusk,1.0
cairns,1.0
cais,1.0
cake,1.0
turf,1.0
tuque,1.0
calf,1.0
tung,1.0
calm,1.0
calves,1.0
tulle,1.0
tug,1.0
tuft,1.0
tues,1.0
canned,1.0
tuck,1.0
tubes,1.0
cans,1.0
caou,1.0
tsu,1.0
tset,1.0
cash,1.0
casque,1.0
tryst,1.0
catch,1.0
caught,1.0
truth,1.0
caulk,1.0
caw,1.0
trussed,1.0
cease,1.0
ceil,1.0
trunks,1.0
celt,1.0
cey,1.0
trumps,1.0
chab,1.0
truf,1.0
chain,1.0
chair,1.0
trudge,1.0
chaise,1.0
truck,1.0
truce,1.0
chalk,1.0
troy,1.0
trow,1.0
trove,1.0
chaps,1.0
trout,1.0
chard,1.0
charged,1.0
charles,1.0
charm,1.0
chauf,1.0
trough,1.0
troth,1.0
chaunt,1.0
trope,1.0
cheap,1.0
troop,1.0
trom,1.0
cheat,1.0
checked,1.0
troi,1.0
trog,1.0
trod,1.0
ched,1.0
cheek,1.0
cheep,1.0
cheers,1.0
tripe,1.0
cheese,1.0
chef,1.0
trine,1.0
chert,1.0
chesh,1.0
chess,1.0
trig,1.0
tried,1.0
trick,1.0
chew,1.0
chey,1.0
tribes,1.0
chick,1.0
chief,1.0
chif,1.0
tress,1.0
chink,1.0
chintz,1.0
trend,1.0
trench,1.0
chip,1.0
trel,1.0
trek,1.0
treed,1.0
chirp,1.0
chis,1.0
chive,1.0
chock,1.0
choir,1.0
treach,1.0
chokes,1.0
tray,1.0
trawl,1.0
chomp,1.0
trau,1.0
trash,1.0
traps,1.0
chon,1.0
chow,1.0
chrism,1.0
trance,1.0
chrome,1.0
chub,1.0
chuck,1.0
chug,1.0
chuk,1.0
traipse,1.0
train,1.0
trail,1.0
chump,1.0
traf,1.0
chunk,1.0
trades,1.0
church,1.0
churl,1.0
churn,1.0
tracks,1.0
chute,1.0
chutz,1.0
cil,1.0
toy,1.0
tox,1.0
cinque,1.0
cirque,1.0
cis,1.0
clab,1.0
tout,1.0
tours,1.0
clack,1.0
tough,1.0
touched,1.0
clad,1.0
claim,1.0
clair,1.0
toss,1.0
clamp,1.0
clang,1.0
clank,1.0
clans,1.0
clap,1.0
claque,1.0
toque,1.0
clar,1.0
clash,1.0
clasp,1.0
toots,1.0
toothed,1.0
clat,1.0
clause,1.0
tool,1.0
took,1.0
claw,1.0
tongues,1.0
tongued,1.0
clay,1.0
tongs,1.0
clear,1.0
tone,1.0
cleat,1.0
tome,1.0
cleft,1.0
clem,1.0
clench,1.0
toll,1.0
told,1.0
clere,1.0
clerk,1.0
clew,1.0
tof,1.0
toed,1.0
click,1.0
cliff,1.0
toc,1.0
toast,1.0
toad,1.0
climb,1.0
tiz,1.0
clime,1.0
clinch,1.0
cling,1.0
clink,1.0
tis,1.0
clipped,1.0
tired,1.0
clit,1.0
tip,1.0
cloak,1.0
tinned,1.0
clob,1.0
tinge,1.0
tine,1.0
clock,1.0
clod,1.0
clog,1.0
clois,1.0
clone,1.0
clop,1.0
tilt,1.0
till,1.0
tiled,1.0
closed,1.0
clothes,1.0
tights,1.0
clouds,1.0
clout,1.0
clown,1.0
cloy,1.0
tied,1.0
club,1.0
cluck,1.0
clue,1.0
tick,1.0
clump,1.0
clung,1.0
thyme,1.0
clus,1.0
thwart,1.0
thwack,1.0
clutch,1.0
thus,1.0
thurs,1.0
thun,1.0
thump,1.0
thumb,1.0
thug,1.0
thud,1.0
coach,1.0
thrust,1.0
thrush,1.0
thrum,1.0
thrown,1.0
coast,1.0
throve,1.0
through,1.0
throt,1.0
throng,1.0
throne,1.0
throm,1.0
throes,1.0
coat,1.0
throb,1.0
throat,1.0
codg,1.0
cof,1.0
thrill,1.0
thrift,1.0
thrice,1.0
threw,1.0
thresh,1.0
thren,1.0
three,1.0
threat,1.0
thread,1.0
thrash,1.0
thrall,1.0
coif,1.0
thought,1.0
coil,1.0
coke,1.0
those,1.0
cold,1.0
thorn,1.0
thong,1.0
colt,1.0
thomp,1.0
conch,1.0
thith,1.0
this,1.0
conk,1.0
thirst,1.0
third,1.0
think,1.0
thing,1.0
thine,1.0
cook,1.0
thim,1.0
thigh,1.0
coon,1.0
coos,1.0
thief,1.0
thick,1.0
they,1.0
coot,1.0
these,1.0
copse,1.0
there,1.0
thence,1.0
cords,1.0
theme,1.0
corked,1.0
theirs,1.0
corned,1.0
theft,1.0
thee,1.0
corpse,1.0
thaw,1.0
cough,1.0
could,1.0
thanks,1.0
coupe,1.0
thane,1.0
coursed,1.0
thal,1.0
thai,1.0
cox,1.0
coy,1.0
crabs,1.0
teu,1.0
cracked,1.0
teth,1.0
tetch,1.0
cracks,1.0
crafts,1.0
crag,1.0
cramped,1.0
crane,1.0
crank,1.0
terp,1.0
craps,1.0
terms,1.0
crash,1.0
crass,1.0
tenth,1.0
crawl,1.0
cray,1.0
crazed,1.0
creak,1.0
cream,1.0
crease,1.0
creche,1.0
creed,1.0
creek,1.0
creel,1.0
tek,1.0
teg,1.0
tef,1.0
teethe,1.0
creeps,1.0
tees,1.0
cren,1.0
crepe,1.0
teem,1.0
crept,1.0
cress,1.0
crest,1.0
tech,1.0
teat,1.0
crew,1.0
crib,1.0
tears,1.0
crick,1.0
team,1.0
teal,1.0
cried,1.0
teach,1.0
crime,1.0
crimp,1.0
tay,1.0
tax,1.0
taws,1.0
cringe,1.0
tav,1.0
crip,1.0
taupe,1.0
taunt,1.0
taught,1.0
crisp,1.0
criss,1.0
croak,1.0
crocked,1.0
crois,1.0
task,1.0
crom,1.0
crone,1.0
crook,1.0
tare,1.0
croon,1.0
taps,1.0
crop,1.0
crossed,1.0
tao,1.0
tanked,1.0
crotch,1.0
crouch,1.0
crowd,1.0
crowned,1.0
crul,1.0
crumbs,1.0
crunch,1.0
crup,1.0
crush,1.0
talk,1.0
crutch,1.0
crux,1.0
crys,1.0
cuck,1.0
taint,1.0
cudg,1.0
cues,1.0
cuffs,1.0
tag,1.0
cull,1.0
cupped,1.0
tad,1.0
curb,1.0
curst,1.0
tack,1.0
cush,1.0
cuss,1.0
sys,1.0
cuts,1.0
syph,1.0
cyg,1.0
cyme,1.0
cyst,1.0
czech,1.0
dab,1.0
sylph,1.0
syd,1.0
syc,1.0
syb,1.0
swung,1.0
swum,1.0
sworn,1.0
swore,1.0
swords,1.0
dachs,1.0
swoop,1.0
swoon,1.0
swol,1.0
swiz,1.0
swiv,1.0
daft,1.0
dag,1.0
switch,1.0
swish,1.0
swirl,1.0
dahl,1.0
swipes,1.0
dain,1.0
dair,1.0
swing,1.0
swine,1.0
swim,1.0
swill,1.0
swig,1.0
swift,1.0
dales,1.0
swerve,1.0
swept,1.0
dame,1.0
swell,1.0
sweet,1.0
damnd,1.0
damned,1.0
damp,1.0
sweat,1.0
swear,1.0
dank,1.0
sway,1.0
swats,1.0
swathe,1.0
dap,1.0
swatch,1.0
dark,1.0
darned,1.0
swash,1.0
swarth,1.0
swarm,1.0
swap,1.0
swans,1.0
swank,1.0
darts,1.0
swamp,1.0
dashed,1.0
swal,1.0
swain,1.0
swage,1.0
dates,1.0
swad,1.0
swab,1.0
daub,1.0
daugh,1.0
daunt,1.0
dawn,1.0
days,1.0
dead,1.0
deaf,1.0
dealt,1.0
dean,1.0
dearth,1.0
surd,1.0
supt,1.0
death,1.0
debs,1.0
sunk,1.0
debt,1.0
decks,1.0
sump,1.0
deed,1.0
deems,1.0
sulk,1.0
deep,1.0
deer,1.0
deft,1.0
sug,1.0
suf,1.0
suede,1.0
deign,1.0
dek,1.0
suds,1.0
delft,1.0
sucks,1.0
dells,1.0
such,1.0
sub,1.0
depth,1.0
suave,1.0
styp,1.0
desk,1.0
style,1.0
styg,1.0
deuce,1.0
dew,1.0
stut,1.0
stur,1.0
stunt,1.0
stunk,1.0
stung,1.0
dex,1.0
dhole,1.0
stump,1.0
stul,1.0
stuffed,1.0
dhow,1.0
dib,1.0
dick,1.0
stuck,1.0
stub,1.0
strych,1.0
dif,1.0
strut,1.0
strung,1.0
strum,1.0
strug,1.0
digs,1.0
struck,1.0
dink,1.0
strove,1.0
strops,1.0
dint,1.0
diph,1.0
dirge,1.0
strong,1.0
stroll,1.0
dirk,1.0
stroke,1.0
strode,1.0
strobe,1.0
dirn,1.0
dirt,1.0
dished,1.0
striped,1.0
disk,1.0
ditch,1.0
dith,1.0
dix,1.0
diz,1.0
dja,1.0
strife,1.0
dob,1.0
dock,1.0
doff,1.0
doge,1.0
strick,1.0
strewn,1.0
dogs,1.0
stretch,1.0
stress,1.0
strep,1.0
dole,1.0
strength,1.0
street,1.0
stream,1.0
streak,1.0
dolt,1.0
strays,1.0
domed,1.0
straw,1.0
done,1.0
strap,1.0
dong,1.0
dooms,1.0
door,1.0
strand,1.0
strait,1.0
strain,1.0
straight,1.0
strag,1.0
dose,1.0
doth,1.0
strad,1.0
doubt,1.0
stow,1.0
stove,1.0
stout,1.0
douche,1.0
storm,1.0
stork,1.0
stores,1.0
dough,1.0
stops,1.0
stopped,1.0
dour,1.0
stoop,1.0
stool,1.0
stooge,1.0
stood,1.0
douse,1.0
stones,1.0
stoned,1.0
dove,1.0
dox,1.0
stomp,1.0
doy,1.0
drab,1.0
drach,1.0
stokes,1.0
drafts,1.0
stodg,1.0
stocks,1.0
drain,1.0
stoat,1.0
drake,1.0
stitch,1.0
stir,1.0
drank,1.0
drapes,1.0
stint,1.0
stink,1.0
dras,1.0
stim,1.0
stilt,1.0
still,1.0
draught,1.0
stig,1.0
stiff,1.0
stick,1.0
drawl,1.0
stewed,1.0
drawn,1.0
steth,1.0
dray,1.0
dread,1.0
dreams,1.0
dreamt,1.0
steppes,1.0
drear,1.0
dregs,1.0
drench,1.0
stench,1.0
stemmed,1.0
drew,1.0
drib,1.0
stein,1.0
steg,1.0
dried,1.0
steers,1.0
drift,1.0
drill,1.0
steels,1.0
drink,1.0
steed,1.0
steam,1.0
stealth,1.0
drip,1.0
steak,1.0
stead,1.0
driz,1.0
stays,1.0
drogue,1.0
drom,1.0
staves,1.0
drone,1.0
staunch,1.0
drool,1.0
droop,1.0
dross,1.0
stash,1.0
drought,1.0
starve,1.0
drown,1.0
starred,1.0
stark,1.0
stare,1.0
starch,1.0
drowse,1.0
staph,1.0
drub,1.0
stank,1.0
stand,1.0
drug,1.0
stance,1.0
drum,1.0
drunk,1.0
drupe,1.0
ducks,1.0
stalked,1.0
dude,1.0
dudg,1.0
duds,1.0
stake,1.0
stairs,1.0
dues,1.0
stain,1.0
staid,1.0
staged,1.0
dug,1.0
dukes,1.0
staffs,1.0
dumb,1.0
dumps,1.0
stacked,1.0
dunce,1.0
dune,1.0
squish,1.0
dunk,1.0
squirt,1.0
squirm,1.0
squire,1.0
squint,1.0
squig,1.0
squid,1.0
squib,1.0
squelch,1.0
dusk,1.0
dust,1.0
dutch,1.0
squeam,1.0
squeal,1.0
squeak,1.0
squawk,1.0
dwarf,1.0
squat,1.0
squash,1.0
dwell,1.0
dwelt,1.0
squan,1.0
dwin,1.0
dyb,1.0
squad,1.0
squab,1.0
spy,1.0
dys,1.0
each,1.0
spurt,1.0
spurred,1.0
spurn,1.0
eared,1.0
spunk,1.0
earth,1.0
spume,1.0
spud,1.0
spry,1.0
sprung,1.0
east,1.0
eats,1.0
sprout,1.0
sprock,1.0
eaves,1.0
sprite,1.0
ebb,1.0
sprint,1.0
eel,1.0
springs,1.0
eft,1.0
spright,1.0
egg,1.0
spree,1.0
spread,1.0
spray,1.0
sprawl,1.0
sprat,1.0
sprang,1.0
sprain,1.0
eighth,1.0
spout,1.0
ein,1.0
spouse,1.0
spot,1.0
eke,1.0
sports,1.0
elf,1.0
spore,1.0
spoor,1.0
spoon,1.0
spool,1.0
spook,1.0
spoof,1.0
elk,1.0
elm,1.0
else,1.0
spokes,1.0
elves,1.0
spoilt,1.0
erst,1.0
etch,1.0
splut,1.0
splurge,1.0
splotch,1.0
splits,1.0
eu,1.0
fag,1.0
fahr,1.0
faille,1.0
faints,1.0
fair,1.0
faith,1.0
spleen,1.0
splay,1.0
splat,1.0
splash,1.0
falls,1.0
famed,1.0
fang,1.0
farce,1.0
spires,1.0
fare,1.0
fash,1.0
fates,1.0
spilt,1.0
spill,1.0
fats,1.0
spike,1.0
spig,1.0
fault,1.0
faus,1.0
spiel,1.0
fawn,1.0
spice,1.0
fay,1.0
sphinx,1.0
sphinc,1.0
faze,1.0
fear,1.0
sphere,1.0
sphag,1.0
feast,1.0
spew,1.0
feath,1.0
feaze,1.0
feck,1.0
spent,1.0
spends,1.0
feed,1.0
spelt,1.0
spell,1.0
speed,1.0
speech,1.0
sped,1.0
feel,1.0
specs,1.0
speck,1.0
feet,1.0
spear,1.0
feigned,1.0
spay,1.0
spawn,1.0
spav,1.0
spathe,1.0
spate,1.0
feints,1.0
feist,1.0
feld,1.0
felt,1.0
femme,1.0
sparks,1.0
fend,1.0
fens,1.0
fere,1.0
spans,1.0
spank,1.0
fern,1.0
spade,1.0
fes,1.0
space,1.0
fetch,1.0
few,1.0
soy,1.0
sox,1.0
sown,1.0
fey,1.0
fez,1.0
fiche,1.0
south,1.0
fick,1.0
souse,1.0
source,1.0
fidg,1.0
soup,1.0
sound,1.0
soul,1.0
sought,1.0
fief,1.0
souf,1.0
sot,1.0
fiend,1.0
fife,1.0
sorp,1.0
fifth,1.0
fight,1.0
filch,1.0
film,1.0
filth,1.0
finch,1.0
soon,1.0
song,1.0
find,1.0
fink,1.0
finned,1.0
fire,1.0
firsts,1.0
firth,1.0
fish,1.0
fitch,1.0
fives,1.0
soil,1.0
sog,1.0
fjord,1.0
flab,1.0
flack,1.0
flail,1.0
sock,1.0
flair,1.0
soar,1.0
soap,1.0
soak,1.0
snug,1.0
flake,1.0
flange,1.0
snuck,1.0
snub,1.0
snow,1.0
snout,1.0
snot,1.0
flank,1.0
snort,1.0
snore,1.0
flaps,1.0
flare,1.0
snoot,1.0
snoop,1.0
snob,1.0
sniv,1.0
snitch,1.0
snips,1.0
flash,1.0
flask,1.0
snig,1.0
flats,1.0
flaunt,1.0
flawed,1.0
flax,1.0
snick,1.0
flay,1.0
sneeze,1.0
sneer,1.0
sneak,1.0
flea,1.0
snaz,1.0
snatch,1.0
fleck,1.0
snarl,1.0
snare,1.0
snap,1.0
fledge,1.0
snake,1.0
snail,1.0
snag,1.0
fleet,1.0
snack,1.0
smuts,1.0
flem,1.0
smug,1.0
flesh,1.0
smudge,1.0
flew,1.0
smoth,1.0
smote,1.0
smor,1.0
smooth,1.0
smooch,1.0
smol,1.0
flexed,1.0
flick,1.0
smog,1.0
smock,1.0
flied,1.0
flight,1.0
smith,1.0
flim,1.0
smirk,1.0
smirch,1.0
flinch,1.0
smile,1.0
smid,1.0
fling,1.0
flint,1.0
smell,1.0
smear,1.0
smat,1.0
smashed,1.0
flip,1.0
smart,1.0
small,1.0
smack,1.0
sly,1.0
slut,1.0
slush,1.0
slurp,1.0
flitch,1.0
slunk,1.0
slung,1.0
slump,1.0
fliv,1.0
floats,1.0
sluice,1.0
slug,1.0
slue,1.0
flock,1.0
sludge,1.0
floe,1.0
slow,1.0
slov,1.0
slough,1.0
slouch,1.0
sloth,1.0
flog,1.0
sloshed,1.0
flood,1.0
slope,1.0
floor,1.0
sloop,1.0
flop,1.0
sloe,1.0
slob,1.0
floss,1.0
sliv,1.0
slith,1.0
flounce,1.0
slip,1.0
slink,1.0
sling,1.0
slime,1.0
flour,1.0
slight,1.0
flout,1.0
flown,1.0
flub,1.0
fluc,1.0
fluff,1.0
slick,1.0
fluke,1.0
slew,1.0
sleuth,1.0
slept,1.0
slen,1.0
sleight,1.0
flume,1.0
sleeve,1.0
sleet,1.0
sleeps,1.0
flung,1.0
sleek,1.0
sledge,1.0
flur,1.0
slea,1.0
flush,1.0
slay,1.0
slaw,1.0
flux,1.0
fly,1.0
slaugh,1.0
slath,1.0
foal,1.0
foam,1.0
slash,1.0
slap,1.0
fob,1.0
slant,1.0
slang,1.0
slam,1.0
fod,1.0
slake,1.0
slain,1.0
slag,1.0
slacks,1.0
foehn,1.0
slab,1.0
sky,1.0
skunk,1.0
skull,1.0
skulk,1.0
skoal,1.0
skiv,1.0
skit,1.0
fogged,1.0
skirt,1.0
skip,1.0
skinned,1.0
foiled,1.0
skimp,1.0
foist,1.0
folk,1.0
skilled,1.0
font,1.0
skiff,1.0
skied,1.0
skid,1.0
food,1.0
skew,1.0
sketch,1.0
skep,1.0
skel,1.0
skein,1.0
skeet,1.0
fools,1.0
fop,1.0
forced,1.0
ford,1.0
sized,1.0
forked,1.0
sixth,1.0
forth,1.0
site,1.0
fortran,1.0
fos,1.0
fought,1.0
fouls,1.0
fourth,1.0
sins,1.0
sink,1.0
fowl,1.0
foxed,1.0
foy,1.0
frail,1.0
frank,1.0
fraud,1.0
fraught,1.0
fray,1.0
fraz,1.0
freak,1.0
silk,1.0
freck,1.0
fred,1.0
sight,1.0
freight,1.0
sift,1.0
french,1.0
sieve,1.0
siege,1.0
fresh,1.0
fret,1.0
sick,1.0
freud,1.0
fric,1.0
shy,1.0
shut,1.0
shush,1.0
shunt,1.0
fried,1.0
shuf,1.0
shud,1.0
shucks,1.0
friend,1.0
shrunk,1.0
shrug,1.0
shrub,1.0
shrove,1.0
shroud,1.0
fries,1.0
frieze,1.0
shrink,1.0
shrine,1.0
shrimp,1.0
fright,1.0
frill,1.0
shrike,1.0
shrift,1.0
shriek,1.0
shrewd,1.0
fringe,1.0
shreve,1.0
shred,1.0
shrap,1.0
shrank,1.0
frip,1.0
shown,1.0
frisk,1.0
frit,1.0
frock,1.0
shout,1.0
frog,1.0
frol,1.0
shot,1.0
from,1.0
frost,1.0
froth,1.0
shorn,1.0
shore,1.0
shop,1.0
shoot,1.0
shook,1.0
frou,1.0
shone,1.0
shoe,1.0
shod,1.0
shock,1.0
shoat,1.0
shoal,1.0
frown,1.0
shiv,1.0
frowz,1.0
shirt,1.0
shirr,1.0
shirk,1.0
shire,1.0
ship,1.0
fruc,1.0
frump,1.0
shim,1.0
frus,1.0
fry,1.0
shift,1.0
shield,1.0
shied,1.0
shib,1.0
shew,1.0
sher,1.0
shep,1.0
fuch,1.0
fudge,1.0
shelves,1.0
fugue,1.0
shelled,1.0
fuh,1.0
shelf,1.0
fumed,1.0
sheik,1.0
sheet,1.0
sheers,1.0
func,1.0
sheep,1.0
sheen,1.0
shed,1.0
sheaves,1.0
funds,1.0
sheathe,1.0
funk,1.0
shears,1.0
sheared,1.0
furred,1.0
sheaf,1.0
furze,1.0
fuss,1.0
shays,1.0
fuze,1.0
fuzz,1.0
shawl,1.0
gadg,1.0
gael,1.0
shat,1.0
gage,1.0
sharp,1.0
shark,1.0
gaines,1.0
shard,1.0
gait,1.0
shaped,1.0
gapes,1.0
shank,1.0
shang,1.0
gash,1.0
shame,1.0
gasp,1.0
gates,1.0
shalt,1.0
gath,1.0
shale,1.0
gaunt,1.0
gauss,1.0
shah,1.0
shag,1.0
shaft,1.0
shades,1.0
gauze,1.0
gawk,1.0
shack,1.0
shab,1.0
sfor,1.0
gay,1.0
sexed,1.0
gear,1.0
sewn,1.0
geese,1.0
gei,1.0
set,1.0
ses,1.0
geld,1.0
gelt,1.0
gents,1.0
george,1.0
serf,1.0
geste,1.0
get,1.0
gew,1.0
gey,1.0
ghast,1.0
sense,1.0
send,1.0
ghats,1.0
semp,1.0
gher,1.0
selves,1.0
selt,1.0
ghet,1.0
self,1.0
ghost,1.0
ghoul,1.0
gid,1.0
seis,1.0
gift,1.0
gills,1.0
gilt,1.0
gimp,1.0
gink,1.0
seethe,1.0
ginned,1.0
seep,1.0
seen,1.0
seem,1.0
seek,1.0
seed,1.0
girl,1.0
girth,1.0
gist,1.0
sedge,1.0
giz,1.0
glade,1.0
glam,1.0
search,1.0
glance,1.0
glans,1.0
sealed,1.0
glare,1.0
glass,1.0
scythe,1.0
glau,1.0
glazed,1.0
scutch,1.0
gleam,1.0
scurf,1.0
scup,1.0
scum,1.0
glean,1.0
glebe,1.0
glee,1.0
glen,1.0
glib,1.0
glint,1.0
scud,1.0
glis,1.0
scrunch,1.0
scrump,1.0
scruff,1.0
scrub,1.0
glit,1.0
scroung,1.0
scrooge,1.0
scroll,1.0
scrof,1.0
scrod,1.0
scrive,1.0
gloam,1.0
gloat,1.0
scrimp,1.0
globe,1.0
glock,1.0
scribe,1.0
screwed,1.0
glooms,1.0
screen,1.0
screed,1.0
screech,1.0
scream,1.0
scrawn,1.0
scrawl,1.0
scratch,1.0
glop,1.0
glot,1.0
scran,1.0
scram,1.0
scrag,1.0
scrab,1.0
glove,1.0
scowl,1.0
glow,1.0
scout,1.0
gloze,1.0
glue,1.0
glum,1.0
scoun,1.0
gnarled,1.0
scotts,1.0
scots,1.0
scotch,1.0
gnash,1.0
scorn,1.0
score,1.0
scorch,1.0
scopes,1.0
gnat,1.0
scoot,1.0
scoop,1.0
scone,1.0
sconce,1.0
scold,1.0
scoff,1.0
scle,1.0
gnawn,1.0
scis,1.0
scin,1.0
scim,1.0
scil,1.0
gneiss,1.0
schwa,1.0
schuss,1.0
gnome,1.0
schoon,1.0
schools,1.0
gnos,1.0
gnu,1.0
schnook,1.0
schnau,1.0
schmo,1.0
schmaltz,1.0
schlock,1.0
goad,1.0
schlepp,1.0
schiz,1.0
goal,1.0
goat,1.0
gob,1.0
schil,1.0
god,1.0
scher,1.0
goes,1.0
gog,1.0
scheel,1.0
sched,1.0
gold,1.0
scep,1.0
golf,1.0
scent,1.0
gong,1.0
goods,1.0
scav,1.0
goof,1.0
scathe,1.0
gook,1.0
scarves,1.0
scarp,1.0
scarf,1.0
scare,1.0
goon,1.0
gorged,1.0
gorse,1.0
goth,1.0
scape,1.0
scant,1.0
gourde,1.0
gout,1.0
govt,1.0
gown,1.0
grab,1.0
scales,1.0
scaled,1.0
grack,1.0
scald,1.0
scaf,1.0
graft,1.0
grained,1.0
say,1.0
sax,1.0
sawn,1.0
grains,1.0
gram,1.0
grange,1.0
grasp,1.0
grass,1.0
grau,1.0
gray,1.0
grease,1.0
great,1.0
satch,1.0
grebe,1.0
greece,1.0
greed,1.0
greet,1.0
grem,1.0
sarge,1.0
grew,1.0
grey,1.0
sans,1.0
sank,1.0
grid,1.0
grief,1.0
grif,1.0
sanc,1.0
grilled,1.0
same,1.0
grime,1.0
grind,1.0
salts,1.0
grits,1.0
griz,1.0
salis,1.0
sales,1.0
groan,1.0
groats,1.0
grog,1.0
groin,1.0
saith,1.0
saint,1.0
sail,1.0
grom,1.0
grooms,1.0
grooved,1.0
grope,1.0
safe,1.0
gross,1.0
sack,1.0
grosz,1.0
ground,1.0
rye,1.0
rwan,1.0
group,1.0
grouts,1.0
groves,1.0
growl,1.0
grown,1.0
rusk,1.0
rush,1.0
growth,1.0
grub,1.0
runt,1.0
rung,1.0
rune,1.0
grudge,1.0
gruff,1.0
grump,1.0
grunt,1.0
rules,1.0
gryph,1.0
guards,1.0
rug,1.0
gudg,1.0
ruffed,1.0
guern,1.0
rue,1.0
guess,1.0
rude,1.0
ruck,1.0
guest,1.0
guf,1.0
guile,1.0
roy,1.0
row,1.0
guilt,1.0
guin,1.0
guise,1.0
gulch,1.0
gulf,1.0
gulp,1.0
roust,1.0
gummed,1.0
gump,1.0
gunk,1.0
gunned,1.0
rough,1.0
rouge,1.0
rote,1.0
gup,1.0
gush,1.0
guts,1.0
guy,1.0
rope,1.0
root,1.0
roost,1.0
room,1.0
rook,1.0
roof,1.0
rood,1.0
romp,1.0
guz,1.0
gym,1.0
role,1.0
gyp,1.0
hack,1.0
roil,1.0
had,1.0
haft,1.0
roent,1.0
hag,1.0
hah,1.0
hail,1.0
rock,1.0
roch,1.0
hair,1.0
haj,1.0
roast,1.0
roar,1.0
roan,1.0
roam,1.0
road,1.0
roach,1.0
hake,1.0
half,1.0
halves,1.0
hang,1.0
ritz,1.0
rite,1.0
hap,1.0
risk,1.0
hark,1.0
harsh,1.0
harts,1.0
hash,1.0
rinse,1.0
rink,1.0
ringed,1.0
hasp,1.0
rind,1.0
rime,1.0
hatch,1.0
haugh,1.0
rill,1.0
rile,1.0
rights,1.0
haul,1.0
haunch,1.0
haunt,1.0
rift,1.0
hawk,1.0
rife,1.0
hdqrs,1.0
health,1.0
ridge,1.0
heap,1.0
heark,1.0
hearse,1.0
rick,1.0
hearth,1.0
rice,1.0
heaves,1.0
heck,1.0
heed,1.0
heeled,1.0
heif,1.0
rhyme,1.0
rhu,1.0
rhom,1.0
height,1.0
heir,1.0
heist,1.0
rhine,1.0
held,1.0
helms,1.0
help,1.0
hemp,1.0
rhap,1.0
hence,1.0
rey,1.0
rex,1.0
hench,1.0
herds,1.0
retch,1.0
hertz,1.0
hes,1.0
het,1.0
heu,1.0
hewn,1.0
hex,1.0
hey,1.0
rent,1.0
hicks,1.0
high,1.0
hilt,1.0
him,1.0
hinge,1.0
hipped,1.0
hire,1.0
hiss,1.0
hitch,1.0
hith,1.0
hives,1.0
reeve,1.0
hoard,1.0
reek,1.0
hoax,1.0
hock,1.0
hodge,1.0
reck,1.0
hogged,1.0
hogs,1.0
hoist,1.0
hold,1.0
hole,1.0
ream,1.0
realm,1.0
hooch,1.0
reach,1.0
hoofed,1.0
hooked,1.0
razz,1.0
raze,1.0
ray,1.0
raw,1.0
hoop,1.0
hoose,1.0
hoots,1.0
raun,1.0
rats,1.0
hooves,1.0
rates,1.0
hore,1.0
ratch,1.0
horned,1.0
hotch,1.0
rasp,1.0
rash,1.0
hound,1.0
hours,1.0
howl,1.0
rape,1.0
hoy,1.0
rant,1.0
hua,1.0
ranged,1.0
huck,1.0
hud,1.0
hued,1.0
huff,1.0
huh,1.0
hulk,1.0
humph,1.0
hums,1.0
hunch,1.0
raked,1.0
hunks,1.0
hunts,1.0
hurl,1.0
raised,1.0
hush,1.0
husk,1.0
hutch,1.0
rail,1.0
raid,1.0
rah,1.0
rags,1.0
rage,1.0
huz,1.0
hys,1.0
raft,1.0
iced,1.0
ick,1.0
ides,1.0
rack,1.0
ifs,1.0
ilk,1.0
ip,1.0
quoth,1.0
irk,1.0
ism,1.0
quon,1.0
quoits,1.0
isth,1.0
quoin,1.0
itch,1.0
jag,1.0
quiz,1.0
quix,1.0
quiv,1.0
quits,1.0
quite,1.0
jail,1.0
quis,1.0
quirt,1.0
quirk,1.0
quire,1.0
quip,1.0
james,1.0
jan,1.0
quince,1.0
quilt,1.0
quill,1.0
quid,1.0
quick,1.0
quiche,1.0
quib,1.0
jar,1.0
jas,1.0
queue,1.0
quet,1.0
jave,1.0
jaws,1.0
jay,1.0
quench,1.0
quell,1.0
queer,1.0
queens,1.0
jazz,1.0
quea,1.0
jeal,1.0
quay,1.0
jeans,1.0
quash,1.0
jeeps,1.0
quartz,1.0
jeer,1.0
quark,1.0
quan,1.0
jef,1.0
qualm,1.0
jen,1.0
quake,1.0
quaint,1.0
quail,1.0
quag,1.0
quaff,1.0
jeop,1.0
jess,1.0
quack,1.0
jest,1.0
pyx,1.0
jew,1.0
jibe,1.0
pyg,1.0
jig,1.0
puz,1.0
jilt,1.0
putsch,1.0
jim,1.0
jinn,1.0
pushed,1.0
jinx,1.0
jit,1.0
jive,1.0
job,1.0
jock,1.0
purr,1.0
jodh,1.0
joe,1.0
jog,1.0
joint,1.0
joist,1.0
punt,1.0
punk,1.0
jolt,1.0
jon,1.0
jor,1.0
josh,1.0
joss,1.0
jot,1.0
joule,1.0
pulse,1.0
jounce,1.0
noose,1.0
jour,1.0
joust,1.0
puke,1.0
jowl,1.0
joy,1.0
jug,1.0
pueb,1.0
jukes,1.0
pudg,1.0
puck,1.0
puce,1.0
jump,1.0
jute,1.0
ptol,1.0
ptar,1.0
jux,1.0
kad,1.0
kai,1.0
pso,1.0
pshaw,1.0
kame,1.0
kan,1.0
karst,1.0
psalms,1.0
kart,1.0
pry,1.0
kath,1.0
kay,1.0
kedge,1.0
keel,1.0
keen,1.0
prox,1.0
prowl,1.0
keep,1.0
keg,1.0
kelp,1.0
proud,1.0
kept,1.0
kerf,1.0
kes,1.0
ketch,1.0
keyed,1.0
proof,1.0
khan,1.0
prong,1.0
prone,1.0
khar,1.0
khe,1.0
kick,1.0
kid,1.0
kiel,1.0
kill,1.0
kiln,1.0
kip,1.0
kirk,1.0
kiss,1.0
kitch,1.0
kith,1.0
kitsch,1.0
prize,1.0
kleen,1.0
prith,1.0
knack,1.0
knap,1.0
knead,1.0
print,1.0
prink,1.0
kneel,1.0
primp,1.0
knell,1.0
knelt,1.0
prig,1.0
priest,1.0
pride,1.0
knew,1.0
prick,1.0
price,1.0
knick,1.0
prey,1.0
prex,1.0
knife,1.0
knight,1.0
knish,1.0
knit,1.0
knives,1.0
knob,1.0
knock,1.0
knoll,1.0
knot,1.0
knout,1.0
knowl,1.0
known,1.0
knox,1.0
knuck,1.0
knurled,1.0
kohl,1.0
kook,1.0
preach,1.0
kow,1.0
kraal,1.0
kraft,1.0
prawn,1.0
kraut,1.0
krem,1.0
prank,1.0
krish,1.0
kro,1.0
pram,1.0
kryp,1.0
kum,1.0
praise,1.0
kwash,1.0
prague,1.0
prae,1.0
prac,1.0
lach,1.0
pox,1.0
pow,1.0
pov,1.0
pout,1.0
pour,1.0
pound,1.0
lack,1.0
pounce,1.0
laid,1.0
lain,1.0
pouched,1.0
laird,1.0
lake,1.0
lal,1.0
lane,1.0
posh,1.0
lank,1.0
lao,1.0
ports,1.0
larch,1.0
pork,1.0
pore,1.0
porch,1.0
lark,1.0
pops,1.0
lashed,1.0
last,1.0
latch,1.0
poor,1.0
lauds,1.0
pools,1.0
laugh,1.0
pooh,1.0
pooch,1.0
launch,1.0
pons,1.0
pone,1.0
lawn,1.0
lax,1.0
lay,1.0
laze,1.0
polled,1.0
leach,1.0
lead,1.0
leafed,1.0
leak,1.0
leant,1.0
leapt,1.0
learnt,1.0
poised,1.0
leash,1.0
least,1.0
point,1.0
poign,1.0
leath,1.0
leaved,1.0
leaves,1.0
leb,1.0
pocked,1.0
lech,1.0
poach,1.0
pneu,1.0
plym,1.0
leech,1.0
leek,1.0
plush,1.0
leer,1.0
lees,1.0
plunk,1.0
left,1.0
leit,1.0
plump,1.0
plume,1.0
lek,1.0
lend,1.0
plug,1.0
pluck,1.0
ploy,1.0
plow,1.0
plov,1.0
plot,1.0
plop,1.0
plod,1.0
length,1.0
plinth,1.0
plight,1.0
lens,1.0
plex,1.0
pleu,1.0
pleth,1.0
lep,1.0
pleis,1.0
lest,1.0
lewd,1.0
lex,1.0
plec,1.0
lick,1.0
plebs,1.0
liech,1.0
pleat,1.0
lied,1.0
lief,1.0
plead,1.0
lieu,1.0
lift,1.0
play,1.0
plau,1.0
lilt,1.0
limbed,1.0
linch,1.0
lines,1.0
plash,1.0
plaque,1.0
linked,1.0
plank,1.0
links,1.0
lipped,1.0
plait,1.0
lisle,1.0
plains,1.0
lisp,1.0
plaid,1.0
lists,1.0
lived,1.0
plack,1.0
liz,1.0
loaf,1.0
piz,1.0
pix,1.0
piv,1.0
pitts,1.0
pith,1.0
pitch,1.0
loam,1.0
loan,1.0
loaves,1.0
lobed,1.0
loch,1.0
lock,1.0
lodged,1.0
loft,1.0
pink,1.0
ping,1.0
pines,1.0
loge,1.0
pinch,1.0
loins,1.0
look,1.0
loom,1.0
loon,1.0
looped,1.0
pills,1.0
loot,1.0
piles,1.0
piled,1.0
lorn,1.0
loss,1.0
lost,1.0
lots,1.0
loud,1.0
pif,1.0
pierre,1.0
loupe,1.0
pierce,1.0
louse,1.0
pied,1.0
lout,1.0
piece,1.0
low,1.0
lox,1.0
pidg,1.0
loy,1.0
loz,1.0
lube,1.0
luck,1.0
luff,1.0
luke,1.0
lull,1.0
lump,1.0
lunch,1.0
lunk,1.0
lurch,1.0
lure,1.0
lurk,1.0
lush,1.0
lux,1.0
phos,1.0
phoo,1.0
lye,1.0
lynch,1.0
phoe,1.0
lynx,1.0
phlox,1.0
lyre,1.0
mael,1.0
maes,1.0
maid,1.0
mailed,1.0
maimed,1.0
maize,1.0
malm,1.0
pher,1.0
pheas,1.0
maned,1.0
manned,1.0
phar,1.0
phan,1.0
march,1.0
marge,1.0
phage,1.0
marks,1.0
pfen,1.0
mash,1.0
pew,1.0
masked,1.0
match,1.0
math,1.0
mats,1.0
maud,1.0
maul,1.0
maun,1.0
perk,1.0
mauve,1.0
mawk,1.0
pep,1.0
max,1.0
maze,1.0
mba,1.0
meads,1.0
meal,1.0
pence,1.0
means,1.0
pem,1.0
meat,1.0
pelt,1.0
pelf,1.0
peign,1.0
peg,1.0
meed,1.0
meek,1.0
peeved,1.0
meer,1.0
peer,1.0
peep,1.0
peen,1.0
peel,1.0
peek,1.0
meet,1.0
meis,1.0
peck,1.0
peb,1.0
peat,1.0
peas,1.0
pears,1.0
pearl,1.0
meld,1.0
peal,1.0
melt,1.0
mewl,1.0
peach,1.0
peace,1.0
mews,1.0
mex,1.0
pay,1.0
pawn,1.0
pawl,1.0
mez,1.0
mice,1.0
mich,1.0
mick,1.0
mien,1.0
pause,1.0
paunch,1.0
miffed,1.0
might,1.0
mike,1.0
patch,1.0
milch,1.0
milk,1.0
milled,1.0
passed,1.0
mind,1.0
mink,1.0
parts,1.0
mint,1.0
parse,1.0
minx,1.0
mire,1.0
mirth,1.0
parch,1.0
mitch,1.0
mitz,1.0
mixed,1.0
miz,1.0
pang,1.0
mne,1.0
moan,1.0
pam,1.0
moat,1.0
mock,1.0
mods,1.0
moil,1.0
pais,1.0
pairs,1.0
moire,1.0
paint,1.0
pains,1.0
pained,1.0
monks,1.0
pail,1.0
paid,1.0
month,1.0
mooch,1.0
pae,1.0
mooned,1.0
moor,1.0
pact,1.0
pack,1.0
pach,1.0
paced,1.0
moose,1.0
pab,1.0
moot,1.0
oys,1.0
ox,1.0
mopes,1.0
own,1.0
owl,1.0
owe,1.0
morgue,1.0
morn,1.0
mosque,1.0
out,1.0
oust,1.0
moss,1.0
most,1.0
ounce,1.0
ought,1.0
ouch,1.0
oua,1.0
moth,1.0
oth,1.0
mould,1.0
mound,1.0
mourn,1.0
orts,1.0
mousse,1.0
mouth,1.0
mown,1.0
much,1.0
muck,1.0
mud,1.0
muen,1.0
oph,1.0
mug,1.0
muk,1.0
ooze,1.0
oomph,1.0
mulch,1.0
mulct,1.0
once,1.0
mumps,1.0
munch,1.0
murk,1.0
old,1.0
mush,1.0
oint,1.0
oink,1.0
oil,1.0
ohm,1.0
muu,1.0
muz,1.0
myrrh,1.0
nag,1.0
oeu,1.0
nail,1.0
nain,1.0
name,1.0
odds,1.0
nape,1.0
naph,1.0
nard,1.0
nash,1.0
oath,1.0
nay,1.0
oars,1.0
oared,1.0
naz,1.0
oaks,1.0
near,1.0
oaf,1.0
neath,1.0
neck,1.0
needs,1.0
neigh,1.0
nuz,1.0
nel,1.0
nem,1.0
nerves,1.0
ness,1.0
neth,1.0
nup,1.0
nun,1.0
neu,1.0
next,1.0
nibs,1.0
niche,1.0
nui,1.0
nick,1.0
niece,1.0
nif,1.0
nil,1.0
nude,1.0
nim,1.0
nine,1.0
noz,1.0
nox,1.0
ninth,1.0
nip,1.0
nir,1.0
nour,1.0
noun,1.0
nouak,1.0
noth,1.0
notes,1.0
nix,1.0
notch,1.0
noc,1.0
nosh,1.0
nose,1.0
node,1.0
nog,1.0
noise,1.0
nook,1.0
nope,1.0
noon,1.0
aard,1.0
ex,0.9972067039106145
in,0.9830827067669173
con,0.9807321772639692
ef,0.9772727272727273
im,0.972972972972973
cir,0.9722222222222222
es,0.971830985915493
syn,0.967741935483871
foot,0.9655172413793104
dis,0.9643916913946587
un,0.9640831758034026
back,0.9615384615384616
nar,0.9583333333333334
cock,0.9583333333333334
cross,0.9565217391304348
ram,0.9545454545454546
news,0.9523809523809523
ig,0.9523809523809523
night,0.9523809523809523
head,0.9523809523809523
house,0.95
air,0.9487179487179487
horse,0.9473684210526315
sex,0.9473684210526315
jack,0.9473684210526315
stock,0.9444444444444444
shin,0.9444444444444444
short,0.9444444444444444
main,0.9444444444444444
show,0.9444444444444444
check,0.9411764705882353
light,0.9411764705882353
big,0.9411764705882353
pick,0.9411764705882353
non,0.9405940594059405
down,0.9393939393939394
bob,0.9375
ul,0.9375
cen,0.9361702127659575
sun,0.9347826086956522
tat,0.9333333333333333
chat,0.9333333333333333
fix,0.9333333333333333
where,0.9333333333333333
green,0.9333333333333333
os,0.9310344827586207
mag,0.9302325581395349
fox,0.9285714285714286
key,0.9285714285714286
rab,0.9285714285714286
north,0.9285714285714286
school,0.9285714285714286
love,0.9285714285714286
chop,0.9285714285714286
flat,0.9259259259259259
hip,0.9230769230769231
round,0.9230769230769231
sleep,0.9230769230769231
mys,0.9230769230769231
block,0.9230769230769231
hay,0.9230769230769231
wom,0.9230769230769231
good,0.9230769230769231
sep,0.9230769230769231
life,0.9230769230769231
ham,0.92
com,0.9180327868852459
tear,0.9166666666666666
fruit,0.9166666666666666
time,0.9166666666666666
sus,0.9166666666666666
work,0.9166666666666666
day,0.9166666666666666
fit,0.9166666666666666
clam,0.9166666666666666
broad,0.9166666666666666
way,0.9166666666666666
il,0.9142857142857143
gar,0.9130434782608695
pop,0.9130434782608695
buck,0.9090909090909091
quad,0.9090909090909091
ice,0.9090909090909091
ring,0.9090909090909091
fed,0.9090909090909091
scrap,0.9090909090909091
cheer,0.9090909090909091
sad,0.9090909090909091
west,0.9090909090909091
word,0.9090909090909091
tooth,0.9090909090909091
cloud,0.9090909090909091
bod,0.9090909090909091
gas,0.9090909090909091
moon,0.9090909090909091
cow,0.9047619047619048
dog,0.9032258064516129
mis,0.9006211180124224
hill,0.9
breath,0.9
draft,0.9
sym,0.9
sib,0.9
wet,0.9
syl,0.9
farm,0.9
rich,0.9
friz,0.9
push,0.9
lone,0.9
cit,0.9
bush,0.9
four,0.9
saw,0.9
wig,0.9
leaf,0.9
right,0.9
skin,0.9
mum,0.9
mid,0.9
ink,0.9
dress,0.9
gem,0.9
neb,0.9
law,0.8947368421052632
tes,0.8947368421052632
turn,0.8947368421052632
home,0.8928571428571429
fore,0.8918918918918919
tram,0.8888888888888888
jet,0.8888888888888888
thy,0.8888888888888888
gov,0.8888888888888888
whip,0.8888888888888888
spring,0.8888888888888888
taw,0.8888888888888888
en,0.8888888888888888
gos,0.8888888888888888
bank,0.8888888888888888
mam,0.8888888888888888
eat,0.8888888888888888
dry,0.8888888888888888
flow,0.8888888888888888
lev,0.8888888888888888
chlo,0.8888888888888888
creep,0.8888888888888888
slop,0.8888888888888888
duck,0.8888888888888888
jaun,0.8888888888888888
fool,0.8888888888888888
wood,0.8888888888888888
doz,0.8888888888888888
nod,0.8888888888888888
chap,0.8823529411764706
per,0.8770053475935828
var,0.875
eight,0.875
chum,0.875
bead,0.875
bay,0.875
weed,0.875
pock,0.875
trem,0.875
sis,0.875
bawd,0.875
pis,0.875
like,0.875
pad,0.875
lord,0.875
pleas,0.875
gib,0.875
frac,0.875
child,0.875
slim,0.875
dump,0.875
eye,0.875
tight,0.875
wire,0.875
drop,0.875
pris,0.875
chem,0.875
jerk,0.875
budg,0.875
mold,0.875
crab,0.875
puff,0.875
whin,0.875
shov,0.875
six,0.875
bind,0.875
case,0.875
suit,0.875
bond,0.875
heav,0.8666666666666667
hon,0.8666666666666667
gun,0.8636363636363636
lyr,0.8571428571428571
balk,0.8571428571428571
boss,0.8571428571428571
sweep,0.8571428571428571
glob,0.8571428571428571
bound,0.8571428571428571
slum,0.8571428571428571
trust,0.8571428571428571
hook,0.8571428571428571
liq,0.8571428571428571
change,0.8571428571428571
craft,0.8571428571428571
sooth,0.8571428571428571
ger,0.8571428571428571
grit,0.8571428571428571
triv,0.8571428571428571
grip,0.8571428571428571
brown,0.8571428571428571
scur,0.8571428571428571
wag,0.8571428571428571
tune,0.8571428571428571
wing,0.8571428571428571
mood,0.8571428571428571
ken,0.8571428571428571
fan,0.8571428571428571
bread,0.8571428571428571
jaw,0.8571428571428571
breast,0.8571428571428571
slav,0.8571428571428571
king,0.8571428571428571
side,0.8571428571428571
odd,0.8571428571428571
shad,0.8571428571428571
dream,0.8571428571428571
gaud,0.8571428571428571
fleec,0.8571428571428571
jel,0.8571428571428571
blind,0.8571428571428571
gloom,0.8571428571428571
meg,0.8571428571428571
graph,0.8571428571428571
hob,0.8571428571428571
gig,0.8571428571428571
flut,0.8571428571428571
an,0.8542274052478134
wind,0.8529411764705882
hand,0.8524590163934426
ver,0.8513513513513513
blue,0.85
mem,0.85
sum,0.85
beau,0.8461538461538461
glad,0.8461538461538461
crack,0.8461538461538461
cham,0.8461538461538461
civ,0.8461538461538461
touch,0.8461538461538461
grim,0.8461538461538461
vil,0.8421052631578947
mod,0.8409090909090909
py,0.84
sul,0.84
cic,0.8333333333333334
flex,0.8333333333333334
stuff,0.8333333333333334
field,0.8333333333333334
quak,0.8333333333333334
sew,0.8333333333333334
zeal,0.8333333333333334
sour,0.8333333333333334
gum,0.8333333333333334
load,0.8333333333333334
loath,0.8333333333333334
nul,0.8333333333333334
suck,0.8333333333333334
az,0.8333333333333334
hare,0.8333333333333334
stip,0.8333333333333334
quar,0.8333333333333334
wrig,0.8333333333333334
gauz,0.8333333333333334
smut,0.8333333333333334
prompt,0.8333333333333334
kib,0.8333333333333334
seg,0.8333333333333334
plas,0.8333333333333334
brief,0.8333333333333334
worm,0.8333333333333334
griev,0.8333333333333334
silt,0.8333333333333334
bridge,0.8333333333333334
flak,0.8333333333333334
lous,0.8333333333333334
spin,0.8333333333333334
gate,0.8333333333333334
deal,0.8333333333333334
prince,0.8333333333333334
tempt,0.8333333333333334
phys,0.8333333333333334
mul,0.8333333333333334
pulp,0.8333333333333334
trag,0.8333333333333334
heft,0.8333333333333334
whet,0.8333333333333334
punch,0.8333333333333334
wheez,0.8333333333333334
kink,0.8333333333333334
waste,0.8333333333333334
first,0.8333333333333334
shape,0.8333333333333334
driv,0.8333333333333334
hope,0.8333333333333334
boot,0.8333333333333334
booz,0.8333333333333334
lem,0.8333333333333334
jab,0.8333333333333334
mix,0.8333333333333334
poul,0.8333333333333334
speak,0.8333333333333334
slack,0.8333333333333334
coun,0.8285714285714286
val,0.825
fer,0.825
rain,0.8235294117647058
trav,0.8235294117647058
pig,0.8235294117647058
stop,0.8181818181818182
snip,0.8181818181818182
bloom,0.8181818181818182
pan,0.8181818181818182
heart,0.8181818181818182
horn,0.8181818181818182
buf,0.8181818181818182
jin,0.8181818181818182
land,0.8181818181818182
bare,0.8181818181818182
base,0.8181818181818182
spic,0.8181818181818182
pli,0.8181818181818182
oc,0.8163265306122449
tor,0.8157894736842105
sur,0.8135593220338984
van,0.8125
his,0.8125
dot,0.8125
some,0.8125
by,0.8125
grad,0.8125
gab,0.8125
hot,0.8125
man,0.8114754098360656
psy,0.8095238095238095
cog,0.8095238095238095
mer,0.8085106382978723
hy,0.8061224489795918
gild,0.8
wart,0.8
try,0.8
string,0.8
shell,0.8
brush,0.8
gnaw,0.8
warn,0.8
fold,0.8
sword,0.8
web,0.8
kins,0.8
tree,0.8
weird,0.8
mad,0.8
droll,0.8
blithe,0.8
swag,0.8
blink,0.8
bless,0.8
brook,0.8
jut,0.8
sculp,0.8
trin,0.8
seal,0.8
rhi,0.8
choos,0.8
may,0.8
rank,0.8
stem,0.8
flap,0.8
flame,0.8
ire,0.8
ware,0.8
ee,0.8
grace,0.8
ooz,0.8
seam,0.8
track,0.8
squal,0.8
daz,0.8
phe,0.8
cyn,0.8
tank,0.8
cryp,0.8
gird,0.8
snuf,0.8
curl,0.8
bid,0.8
muss,0.8
couch,0.8
leap,0.8
bend,0.8
halt,0.8
lint,0.8
lard,0.8
splen,0.8
grape,0.8
mead,0.8
myr,0.8
trot,0.8
lean,0.8
pok,0.8
dear,0.8
young,0.8
ral,0.8
cleav,0.8
shav,0.8
ker,0.8
sem,0.8
lath,0.8
flit,0.8
clev,0.8
fig,0.8
won,0.8
naugh,0.8
sap,0.8
tire,0.8
knav,0.8
oat,0.8
feu,0.8
gain,0.8
stair,0.8
grouch,0.8
screw,0.8
gag,0.8
wrap,0.8
tide,0.8
plumb,0.8
stet,0.8
hoe,0.8
stew,0.8
spiff,0.8
slosh,0.8
throw,0.8
buoy,0.8
smoke,0.8
sell,0.8
cob,0.8
czar,0.8
faint,0.8
hood,0.8
fail,0.8
bail,0.8
muf,0.8
af,0.796875
ten,0.7962962962962963
ter,0.7959183673469388
re,0.7935568704799474
sand,0.7916666666666666
tail,0.7857142857142857
vir,0.7857142857142857
step,0.7857142857142857
can,0.782258064516129
gen,0.78125
ward,0.7777777777777778
tour,0.7777777777777778
juic,0.7777777777777778
cork,0.7777777777777778
bone,0.7777777777777778
soft,0.7777777777777778
trit,0.7777777777777778
bib,0.7777777777777778
um,0.7777777777777778
strip,0.7777777777777778
cool,0.7777777777777778
vis,0.7741935483870968
cov,0.7727272727272727
top,0.7692307692307693
bath,0.7692307692307693
gut,0.7692307692307693
par,0.7674418604651163
stag,0.7647058823529411
ful,0.7647058823529411
rav,0.7619047619047619
as,0.7602040816326531
mon,0.7575757575757576
when,0.75
pranc,0.75
fork,0.75
thiev,0.75
pray,0.75
lode,0.75
coch,0.75
draw,0.75
tib,0.75
slat,0.75
tinc,0.75
lop,0.75
clip,0.75
prag,0.75
john,0.75
tod,0.75
toe,0.75
freez,0.75
hump,0.75
jok,0.75
claus,0.75
lug,0.75
hull,0.75
prej,0.75
towns,0.75
tell,0.75
lung,0.75
fluk,0.75
ranch,0.75
cot,0.75
chrys,0.75
hub,0.75
slid,0.75
lym,0.75
treas,0.75
mack,0.75
mail,0.75
tres,0.75
chid,0.75
pump,0.75
make,0.75
leu,0.75
map,0.75
stay,0.75
share,0.75
sludg,0.75
rau,0.75
trun,0.75
truss,0.75
cay,0.75
float,0.75
hoot,0.75
slur,0.75
firm,0.75
cav,0.75
gam,0.75
states,0.75
state,0.75
jib,0.75
perch,0.75
hog,0.75
twit,0.75
smash,0.75
judge,0.75
bunt,0.75
ply,0.75
cul,0.75
bulb,0.75
duch,0.75
use,0.75
brisk,0.75
bring,0.75
gim,0.75
breez,0.75
flaw,0.75
seer,0.75
vex,0.75
seat,0.75
hick,0.75
volt,0.75
glid,0.75
stage,0.75
bour,0.75
scrip,0.75
dal,0.75
snooz,0.75
wad,0.75
junc,0.75
hew,0.75
dull,0.75
danc,0.75
boil,0.75
weap,0.75
ques,0.75
mop,0.75
dash,0.75
our,0.75
spit,0.75
mow,0.75
heel,0.75
rhyth,0.75
queen,0.75
hedge,0.75
whisk,0.75
lav,0.75
dye,0.75
scab,0.75
grain,0.75
spite,0.75
myth,0.75
graz,0.75
wolf,0.75
deck,0.75
gren,0.75
nan,0.75
spruc,0.75
woods,0.75
neat,0.75
ripe,0.75
edge,0.75
xen,0.75
lash,0.75
nib,0.75
ruth,0.75
struc,0.75
yes,0.75
grov,0.75
guard,0.75
apt,0.75
gust,0.75
spon,0.75
rose,0.75
roist,0.75
stuc,0.75
tread,0.75
ob,0.7475728155339806
ad,0.7475247524752475
cal,0.7472527472527473
pal,0.7464788732394366
cop,0.7435897435897436
au,0.7433628318584071
tan,0.7428571428571429
free,0.7419354838709677
ac,0.7414634146341463
col,0.7404580152671756
bull,0.7391304347826086
grand,0.7391304347826086
trans,0.7375
dip,0.7368421052631579
ves,0.7368421052631579
rag,0.7333333333333333
gon,0.7333333333333333
long,0.7333333333333333
lob,0.7333333333333333
wan,0.7333333333333333
car,0.7321428571428571
but,0.7307692307692307
dan,0.7307692307692307
on,0.7307692307692307
al,0.730593607305936
fur,0.7297297297297297
drag,0.7272727272727273
clean,0.7272727272727273
fog,0.7272727272727273
nom,0.7272727272727273
net,0.7272727272727273
nerv,0.7272727272727273
lust,0.7272727272727273
wheel,0.7272727272727273
bad,0.7272727272727273
hec,0.7272727272727273
dor,0.7272727272727273
salt,0.7272727272727273
sit,0.7272727272727273
crum,0.7272727272727273
crit,0.7272727272727273
span,0.7272727272727273
sim,0.7272727272727273
ech,0.7272727272727273
post,0.725
bar,0.7241379310344828
ar,0.7224669603524229
cin,0.7222222222222222
pes,0.7222222222222222
pon,0.7222222222222222
bag,0.7222222222222222
or,0.7203389830508474
cut,0.72
gris,0.7142857142857143
proph,0.7142857142857143
crin,0.7142857142857143
hard,0.7142857142857143
bub,0.7142857142857143
soph,0.7142857142857143
fad,0.7142857142857143
crust,0.7142857142857143
jad,0.7142857142857143
tem,0.7142857142857143
clum,0.7142857142857143
warm,0.7142857142857143
year,0.7142857142857143
rak,0.7142857142857143
thank,0.7142857142857143
stud,0.7142857142857143
brib,0.7142857142857143
lime,0.7142857142857143
spoil,0.7142857142857143
tel,0.7105263157894737
bow,0.7083333333333334
pub,0.7058823529411765
gad,0.7
sten,0.7
bron,0.7
pip,0.7
palm,0.7
mech,0.7
cod,0.7
wild,0.7
curt,0.7
hen,0.7
strat,0.7
rib,0.7
qual,0.7
scat,0.7
sod,0.7
tar,0.7
mous,0.7
cag,0.7
sen,0.6976744186046512
cy,0.6976744186046512
rum,0.6956521739130435
pen,0.6944444444444444
cor,0.6928571428571428
ped,0.6923076923076923
meas,0.6923076923076923
jol,0.6923076923076923
ash,0.6923076923076923
cos,0.6896551724137931
suc,0.6896551724137931
men,0.6888888888888889
nos,0.6875
tam,0.6875
sham,0.6875
let,0.6875
blow,0.6842105263157895
plat,0.6842105263157895
em,0.6842105263157895
rap,0.6818181818181818
vac,0.6818181818181818
sor,0.68
fac,0.6764705882352942
pet,0.675
mar,0.6744186046511628
pre,0.6734006734006734
mas,0.6724137931034483
rop,0.6666666666666666
split,0.6666666666666666
vine,0.6666666666666666
prun,0.6666666666666666
kep,0.6666666666666666
aid,0.6666666666666666
glar,0.6666666666666666
glimps,0.6666666666666666
gur,0.6666666666666666
fade,0.6666666666666666
splin,0.6666666666666666
khak,0.6666666666666666
pseu,0.6666666666666666
splic,0.6666666666666666
edg,0.6666666666666666
earn,0.6666666666666666
roe,0.6666666666666666
sput,0.6666666666666666
brass,0.6666666666666666
pto,0.6666666666666666
squeez,0.6666666666666666
stack,0.6666666666666666
za,0.6666666666666666
guild,0.6666666666666666
staff,0.6666666666666666
spine,0.6666666666666666
duke,0.6666666666666666
guide,0.6666666666666666
probe,0.6666666666666666
guer,0.6666666666666666
duf,0.6666666666666666
ruf,0.6666666666666666
vice,0.6666666666666666
juice,0.6666666666666666
stale,0.6666666666666666
stam,0.6666666666666666
drudg,0.6666666666666666
riv,0.6666666666666666
feb,0.6666666666666666
bounc,0.6666666666666666
knee,0.6666666666666666
spend,0.6666666666666666
hik,0.6666666666666666
start,0.6666666666666666
feign,0.6666666666666666
nub,0.6666666666666666
your,0.6666666666666666
steel,0.6666666666666666
waiv,0.6666666666666666
spas,0.6666666666666666
grudg,0.6666666666666666
steer,0.6666666666666666
nudg,0.6666666666666666
mince,0.6666666666666666
nug,0.6666666666666666
yel,0.6666666666666666
fenc,0.6666666666666666
grous,0.6666666666666666
dredg,0.6666666666666666
sab,0.6666666666666666
mim,0.6666666666666666
baa,0.6666666666666666
sow,0.6666666666666666
fich,0.6666666666666666
writh,0.6666666666666666
dows,0.6666666666666666
ku,0.6666666666666666
gin,0.6666666666666666
grop,0.6666666666666666
sort,0.6666666666666666
stone,0.6666666666666666
store,0.6666666666666666
sore,0.6666666666666666
fif,0.6666666666666666
straf,0.6666666666666666
bride,0.6666666666666666
lac,0.6666666666666666
dope,0.6666666666666666
stray,0.6666666666666666
strict,0.6666666666666666
dodg,0.6666666666666666
fist,0.6666666666666666
groov,0.6666666666666666
strik,0.6666666666666666
striv,0.6666666666666666
dig,0.6666666666666666
five,0.6666666666666666
lap,0.6666666666666666
veil,0.6666666666666666
laps,0.6666666666666666
nerve,0.6666666666666666
groom,0.6666666666666666
mile,0.6666666666666666
delv,0.6666666666666666
wreath,0.6666666666666666
hint,0.6666666666666666
quat,0.6666666666666666
sure,0.6666666666666666
laun,0.6666666666666666
bris,0.6666666666666666
daw,0.6666666666666666
dav,0.6666666666666666
svelt,0.6666666666666666
dart,0.6666666666666666
rim,0.6666666666666666
learn,0.6666666666666666
lease,0.6666666666666666
nym,0.6666666666666666
path,0.6666666666666666
sein,0.6666666666666666
nav,0.6666666666666666
quin,0.6666666666666666
ledge,0.6666666666666666
taf,0.6666666666666666
smelt,0.6666666666666666
brit,0.6666666666666666
scrib,0.6666666666666666
plung,0.6666666666666666
bronz,0.6666666666666666
cruis,0.6666666666666666
sar,0.6666666666666666
crown,0.6666666666666666
riff,0.6666666666666666
wok,0.6666666666666666
pledg,0.6666666666666666
oed,0.6666666666666666
taste,0.6666666666666666
pave,0.6666666666666666
slog,0.6666666666666666
crock,0.6666666666666666
taut,0.6666666666666666
lid,0.6666666666666666
greas,0.6666666666666666
slice,0.6666666666666666
teak,0.6666666666666666
teeth,0.6666666666666666
sauce,0.6666666666666666
nab,0.6666666666666666
flunk,0.6666666666666666
wist,0.6666666666666666
lil,0.6666666666666666
crap,0.6666666666666666
save,0.6666666666666666
brows,0.6666666666666666
bruis,0.6666666666666666
foe,0.6666666666666666
cowl,0.6666666666666666
well,0.6666666666666666
bore,0.6666666666666666
plain,0.6666666666666666
peak,0.6666666666666666
court,0.6666666666666666
wink,0.6666666666666666
gloss,0.6666666666666666
mesh,0.6666666666666666
wine,0.6666666666666666
lithe,0.6666666666666666
thatch,0.6666666666666666
siz,0.6666666666666666
gee,0.6666666666666666
lla,0.6666666666666666
corps,0.6666666666666666
widg,0.6666666666666666
loin,0.6666666666666666
whoop,0.6666666666666666
foul,0.6666666666666666
scalp,0.6666666666666666
pim,0.6666666666666666
found,0.6666666666666666
roll,0.6666666666666666
singe,0.6666666666666666
loop,0.6666666666666666
blame,0.6666666666666666
hurt,0.6666666666666666
tint,0.6666666666666666
bunk,0.6666666666666666
frame,0.6666666666666666
tith,0.6666666666666666
pike,0.6666666666666666
scamp,0.6666666666666666
reef,0.6666666666666666
tomb,0.6666666666666666
loung,0.6666666666666666
pierc,0.6666666666666666
blar,0.6666666666666666
cleans,0.6666666666666666
pid,0.6666666666666666
mei,0.6666666666666666
mov,0.6666666666666666
shuck,0.6666666666666666
goug,0.6666666666666666
want,0.6666666666666666
cig,0.6666666666666666
shrill,0.6666666666666666
here,0.6666666666666666
rang,0.6666666666666666
scourg,0.6666666666666666
chris,0.6666666666666666
chord,0.6666666666666666
trap,0.6666666666666666
got,0.6666666666666666
choc,0.6666666666666666
how,0.6666666666666666
hov,0.6666666666666666
chiv,0.6666666666666666
move,0.6666666666666666
shil,0.6666666666666666
gauge,0.6666666666666666
goose,0.6666666666666666
buzz,0.6666666666666666
gauche,0.6666666666666666
chest,0.6666666666666666
mean,0.6666666666666666
cadg,0.6666666666666666
mouse,0.6666666666666666
sheer,0.6666666666666666
sheath,0.6666666666666666
cher,0.6666666666666666
tus,0.6666666666666666
glut,0.6666666666666666
goi,0.6666666666666666
trop,0.6666666666666666
cane,0.6666666666666666
hord,0.6666666666666666
trounc,0.6666666666666666
gap,0.6666666666666666
hep,0.6666666666666666
game,0.6666666666666666
blond,0.6666666666666666
gal,0.6666666666666666
cel,0.6666666666666666
mask,0.6666666666666666
lip,0.6666666666666666
ap,0.6648351648351648
de,0.6598272138228942
cam,0.6595744680851063
cer,0.6578947368421053
vol,0.6551724137931034
mel,0.6538461538461539
op,0.6521739130434783
cat,0.6521739130434783
lit,0.6521739130434783
pho,0.6511627906976745
nut,0.65
read,0.65
hem,0.65
spec,0.6486486486486487
ep,0.6470588235294118
at,0.6448598130841121
pros,0.6428571428571429
of,0.6410256410256411
rar,0.6363636363636364
bear,0.6363636363636364
plan,0.6363636363636364
frag,0.6363636363636364
char,0.6363636363636364
hos,0.6363636363636364
hell,0.6363636363636364
mes,0.6333333333333333
mor,0.6323529411764706
chas,0.631578947368421
sev,0.631578947368421
cus,0.631578947368421
gor,0.631578947368421
liv,0.6296296296296297
cap,0.6290322580645161
chron,0.625
pel,0.625
rid,0.625
shake,0.625
sas,0.625
leg,0.625
list,0.625
nau,0.625
tril,0.625
leav,0.625
pom,0.625
hast,0.625
tow,0.625
trim,0.625
park,0.625
nest,0.625
dram,0.625
know,0.625
phal,0.625
hug,0.625
pug,0.625
gly,0.625
reed,0.625
note,0.625
dop,0.625
cas,0.6190476190476191
lim,0.6190476190476191
pro,0.6160990712074303
fem,0.6153846153846154
vin,0.6153846153846154
vig,0.6153846153846154
mur,0.6153846153846154
nov,0.6153846153846154
cred,0.6153846153846154
rut,0.6153846153846154
shak,0.6153846153846154
rip,0.6153846153846154
ir,0.6144578313253012
pas,0.6129032258064516
hur,0.6111111111111112
ster,0.6111111111111112
rhe,0.6111111111111112
bit,0.6111111111111112
bed,0.6111111111111112
ton,0.6071428571428571
bus,0.6052631578947368
sat,0.6046511627906976
am,0.6013513513513513
bale,0.6
malt,0.6
shear,0.6
whale,0.6
eth,0.6
rheu,0.6
fun,0.6
hour,0.6
true,0.6
chev,0.6
blaz,0.6
scarce,0.6
mae,0.6
chit,0.6
chol,0.6
huge,0.6
shun,0.6
cause,0.6
blank,0.6
tol,0.6
toi,0.6
bland,0.6
cath,0.6
coax,0.6
whis,0.6
one,0.6
white,0.6
gan,0.6
pin,0.6
lodge,0.6
blur,0.6
skat,0.6
skill,0.6
cours,0.6
tex,0.6
cram,0.6
grant,0.6
wise,0.6
sled,0.6
grate,0.6
tense,0.6
honk,0.6
cage,0.6
pec,0.6
vague,0.6
tast,0.6
slot,0.6
tap,0.6
croup,0.6
crude,0.6
take,0.6
quit,0.6
sane,0.6
lec,0.6
oak,0.6
cute,0.6
barn,0.6
hate,0.6
darn,0.6
need,0.6
flac,0.6
sud,0.6
dense,0.6
neph,0.6
wres,0.6
styl,0.6
sage,0.6
wak,0.6
deu,0.6
doc,0.6
pur,0.6
fierce,0.6
schis,0.6
stom,0.6
sac,0.6
prat,0.6
ges,0.6
spare,0.6
pup,0.6
awe,0.6
vas,0.6
sparse,0.6
voice,0.6
run,0.6
steep,0.6
pum,0.6
spat,0.6
pret,0.6
star,0.6
spik,0.6
fate,0.6
fas,0.6
kind,0.6
jus,0.6
give,0.6
square,0.6
fak,0.6
ket,0.6
psalm,0.6
vor,0.6
ail,0.6
fab,0.6
pull,0.6
pil,0.6
bur,0.5970149253731343
sin,0.5957446808510638
grat,0.5882352941176471
chro,0.5882352941176471
tur,0.5882352941176471
kil,0.5882352941176471
bal,0.5873015873015873
bran,0.5833333333333334
sam,0.5833333333333334
cum,0.5833333333333334
bak,0.5833333333333334
bom,0.5833333333333334
ed,0.5833333333333334
por,0.5789473684210527
pot,0.5789473684210527
pol,0.5777777777777777
tab,0.5769230769230769
bil,0.5769230769230769
dom,0.5769230769230769
tin,0.5757575757575758
pit,0.5757575757575758
puss,0.5714285714285714
pure,0.5714285714285714
eld,0.5714285714285714
kar,0.5714285714285714
chaf,0.5714285714285714
cler,0.5714285714285714
tog,0.5714285714285714
hav,0.5714285714285714
loos,0.5714285714285714
min,0.5714285714285714
hide,0.5714285714285714
log,0.5714285714285714
moist,0.5714285714285714
false,0.5714285714285714
hop,0.5714285714285714
full,0.5714285714285714
front,0.5714285714285714
numb,0.5714285714285714
trib,0.5714285714285714
judg,0.5714285714285714
squar,0.5714285714285714
dos,0.5714285714285714
date,0.5714285714285714
force,0.5714285714285714
snif,0.5714285714285714
pud,0.5714285714285714
bark,0.5714285714285714
dac,0.5714285714285714
fal,0.5666666666666667
ab,0.5666666666666667
scar,0.5652173913043478
rat,0.5641025641025641
meth,0.5625
cau,0.5625
din,0.56
sol,0.559322033898305
blas,0.5555555555555556
pul,0.5555555555555556
laud,0.5555555555555556
snak,0.5555555555555556
race,0.5555555555555556
heath,0.5555555555555556
sav,0.5555555555555556
plen,0.5555555555555556
nurs,0.5555555555555556
close,0.5555555555555556
bug,0.5555555555555556
ber,0.5555555555555556
drow,0.5555555555555556
tim,0.5555555555555556
writ,0.5555555555555556
vet,0.5555555555555556
eb,0.5555555555555556
harp,0.5555555555555556
rub,0.5555555555555556
dim,0.55
neg,0.55
fet,0.55
flag,0.55
scal,0.55
war,0.5483870967741935
dam,0.5483870967741935
pag,0.5454545454545454
press,0.5454545454545454
rud,0.5454545454545454
tom,0.5454545454545454
om,0.5454545454545454
tum,0.5454545454545454
nois,0.5454545454545454
moun,0.5454545454545454
hid,0.5454545454545454
spar,0.5454545454545454
cup,0.5454545454545454
twin,0.5454545454545454
lin,0.5434782608695652
ben,0.5434782608695652
her,0.5394736842105263
sau,0.5384615384615384
rob,0.5384615384615384
punc,0.5384615384615384
caus,0.5384615384615384
nor,0.5333333333333333
care,0.5333333333333333
wid,0.5333333333333333
plum,0.5333333333333333
chal,0.5333333333333333
sea,0.5306122448979592
lar,0.5294117647058824
aq,0.5294117647058824
chan,0.5294117647058824
jun,0.5294117647058824
mal,0.5272727272727272
phil,0.5263157894736842
mus,0.5254237288135594
sec,0.525
fel,0.5238095238095238
dic,0.5238095238095238
bat,0.5208333333333334
fil,0.5208333333333334
har,0.5208333333333334
bor,0.52
dol,0.52
far,0.5161290322580645
ther,0.5142857142857142
hol,0.5142857142857142
mil,0.5135135135135135
ven,0.5111111111111111
for,0.5097087378640777
loathe,0.5
phrase,0.5
sauer,0.5
moldy,0.5
phras,0.5
saun,0.5
graze,0.5
page,0.5
trade,0.5
grapes,0.5
ridg,0.5
ciao,0.5
ride,0.5
cia,0.5
phren,0.5
riel,0.5
lunge,0.5
vista,0.5
cinch,0.5
ways,0.5
cinc,0.5
vote,0.5
phre,0.5
cite,0.5
pants,0.5
angst,0.5
weave,0.5
chose,0.5
camp,0.5
picked,0.5
pace,0.5
torque,0.5
gour,0.5
scan,0.5
gourd,0.5
brais,0.5
gouge,0.5
scap,0.5
torn,0.5
tore,0.5
gosh,0.5
rhodes,0.5
choose,0.5
vint,0.5
torch,0.5
phlo,0.5
gore,0.5
goos,0.5
mir,0.5
clav,0.5
blous,0.5
scath,0.5
tongue,0.5
weav,0.5
phle,0.5
cleanse,0.5
bong,0.5
gone,0.5
lounge,0.5
clef,0.5
chok,0.5
lot,0.5
scheme,0.5
los,0.5
choic,0.5
schism,0.5
haws,0.5
rhet,0.5
schle,0.5
schol,0.5
lose,0.5
gnom,0.5
greens,0.5
scientif,0.5
sci,0.5
sash,0.5
scope,0.5
clif,0.5
calve,0.5
gnarl,0.5
pile,0.5
tithe,0.5
tun,0.5
herd,0.5
clips,0.5
scourge,0.5
clique,0.5
lords,0.5
lope,0.5
blot,0.5
greg,0.5
choice,0.5
cape,0.5
scrape,0.5
macke,0.5
zil,0.5
tile,0.5
scrim,0.5
loose,0.5
pils,0.5
tif,0.5
tiff,0.5
tier,0.5
scuff,0.5
wed,0.5
turk,0.5
glimpse,0.5
bounce,0.5
wedge,0.5
scuf,0.5
scull,0.5
longs,0.5
lol,0.5
clut,0.5
hic,0.5
more,0.5
viv,0.5
scut,0.5
coarse,0.5
viz,0.5
coars,0.5
grieve,0.5
treat,0.5
grill,0.5
loll,0.5
throe,0.5
pine,0.5
glanc,0.5
grille,0.5
pint,0.5
cocks,0.5
ween,0.5
lodg,0.5
thriv,0.5
phleg,0.5
giv,0.5
hike,0.5
sedg,0.5
ark,0.5
thrive,0.5
girt,0.5
pipe,0.5
hills,0.5
cairn,0.5
seeth,0.5
pique,0.5
yu,0.5
hind,0.5
thom,0.5
lobe,0.5
seign,0.5
seine,0.5
gill,0.5
ain,0.5
cone,0.5
wells,0.5
seize,0.5
welt,0.5
gibe,0.5
seiz,0.5
traips,0.5
cadge,0.5
phlegm,0.5
blus,0.5
ghat,0.5
nudge,0.5
them,0.5
their,0.5
loads,0.5
ask,0.5
yours,0.5
chinch,0.5
hive,0.5
llan,0.5
geor,0.5
cote,0.5
lives,0.5
serve,0.5
that,0.5
lith,0.5
gems,0.5
blintz,0.5
plague,0.5
cous,0.5
gripe,0.5
mote,0.5
reel,0.5
hoarse,0.5
hoars,0.5
minc,0.5
link,0.5
youngs,0.5
tet,0.5
plasm,0.5
limn,0.5
gave,0.5
cramp,0.5
ters,0.5
terse,0.5
hod,0.5
tern,0.5
gaug,0.5
tep,0.5
crat,0.5
yoke,0.5
cache,0.5
craze,0.5
grippe,0.5
cab,0.5
shan,0.5
grist,0.5
breathe,0.5
while,0.5
yoga,0.5
tweez,0.5
hoof,0.5
pair,0.5
gant,0.5
lien,0.5
liege,0.5
teens,0.5
haste,0.5
gale,0.5
galax,0.5
rath,0.5
creole,0.5
teen,0.5
verse,0.5
ted,0.5
rins,0.5
milt,0.5
chimp,0.5
crev,0.5
gaffe,0.5
please,0.5
plebe,0.5
horde,0.5
chig,0.5
maim,0.5
crim,0.5
yen,0.5
shaw,0.5
shay,0.5
moz,0.5
nice,0.5
cring,0.5
verge,0.5
twine,0.5
furl,0.5
whips,0.5
hose,0.5
sheave,0.5
pledge,0.5
tart,0.5
less,0.5
groat,0.5
meant,0.5
fume,0.5
leop,0.5
tribe,0.5
cruise,0.5
lent,0.5
tame,0.5
sake,0.5
fudg,0.5
shelv,0.5
tal,0.5
wall,0.5
plunge,0.5
talc,0.5
wale,0.5
tak,0.5
shine,0.5
froze,0.5
nex,0.5
tails,0.5
cue,0.5
cuff,0.5
shorts,0.5
cui,0.5
watt,0.5
frond,0.5
babel,0.5
should,0.5
shoul,0.5
said,0.5
hart,0.5
newt,0.5
cun,0.5
badge,0.5
friv,0.5
prune,0.5
hue,0.5
badg,0.5
groove,0.5
curd,0.5
cure,0.5
med,0.5
curv,0.5
philol,0.5
shrive,0.5
shriv,0.5
blanch,0.5
syr,0.5
pog,0.5
yank,0.5
xe,0.5
cyl,0.5
blad,0.5
bah,0.5
cym,0.5
siev,0.5
whit,0.5
poise,0.5
freeze,0.5
freer,0.5
freed,0.5
hunk,0.5
dace,0.5
boots,0.5
cards,0.5
nurse,0.5
mule,0.5
daf,0.5
write,0.5
hunt,0.5
frat,0.5
switz,0.5
trip,0.5
france,0.5
grot,0.5
fram,0.5
swipe,0.5
dale,0.5
hun,0.5
biv,0.5
hank,0.5
brace,0.5
grouse,0.5
sweeps,0.5
rains,0.5
bald,0.5
poke,0.5
dance,0.5
troll,0.5
bite,0.5
founda,0.5
hut,0.5
swath,0.5
dare,0.5
sire,0.5
hymn,0.5
swat,0.5
swas,0.5
forte,0.5
grout,0.5
tyrant,0.5
size,0.5
ug,0.5
aide,0.5
nonce,0.5
booze,0.5
pome,0.5
daze,0.5
lave,0.5
trol,0.5
hamp,0.5
skate,0.5
whorl,0.5
peeve,0.5
mange,0.5
pool,0.5
surf,0.5
poop,0.5
boc,0.5
fond,0.5
sung,0.5
voy,0.5
deem,0.5
suite,0.5
chau,0.5
manil,0.5
foil,0.5
skir,0.5
if,0.5
born,0.5
bands,0.5
slak,0.5
pope,0.5
inch,0.5
slate,0.5
dell,0.5
bang,0.5
ruse,0.5
flute,0.5
delve,0.5
nuts,0.5
porce,0.5
vend,0.5
trounce,0.5
dept,0.5
lapse,0.5
sleigh,0.5
rup,0.5
dice,0.5
phase,0.5
did,0.5
slide,0.5
isle,0.5
ump,0.5
diel,0.5
slier,0.5
quor,0.5
sliest,0.5
quoit,0.5
dies,0.5
flounc,0.5
slit,0.5
dike,0.5
bans,0.5
chasm,0.5
dime,0.5
grue,0.5
chase,0.5
its,0.5
halve,0.5
wove,0.5
floc,0.5
stroph,0.5
sluic,0.5
peaked,0.5
strok,0.5
veld,0.5
wilt,0.5
miles,0.5
flir,0.5
flirt,0.5
wake,0.5
musk,0.5
worth,0.5
lam,0.5
smite,0.5
strike,0.5
bode,0.5
jam,0.5
rul,0.5
smok,0.5
jamb,0.5
dodge,0.5
smudg,0.5
mild,0.5
snaf,0.5
fleer,0.5
jape,0.5
fleece,0.5
worst,0.5
fledg,0.5
troupe,0.5
pouch,0.5
doe,0.5
does,0.5
lair,0.5
sneez,0.5
snide,0.5
snid,0.5
strew,0.5
stren,0.5
sniff,0.5
zon,0.5
worse,0.5
queu,0.5
snipe,0.5
flar,0.5
snooze,0.5
bibliog,0.5
troup,0.5
flan,0.5
borsch,0.5
lag,0.5
charge,0.5
quer,0.5
bough,0.5
lade,0.5
pounc,0.5
meph,0.5
mare,0.5
phag,0.5
jeep,0.5
baste,0.5
mobs,0.5
vaude,0.5
paul,0.5
fiz,0.5
fizz,0.5
strafe,0.5
quadrilat,0.5
soi,0.5
douch,0.5
hale,0.5
miff,0.5
ky,0.5
chant,0.5
paus,0.5
kyat,0.5
ston,0.5
dous,0.5
pyre,0.5
solv,0.5
kwa,0.5
vase,0.5
jiff,0.5
marked,0.5
dowse,0.5
kud,0.5
prance,0.5
bey,0.5
prate,0.5
rube,0.5
jif,0.5
soothe,0.5
prayer,0.5
mute,0.5
sting,0.5
midst,0.5
stile,0.5
bete,0.5
guid,0.5
kob,0.5
fier,0.5
knurl,0.5
jiv,0.5
works,0.5
fields,0.5
preen,0.5
sough,0.5
neap,0.5
nones,0.5
purse,0.5
dredge,0.5
berth,0.5
sous,0.5
voiced,0.5
berke,0.5
stel,0.5
mess,0.5
rov,0.5
berg,0.5
waive,0.5
stave,0.5
midg,0.5
trudg,0.5
fete,0.5
dron,0.5
phae,0.5
purge,0.5
johns,0.5
chaff,0.5
chafe,0.5
drudge,0.5
trum,0.5
fence,0.5
stanch,0.5
joke,0.5
cess,0.5
marl,0.5
prism,0.5
dryer,0.5
spasm,0.5
dub,0.5
nave,0.5
feint,0.5
cem,0.5
rouse,0.5
stall,0.5
jounc,0.5
pule,0.5
duct,0.5
puk,0.5
midge,0.5
stalk,0.5
stak,0.5
sperm,0.5
sper,0.5
kite,0.5
kit,0.5
kir,0.5
wage,0.5
faz,0.5
kings,0.5
belle,0.5
dun,0.5
brute,0.5
mite,0.5
dung,0.5
warp,0.5
mitt,0.5
squeeze,0.5
juke,0.5
bot,0.5
squaw,0.5
trunk,0.5
kilt,0.5
june,0.5
squall,0.5
kie,0.5
ease,0.5
carv,0.5
haf,0.5
wipe,0.5
marsh,0.5
wip,0.5
fame,0.5
ced,0.5
falt,0.5
waf,0.5
molt,0.5
tsa,0.5
sprig,0.5
spous,0.5
eis,0.5
womb,0.5
brough,0.5
splice,0.5
kale,0.5
masque,0.5
cask,0.5
beer,0.5
kel,0.5
sponge,0.5
endemic,0.5
wive,0.5
stok,0.5
ode,0.5
bruise,0.5
kash,0.5
browse,0.5
beat,0.5
spoils,0.5
eyed,0.5
pru,0.5
kedg,0.5
woke,0.5
tsar,0.5
met,0.49295774647887325
ag,0.49206349206349204
hal,0.4883720930232558
bon,0.4883720930232558
der,0.4857142857142857
ban,0.4857142857142857
sig,0.48484848484848486
wil,0.48484848484848486
dy,0.4838709677419355
bun,0.48148148148148145
band,0.48
pass,0.48
be,0.47902869757174393
chil,0.47619047619047616
grav,0.47619047619047616
tit,0.47619047619047616
clas,0.47619047619047616
bud,0.47058823529411764
ko,0.47058823529411764
nas,0.47058823529411764
plac,0.47058823529411764
den,0.46875
trou,0.4666666666666667
ser,0.463768115942029
curs,0.46153846153846156
mit,0.46153846153846156
nat,0.46153846153846156
brin,0.46153846153846156
rus,0.46153846153846156
mac,0.4594594594594595
dil,0.4583333333333333
sport,0.45454545454545453
brig,0.45454545454545453
ear,0.45454545454545453
gang,0.45454545454545453
les,0.45454545454545453
priv,0.45454545454545453
ath,0.45454545454545453
brav,0.45454545454545453
burn,0.45454545454545453
gel,0.45454545454545453
ris,0.45454545454545453
sal,0.4520547945205479
rac,0.45161290322580644
spir,0.45
prov,0.4482758620689655
bas,0.4482758620689655
vic,0.4482758620689655
tac,0.4482758620689655
ran,0.4473684210526316
fron,0.4444444444444444
wast,0.4444444444444444
tyr,0.4444444444444444
hus,0.4444444444444444
fic,0.4444444444444444
rout,0.4444444444444444
blam,0.4444444444444444
just,0.4444444444444444
raf,0.4444444444444444
dul,0.4444444444444444
lamp,0.4444444444444444
wave,0.4444444444444444
swin,0.4444444444444444
rare,0.4444444444444444
stran,0.4444444444444444
gul,0.4444444444444444
bass,0.4444444444444444
bog,0.4444444444444444
fran,0.4444444444444444
crow,0.4444444444444444
rho,0.4444444444444444
som,0.44
corn,0.44
gran,0.43902439024390244
tri,0.4380952380952381
hab,0.4375
prod,0.42857142857142855
place,0.42857142857142855
ded,0.42857142857142855
phi,0.42857142857142855
fast,0.42857142857142855
mois,0.42857142857142855
steal,0.42857142857142855
sag,0.42857142857142855
pole,0.42857142857142855
ot,0.42857142857142855
lei,0.42857142857142855
large,0.42857142857142855
fill,0.42857142857142855
pain,0.42857142857142855
tid,0.42857142857142855
lanc,0.42857142857142855
brave,0.42857142857142855
sphe,0.42857142857142855
pic,0.42857142857142855
shal,0.42857142857142855
nev,0.42857142857142855
spher,0.42857142857142855
chaste,0.42857142857142855
cost,0.42857142857142855
wide,0.42857142857142855
mayor,0.42857142857142855
pos,0.42857142857142855
mole,0.42857142857142855
dod,0.42857142857142855
pend,0.42857142857142855
crou,0.42857142857142855
jap,0.42857142857142855
doll,0.42857142857142855
vot,0.42857142857142855
bum,0.42857142857142855
don,0.42857142857142855
fon,0.42857142857142855
pomp,0.42857142857142855
thou,0.42857142857142855
teas,0.42857142857142855
tot,0.42105263157894735
tee,0.42105263157894735
las,0.42105263157894735
sup,0.42105263157894735
zo,0.42105263157894735
eas,0.42105263157894735
rig,0.42105263157894735
dup,0.4166666666666667
cub,0.4166666666666667
thin,0.4166666666666667
pau,0.4166666666666667
grave,0.4166666666666667
clos,0.4166666666666667
bomb,0.4166666666666667
lat,0.41379310344827586
win,0.41333333333333333
fin,0.4126984126984127
mark,0.4117647058823529
line,0.4117647058823529
class,0.4117647058823529
stal,0.4117647058823529
sil,0.41025641025641024
bi,0.41013824884792627
nic,0.4090909090909091
vi,0.40772532188841204
prom,0.4074074074074074
san,0.4067796610169492
des,0.40625
strange,0.4
dit,0.4
pars,0.4
fath,0.4
wrest,0.4
scale,0.4
merg,0.4
hit,0.4
shrew,0.4
scour,0.4
town,0.4
preg,0.4
hedg,0.4
raff,0.4
fall,0.4
glim,0.4
fid,0.4
plant,0.4
wrin,0.4
fierc,0.4
coz,0.4
text,0.4
ces,0.4
shoo,0.4
dish,0.4
oar,0.4
rust,0.4
jade,0.4
rous,0.4
heat,0.4
preb,0.4
beth,0.4
file,0.4
prim,0.4
mine,0.4
hir,0.4
tie,0.4
mount,0.4
rheum,0.4
stun,0.4
blun,0.4
mere,0.4
stol,0.4
quot,0.4
hat,0.4
thir,0.4
nes,0.4
sir,0.4
sip,0.4
cry,0.4
swel,0.4
trace,0.4
ny,0.4
prow,0.4
thor,0.4
chees,0.4
rais,0.4
wade,0.4
charg,0.4
pant,0.4
now,0.4
fuse,0.4
join,0.4
loi,0.4
peev,0.4
dad,0.4
nec,0.4
sob,0.4
wav,0.4
stamp,0.4
bung,0.4
toil,0.4
fren,0.4
pav,0.4
tale,0.4
tamp,0.4
flam,0.4
cai,0.4
strop,0.4
snor,0.4
crumb,0.4
bribe,0.4
boule,0.4
cur,0.39285714285714285
wal,0.39285714285714285
ol,0.391304347826087
cad,0.391304347826087
ze,0.391304347826087
fat,0.3902439024390244
bin,0.3888888888888889
bis,0.3888888888888889
pres,0.3870967741935484
jer,0.38461538461538464
nap,0.38461538461538464
vel,0.38461538461538464
herb,0.38461538461538464
lu,0.384
arch,0.38235294117647056
new,0.38235294117647056
live,0.38095238095238093
nu,0.38
er,0.3787878787878788
stat,0.3783783783783784
craw,0.375
dens,0.375
prel,0.375
prud,0.375
card,0.375
grin,0.375
sop,0.375
nee,0.375
cud,0.375
limp,0.375
prob,0.375
age,0.375
rend,0.375
mend,0.375
glyc,0.375
pert,0.375
my,0.375
chim,0.375
grow,0.375
fum,0.375
leas,0.375
mat,0.375
crav,0.375
cord,0.3684210526315789
lib,0.3684210526315789
come,0.3684210526315789
put,0.3684210526315789
mass,0.3684210526315789
trac,0.3684210526315789
lan,0.36538461538461536
lik,0.36363636363636365
sche,0.36363636363636365
lamb,0.36363636363636365
chanc,0.36363636363636365
ale,0.36363636363636365
wit,0.36363636363636365
soot,0.36363636363636365
clan,0.36363636363636365
gy,0.36363636363636365
rit,0.36363636363636365
mont,0.36363636363636365
tact,0.36363636363636365
off,0.3611111111111111
pref,0.36
hel,0.358974358974359
guar,0.35714285714285715
hoar,0.35714285714285715
hin,0.35714285714285715
vict,0.35714285714285715
harm,0.35714285714285715
will,0.35714285714285715
req,0.35714285714285715
eve,0.35714285714285715
quo,0.35294117647058826
phy,0.35294117647058826
sty,0.35294117647058826
ju,0.35135135135135137
bel,0.3508771929824561
glu,0.35
serv,0.34782608695652173
ec,0.3469387755102041
du,0.3466666666666667
o,0.34532374100719426
cru,0.3448275862068966
arm,0.3448275862068966
bru,0.3448275862068966
pun,0.34375
the,0.3424657534246575
art,0.34210526315789475
del,0.3382352941176471
rise,0.3333333333333333
mun,0.3333333333333333
ome,0.3333333333333333
vamp,0.3333333333333333
slave,0.3333333333333333
bing,0.3333333333333333
piaz,0.3333333333333333
late,0.3333333333333333
wren,0.3333333333333333
lub,0.3333333333333333
lathe,0.3333333333333333
flus,0.3333333333333333
junk,0.3333333333333333
trous,0.3333333333333333
carve,0.3333333333333333
voic,0.3333333333333333
skim,0.3333333333333333
spire,0.3333333333333333
monk,0.3333333333333333
rove,0.3333333333333333
surge,0.3333333333333333
nep,0.3333333333333333
larg,0.3333333333333333
lum,0.3333333333333333
scam,0.3333333333333333
heg,0.3333333333333333
rhym,0.3333333333333333
bowl,0.3333333333333333
route,0.3333333333333333
tope,0.3333333333333333
spruce,0.3333333333333333
suav,0.3333333333333333
trump,0.3333333333333333
wie,0.3333333333333333
svelte,0.3333333333333333
faun,0.3333333333333333
scarc,0.3333333333333333
fau,0.3333333333333333
rule,0.3333333333333333
helm,0.3333333333333333
zeb,0.3333333333333333
grade,0.3333333333333333
tuc,0.3333333333333333
hearts,0.3333333333333333
bei,0.3333333333333333
dho,0.3333333333333333
league,0.3333333333333333
hym,0.3333333333333333
mav,0.3333333333333333
bik,0.3333333333333333
maw,0.3333333333333333
fount,0.3333333333333333
foun,0.3333333333333333
alias,0.3333333333333333
swed,0.3333333333333333
quote,0.3333333333333333
raise,0.3333333333333333
scene,0.3333333333333333
chut,0.3333333333333333
cleave,0.3333333333333333
floun,0.3333333333333333
bos,0.3333333333333333
pigs,0.3333333333333333
sce,0.3333333333333333
lands,0.3333333333333333
flot,0.3333333333333333
swip,0.3333333333333333
mom,0.3333333333333333
robe,0.3333333333333333
rake,0.3333333333333333
dill,0.3333333333333333
grun,0.3333333333333333
sill,0.3333333333333333
ros,0.3333333333333333
schem,0.3333333333333333
rogue,0.3333333333333333
flor,0.3333333333333333
heal,0.3333333333333333
pik,0.3333333333333333
dine,0.3333333333333333
schist,0.3333333333333333
cyp,0.3333333333333333
scot,0.3333333333333333
heads,0.3333333333333333
graves,0.3333333333333333
trait,0.3333333333333333
nymph,0.3333333333333333
vam,0.3333333333333333
buss,0.3333333333333333
yan,0.3333333333333333
strive,0.3333333333333333
stripe,0.3333333333333333
bide,0.3333333333333333
beet,0.3333333333333333
cusp,0.3333333333333333
shril,0.3333333333333333
tink,0.3333333333333333
curve,0.3333333333333333
hers,0.3333333333333333
wir,0.3333333333333333
lute,0.3333333333333333
frig,0.3333333333333333
ledg,0.3333333333333333
glos,0.3333333333333333
blues,0.3333333333333333
jal,0.3333333333333333
duff,0.3333333333333333
taff,0.3333333333333333
smil,0.3333333333333333
rere,0.3333333333333333
bab,0.3333333333333333
cede,0.3333333333333333
cak,0.3333333333333333
wins,0.3333333333333333
fake,0.3333333333333333
smit,0.3333333333333333
script,0.3333333333333333
ak,0.3333333333333333
chops,0.3333333333333333
babe,0.3333333333333333
fled,0.3333333333333333
manse,0.3333333333333333
cube,0.3333333333333333
ceas,0.3333333333333333
hove,0.3333333333333333
brou,0.3333333333333333
ek,0.3333333333333333
tub,0.3333333333333333
haze,0.3333333333333333
glide,0.3333333333333333
oft,0.3333333333333333
doi,0.3333333333333333
mills,0.3333333333333333
shill,0.3333333333333333
kal,0.3333333333333333
kam,0.3333333333333333
fud,0.3333333333333333
blanc,0.3333333333333333
flau,0.3333333333333333
priz,0.3333333333333333
shelve,0.3333333333333333
splint,0.3333333333333333
crud,0.3333333333333333
hays,0.3333333333333333
choke,0.3333333333333333
bau,0.3333333333333333
leon,0.3333333333333333
wedg,0.3333333333333333
mew,0.3333333333333333
pseud,0.3333333333333333
shei,0.3333333333333333
spoke,0.3333333333333333
doom,0.3333333333333333
glaz,0.3333333333333333
matte,0.3333333333333333
tape,0.3333333333333333
buz,0.3333333333333333
tarn,0.3333333333333333
tarp,0.3333333333333333
bole,0.3333333333333333
glaze,0.3333333333333333
sov,0.3333333333333333
glan,0.3333333333333333
spars,0.3333333333333333
hie,0.3333333333333333
hor,0.3333333333333333
knave,0.3333333333333333
bent,0.3333333333333333
gland,0.3333333333333333
vid,0.3333333333333333
ache,0.3333333333333333
dote,0.3333333333333333
fus,0.3333333333333333
fixed,0.3333333333333333
trite,0.3333333333333333
winc,0.3333333333333333
shave,0.3333333333333333
gaff,0.3333333333333333
tease,0.3333333333333333
ming,0.3333333333333333
made,0.3333333333333333
gaf,0.3333333333333333
coin,0.3333333333333333
cave,0.3333333333333333
hops,0.3333333333333333
verg,0.3333333333333333
kap,0.3333333333333333
nich,0.3333333333333333
broads,0.3333333333333333
psal,0.3333333333333333
vest,0.3333333333333333
ril,0.3333333333333333
cole,0.3333333333333333
gape,0.3333333333333333
blaze,0.3333333333333333
whil,0.3333333333333333
lights,0.3333333333333333
weir,0.3333333333333333
salve,0.3333333333333333
bulg,0.3333333333333333
prais,0.3333333333333333
drov,0.3333333333333333
hing,0.3333333333333333
plate,0.3333333333333333
face,0.3333333333333333
fine,0.3333333333333333
chine,0.3333333333333333
drove,0.3333333333333333
finance,0.3333333333333333
stole,0.3333333333333333
pir,0.3333333333333333
coop,0.3333333333333333
thieve,0.3333333333333333
merge,0.3333333333333333
stoke,0.3333333333333333
drops,0.3333333333333333
cope,0.3333333333333333
whal,0.3333333333333333
shade,0.3333333333333333
ascetic,0.3333333333333333
has,0.3333333333333333
then,0.3333333333333333
drap,0.3333333333333333
mott,0.3333333333333333
urge,0.3333333333333333
salm,0.3333333333333333
core,0.3333333333333333
paw,0.3333333333333333
zin,0.3333333333333333
gaz,0.3333333333333333
tweeze,0.3333333333333333
philos,0.3333333333333333
stern,0.3333333333333333
boul,0.3333333333333333
cac,0.3333333333333333
steppe,0.3333333333333333
plaint,0.3333333333333333
ours,0.3333333333333333
fide,0.3333333333333333
mak,0.3333333333333333
caste,0.3333333333333333
chide,0.3333333333333333
lis,0.3333333333333333
hiv,0.3333333333333333
ashe,0.3333333333333333
ew,0.3333333333333333
wel,0.3333333333333333
purg,0.3333333333333333
stav,0.3333333333333333
knif,0.3333333333333333
trice,0.3333333333333333
range,0.3333333333333333
reev,0.3333333333333333
serge,0.3333333333333333
ewe,0.3333333333333333
nia,0.3333333333333333
flu,0.3269230769230769
cre,0.32558139534883723
port,0.3235294117647059
ur,0.3235294117647059
typ,0.32142857142857145
prop,0.3181818181818182
ren,0.3181818181818182
el,0.31666666666666665
reg,0.31645569620253167
tai,0.3157894736842105
gua,0.3157894736842105
bell,0.3157894736842105
prem,0.3157894736842105
yo,0.3142857142857143
sing,0.3125
lad,0.3125
lus,0.3125
stin,0.3125
ut,0.3125
fib,0.3125
ei,0.3125
ka,0.3125
pat,0.3108108108108108
vo,0.30952380952380953
ty,0.30952380952380953
brow,0.3076923076923077
vit,0.3076923076923077
pac,0.3076923076923077
nur,0.3076923076923077
lee,0.3076923076923077
blan,0.3076923076923077
chic,0.3076923076923077
aug,0.3076923076923077
fam,0.3076923076923077
hom,0.3076923076923077
dar,0.3076923076923077
cli,0.30612244897959184
tran,0.3023255813953488
pent,0.3
none,0.3
cloth,0.3
tau,0.3
brut,0.3
chill,0.3
haw,0.3
pus,0.3
poin,0.3
laz,0.3
hall,0.3
host,0.3
is,0.2978723404255319
bee,0.2962962962962963
boun,0.29411764705882354
tas,0.29411764705882354
prog,0.29411764705882354
mill,0.2903225806451613
pri,0.28735632183908044
spur,0.2857142857142857
limb,0.2857142857142857
busi,0.2857142857142857
tang,0.2857142857142857
grum,0.2857142857142857
bridg,0.2857142857142857
male,0.2857142857142857
earl,0.2857142857142857
wear,0.2857142857142857
whir,0.2857142857142857
bust,0.2857142857142857
nai,0.2857142857142857
dow,0.2857142857142857
cret,0.2857142857142857
mob,0.2857142857142857
joc,0.2857142857142857
aph,0.2857142857142857
rog,0.2857142857142857
nud,0.2857142857142857
ging,0.2857142857142857
rand,0.2857142857142857
spu,0.2857142857142857
prin,0.2857142857142857
rol,0.2857142857142857
stum,0.2857142857142857
drape,0.2857142857142857
sed,0.28
trea,0.2777777777777778
lov,0.2777777777777778
cart,0.2777777777777778
wis,0.2777777777777778
bill,0.2777777777777778
kin,0.2765957446808511
na,0.2765957446808511
prof,0.27586206896551724
fu,0.27439024390243905
di,0.27405247813411077
cour,0.2727272727272727
christ,0.2727272727272727
truc,0.2727272727272727
haz,0.2727272727272727
mau,0.2727272727272727
braz,0.2727272727272727
poi,0.2727272727272727
dat,0.2727272727272727
dur,0.2727272727272727
plu,0.2727272727272727
ding,0.2727272727272727
nin,0.2727272727272727
tens,0.2727272727272727
bol,0.2692307692307692
fol,0.2692307692307692
hum,0.26785714285714285
ras,0.26666666666666666
eq,0.26666666666666666
dai,0.26666666666666666
dou,0.2647058823529412
son,0.2631578947368421
bul,0.2631578947368421
pred,0.2608695652173913
past,0.25806451612903225
ge,0.2578616352201258
va,0.25766871165644173
pren,0.25
leagu,0.25
ate,0.25
gull,0.25
lou,0.25
since,0.25
bake,0.25
proj,0.25
num,0.25
sigh,0.25
blou,0.25
gorge,0.25
cleve,0.25
dau,0.25
chart,0.25
ape,0.25
tops,0.25
pond,0.25
scor,0.25
fres,0.25
foots,0.25
anon,0.25
titan,0.25
rhythm,0.25
whor,0.25
whist,0.25
tote,0.25
muff,0.25
zen,0.25
lore,0.25
wea,0.25
brand,0.25
scow,0.25
foi,0.25
frigid,0.25
nei,0.25
rump,0.25
flun,0.25
sphin,0.25
led,0.25
correl,0.25
ecol,0.25
intrans,0.25
fring,0.25
muse,0.25
pose,0.25
champ,0.25
flue,0.25
phra,0.25
tract,0.25
marque,0.25
kis,0.25
grap,0.25
sprink,0.25
bout,0.25
bras,0.25
rapt,0.25
ok,0.25
jum,0.25
chry,0.25
clove,0.25
sauc,0.25
lame,0.25
scro,0.25
tramp,0.25
rode,0.25
plus,0.25
photog,0.25
coul,0.25
typo,0.25
strid,0.25
chang,0.25
chore,0.25
barg,0.25
stride,0.25
guns,0.25
lymph,0.25
tally,0.25
bart,0.25
sate,0.25
stric,0.25
quest,0.25
psyche,0.25
domes,0.25
strang,0.25
orb,0.25
fund,0.25
have,0.25
pled,0.25
gus,0.25
squee,0.25
pleb,0.25
lace,0.25
flags,0.25
fis,0.25
rate,0.25
solve,0.25
code,0.25
bate,0.25
trep,0.25
tea,0.25
though,0.25
prai,0.25
peon,0.25
lig,0.25
pesk,0.25
putt,0.25
reap,0.25
mort,0.25
caul,0.25
urg,0.25
purs,0.25
sale,0.25
tent,0.25
bathe,0.25
blis,0.25
reign,0.25
shall,0.25
damn,0.25
dupe,0.25
ches,0.25
squir,0.25
yok,0.25
purl,0.25
crate,0.25
rec,0.25
red,0.25
gav,0.25
starv,0.25
rois,0.25
gros,0.25
drows,0.25
bobs,0.25
course,0.25
mane,0.25
stan,0.25
spark,0.25
stac,0.25
fen,0.25
mutt,0.25
fell,0.25
naut,0.25
fee,0.25
dud,0.25
halv,0.25
tinct,0.25
rev,0.24719101123595505
dem,0.24615384615384617
dev,0.24528301886792453
hu,0.24358974358974358
cho,0.24193548387096775
mol,0.2413793103448276
count,0.24
cast,0.23809523809523808
av,0.23636363636363636
scru,0.23529411764705882
cran,0.23529411764705882
mu,0.23195876288659795
se,0.23162583518930957
ni,0.23148148148148148
carp,0.23076923076923078
len,0.23076923076923078
dec,0.23076923076923078
cult,0.23076923076923078
bast,0.23076923076923078
id,0.22916666666666666
it,0.22727272727272727
a,0.22712680577849118
chi,0.2268041237113402
tu,0.22627737226277372
pea,0.22580645161290322
yar,0.2222222222222222
saf,0.2222222222222222
cres,0.2222222222222222
emp,0.2222222222222222
scul,0.2222222222222222
slic,0.2222222222222222
ruff,0.2222222222222222
scen,0.2222222222222222
grac,0.2222222222222222
gil,0.2222222222222222
coup,0.2222222222222222
til,0.2222222222222222
weigh,0.2222222222222222
lur,0.2222222222222222
so,0.22183098591549297
stu,0.21875
hyp,0.21875
ev,0.21839080459770116
wor,0.21739130434782608
hors,0.21739130434782608
end,0.21621621621621623
e,0.21585365853658536
ra,0.21574344023323616
rear,0.21428571428571427
sprin,0.21428571428571427
fals,0.21428571428571427
vap,0.21428571428571427
clot,0.21428571428571427
me,0.21293800539083557
glo,0.2127659574468085
rot,0.21052631578947367
prep,0.21052631578947367
dire,0.21052631578947367
chor,0.21052631578947367
ce,0.20863309352517986
lau,0.20833333333333334
res,0.20786516853932585
cou,0.2073170731707317
ne,0.20689655172413793
la,0.20634920634920634
mo,0.2042755344418052
li,0.20414201183431951
symp,0.2
moll,0.2
rod,0.2
prime,0.2
chance,0.2
guil,0.2
bucks,0.2
pha,0.2
trill,0.2
mains,0.2
drol,0.2
chime,0.2
beg,0.2
spong,0.2
sass,0.2
phone,0.2
oe,0.2
brak,0.2
weal,0.2
phyl,0.2
hei,0.2
nou,0.2
eyes,0.2
piec,0.2
sculpt,0.2
pier,0.2
prelim,0.2
pu,0.2
sear,0.2
glac,0.2
clin,0.2
braze,0.2
pimp,0.2
jul,0.2
mope,0.2
pest,0.2
doze,0.2
colloq,0.2
spif,0.2
dov,0.2
nights,0.2
blith,0.2
thes,0.2
garb,0.2
fea,0.2
mime,0.2
cach,0.2
crave,0.2
gall,0.2
wand,0.2
gains,0.2
yell,0.2
blat,0.2
tec,0.2
naught,0.2
brev,0.2
leth,0.2
sine,0.2
feud,0.2
tall,0.2
pale,0.2
crypt,0.2
plun,0.2
forc,0.2
skil,0.2
kha,0.2
paste,0.2
cza,0.2
fluor,0.2
daff,0.2
jac,0.2
strin,0.2
burr,0.2
jai,0.2
das,0.2
sut,0.2
snuff,0.2
sof,0.2
sue,0.2
broke,0.2
jes,0.2
sold,0.2
finn,0.2
lance,0.2
gla,0.2
sa,0.1978021978021978
ru,0.19310344827586207
tho,0.19230769230769232
lab,0.19230769230769232
pap,0.19230769230769232
lon,0.19230769230769232
cu,0.19138755980861244
po,0.1905940594059406
ball,0.19047619047619047
add,0.19047619047619047
us,0.19047619047619047
part,0.1891891891891892
bet,0.1875
ro,0.1875
lor,0.1875
vag,0.1875
pie,0.1875
lic,0.1875
mos,0.1875
chin,0.1875
die,0.1875
ma,0.18740399385560677
ve,0.18617021276595744
who,0.18518518518518517
bou,0.18421052631578946
noi,0.18181818181818182
fa,0.18181818181818182
tube,0.18181818181818182
cell,0.18181818181818182
rel,0.18181818181818182
buff,0.18181818181818182
sole,0.18181818181818182
stri,0.18181818181818182
ly,0.18181818181818182
drive,0.18181818181818182
ach,0.18181818181818182
err,0.18181818181818182
prev,0.18181818181818182
si,0.18007662835249041
bes,0.18
han,0.17857142857142858
hoo,0.17857142857142858
nig,0.17857142857142858
cra,0.1782178217821782
call,0.17647058823529413
doo,0.17647058823529413
dum,0.17647058823529413
bro,0.175
ret,0.17391304347826086
pa,0.17247386759581881
proc,0.1724137931034483
form,0.1724137931034483
mut,0.1724137931034483
pi,0.17073170731707318
no,0.17045454545454544
sta,0.16853932584269662
ca,0.16728624535315986
bask,0.16666666666666666
pear,0.16666666666666666
broc,0.16666666666666666
prude,0.16666666666666666
chast,0.16666666666666666
boar,0.16666666666666666
ruin,0.16666666666666666
mace,0.16666666666666666
beds,0.16666666666666666
stron,0.16666666666666666
surg,0.16666666666666666
jaunt,0.16666666666666666
snar,0.16666666666666666
quint,0.16666666666666666
swam,0.16666666666666666
budge,0.16666666666666666
swan,0.16666666666666666
jacks,0.16666666666666666
brac,0.16666666666666666
lear,0.16666666666666666
leave,0.16666666666666666
pod,0.16666666666666666
prose,0.16666666666666666
curse,0.16666666666666666
airs,0.16666666666666666
carte,0.16666666666666666
leo,0.16666666666666666
sang,0.16666666666666666
fuel,0.16666666666666666
hosp,0.16666666666666666
verb,0.16666666666666666
dome,0.16666666666666666
breve,0.16666666666666666
mish,0.16666666666666666
null,0.16666666666666666
edit,0.16666666666666666
ore,0.16666666666666666
fain,0.16666666666666666
raz,0.16666666666666666
bles,0.16666666666666666
dorm,0.16666666666666666
youn,0.16666666666666666
piqu,0.16666666666666666
heave,0.16666666666666666
promp,0.16666666666666666
nam,0.16666666666666666
and,0.16666666666666666
stee,0.16666666666666666
coal,0.16666666666666666
are,0.16666666666666666
clothe,0.16666666666666666
spun,0.16666666666666666
hef,0.16666666666666666
peo,0.16666666666666666
gorg,0.16666666666666666
tong,0.16666666666666666
stab,0.16666666666666666
hemo,0.16666666666666666
zea,0.16666666666666666
goo,0.16666666666666666
univ,0.16666666666666666
poult,0.16666666666666666
ri,0.1625
rep,0.1619718309859155
lo,0.1618705035971223
tou,0.16129032258064516
mist,0.16
fi,0.15878378378378377
comb,0.15789473684210525
flo,0.15625
qui,0.15625
mea,0.15555555555555556
deb,0.15384615384615385
fru,0.15384615384615385
trai,0.15384615384615385
burg,0.15384615384615385
spor,0.15384615384615385
germ,0.15384615384615385
rest,0.15217391304347827
stro,0.15
spi,0.15
le,0.149812734082397
spe,0.14814814814814814
rem,0.14666666666666667
pla,0.14655172413793102
mi,0.1463963963963964
ti,0.14634146341463414
fe,0.14507772020725387
noo,0.14285714285714285
conserva,0.14285714285714285
phon,0.14285714285714285
duc,0.14285714285714285
dra,0.14285714285714285
shap,0.14285714285714285
ell,0.14285714285714285
yod,0.14285714285714285
breas,0.14285714285714285
erg,0.14285714285714285
mall,0.14285714285714285
brid,0.14285714285714285
fact,0.14285714285714285
zoo,0.14285714285714285
wol,0.14285714285714285
vale,0.14285714285714285
tir,0.14285714285714285
meteor,0.14285714285714285
shir,0.14285714285714285
sple,0.14285714285714285
lass,0.14285714285714285
psych,0.14285714285714285
ib,0.14285714285714285
whol,0.14285714285714285
puls,0.14285714285714285
shove,0.14285714285714285
mens,0.14285714285714285
jos,0.14285714285714285
pall,0.14285714285714285
moc,0.14285714285714285
pois,0.14285714285714285
oo,0.14285714285714285
poet,0.14285714285714285
jell,0.14285714285714285
hear,0.14285714285714285
crus,0.14285714285714285
thru,0.14285714285714285
petrol,0.14285714285714285
hul,0.14285714285714285
orch,0.14285714285714285
instr,0.14285714285714285
calv,0.14285714285714285
spen,0.14285714285714285
dep,0.14102564102564102
fri,0.14035087719298245
rou,0.13953488372093023
fla,0.13934426229508196
aw,0.13793103448275862
fort,0.13636363636363635
pe,0.13566739606126915
hi,0.13533834586466165
not,0.13513513513513514
det,0.1346153846153846
tru,0.1346153846153846
sei,0.13333333333333333
hau,0.13333333333333333
cere,0.13333333333333333
gai,0.13333333333333333
sic,0.13333333333333333
toot,0.13333333333333333
gui,0.13333333333333333
ple,0.13157894736842105
hous,0.13043478260869565
fra,0.12962962962962962
div,0.12903225806451613
coc,0.1282051282051282
coo,0.1282051282051282
cri,0.1276595744680851
tre,0.12727272727272726
bra,0.1262135922330097
to,0.12549019607843137
gyr,0.125
gaze,0.125
forge,0.125
voc,0.125
stere,0.125
lut,0.125
mise,0.125
wher,0.125
slan,0.125
downs,0.125
educa,0.125
flee,0.125
beaut,0.125
lice,0.125
vau,0.125
maj,0.125
alum,0.125
rai,0.125
pill,0.125
fuz,0.125
mans,0.125
grove,0.125
brus,0.125
franc,0.125
see,0.125
wee,0.125
craz,0.125
puf,0.125
sid,0.125
yaw,0.125
croc,0.125
plane,0.125
sign,0.125
unit,0.125
ramp,0.125
nit,0.125
swit,0.125
sync,0.125
alp,0.125
rhy,0.125
metal,0.125
cro,0.1232876712328767
bac,0.12307692307692308
jo,0.12244897959183673
su,0.12219959266802444
wa,0.12142857142857143
cant,0.12
sel,0.12
spa,0.11940298507462686
bri,0.11904761904761904
poll,0.11764705882352941
sto,0.11702127659574468
ey,0.11538461538461539
gau,0.11538461538461539
def,0.11538461538461539
ste,0.11224489795918367
penn,0.1111111111111111
chrom,0.1111111111111111
sere,0.1111111111111111
econ,0.1111111111111111
tren,0.1111111111111111
sect,0.1111111111111111
ow,0.1111111111111111
norm,0.1111111111111111
floo,0.1111111111111111
blu,0.1111111111111111
whee,0.1111111111111111
wors,0.1111111111111111
test,0.1111111111111111
ling,0.1111111111111111
pane,0.1111111111111111
burl,0.1111111111111111
than,0.1111111111111111
stor,0.1111111111111111
hung,0.1111111111111111
trad,0.1111111111111111
chlor,0.1111111111111111
rif,0.1111111111111111
sent,0.1111111111111111
mull,0.1111111111111111
prove,0.1111111111111111
vie,0.1111111111111111
ere,0.1111111111111111
hoa,0.1111111111111111
je,0.109375
pra,0.10810810810810811
gra,0.10759493670886076
ae,0.10714285714285714
ic,0.10714285714285714
ba,0.10594795539033457
soc,0.10526315789473684
spri,0.10526315789473684
pee,0.10526315789473684
do,0.10508474576271186
co,0.10430686406460296
tro,0.10416666666666667
moo,0.10344827586206896
ref,0.10185185185185185
twee,0.1
baw,0.1
cert,0.1
hands,0.1
tic,0.1
glas,0.1
spea,0.1
kine,0.1
frizz,0.1
alb,0.1
tort,0.1
spac,0.1
dres,0.1
miss,0.1
ultra,0.1
mast,0.1
mate,0.1
pare,0.1
bia,0.1
rave,0.1
poo,0.1
mot,0.1
smel,0.1
moi,0.1
came,0.1
ost,0.1
pric,0.1
ric,0.1
prec,0.0975609756097561
bre,0.09722222222222222
fre,0.09722222222222222
ho,0.09695290858725762
forg,0.09523809523809523
rad,0.09523809523809523
dir,0.09375
bo,0.09090909090909091
clo,0.09090909090909091
shel,0.09090909090909091
mete,0.09090909090909091
butte,0.09090909090909091
due,0.09090909090909091
ja,0.09090909090909091
lie,0.09090909090909091
hac,0.09090909090909091
mach,0.09090909090909091
wes,0.09090909090909091
pron,0.09090909090909091
doug,0.09090909090909091
simp,0.09090909090909091
trus,0.09090909090909091
hai,0.09090909090909091
reins,0.09090909090909091
refer,0.09090909090909091
stra,0.08888888888888889
et,0.08823529411764706
tra,0.08791208791208792
boo,0.08771929824561403
too,0.08695652173913043
i,0.08586762075134168
dri,0.08571428571428572
was,0.08571428571428572
ki,0.08547008547008547
he,0.08504398826979472
ta,0.08450704225352113
gou,0.08333333333333333
term,0.08333333333333333
insur,0.08333333333333333
hype,0.08333333333333333
dent,0.08333333333333333
eng,0.08333333333333333
sui,0.08333333333333333
rive,0.08333333333333333
auth,0.08333333333333333
pia,0.08333333333333333
dee,0.08333333333333333
caps,0.08333333333333333
salv,0.08333333333333333
quart,0.08333333333333333
feat,0.08333333333333333
ant,0.08256880733944955
que,0.08
ga,0.07971014492753623
qua,0.07954545454545454
bea,0.078125
sti,0.078125
must,0.07692307692307693
hone,0.07692307692307693
temp,0.07692307692307693
wri,0.07692307692307693
you,0.07692307692307693
tend,0.07692307692307693
inn,0.07692307692307693
roun,0.07692307692307693
distr,0.07692307692307693
vent,0.07692307692307693
gir,0.07692307692307693
tig,0.07692307692307693
backs,0.07692307692307693
fo,0.07588075880758807
ea,0.07407407407407407
che,0.07368421052631578
da,0.07329842931937172
cha,0.07222222222222222
ha,0.07177033492822966
plea,0.07142857142857142
corp,0.07142857142857142
gent,0.07142857142857142
blin,0.07142857142857142
smi,0.07142857142857142
gol,0.07142857142857142
dial,0.07142857142857142
aft,0.07142857142857142
deg,0.07142857142857142
dyn,0.07142857142857142
shar,0.07142857142857142
roug,0.07142857142857142
bai,0.07142857142857142
pree,0.07142857142857142
opp,0.07142857142857142
gru,0.07142857142857142
bloc,0.07142857142857142
ord,0.07142857142857142
twi,0.07142857142857142
stru,0.07142857142857142
mars,0.07142857142857142
bu,0.07
fir,0.06976744186046512
gro,0.06944444444444445
ill,0.06896551724137931
asp,0.06896551724137931
swa,0.06818181818181818
emu,0.06666666666666667
ace,0.06666666666666667
mart,0.06666666666666667
spo,0.06666666666666667
lif,0.06666666666666667
sca,0.06593406593406594
ci,0.06542056074766354
fro,0.06521739130434782
hou,0.06451612903225806
u,0.06423473433782712
sco,0.06382978723404255
pyr,0.0625
perm,0.0625
polit,0.0625
pate,0.0625
gi,0.060240963855421686
gre,0.06
exec,0.058823529411764705
scho,0.058823529411764705
elect,0.058823529411764705
sens,0.058823529411764705
bene,0.058823529411764705
she,0.058823529411764705
te,0.05653710247349823
bla,0.056338028169014086
reb,0.05555555555555555
cyc,0.05555555555555555
sai,0.05555555555555555
ave,0.05555555555555555
ai,0.05555555555555555
act,0.05555555555555555
mai,0.05405405405405406
opt,0.05263157894736842
go,0.05263157894736842
butt,0.05263157894736842
hig,0.05263157894736842
ski,0.05263157894736842
cove,0.05263157894736842
oa,0.05263157894736842
rea,0.05217391304347826
swe,0.05128205128205128
colo,0.05
anal,0.05
luc,0.05
grou,0.05
best,0.05
resp,0.05
dive,0.05
misc,0.05
od,0.05
arc,0.04878048780487805
bir,0.047619047619047616
thu,0.047619047619047616
clu,0.047619047619047616
rein,0.047619047619047616
fie,0.045454545454545456
nigh,0.045454545454545456
dea,0.044444444444444446
sou,0.044444444444444446
barb,0.043478260869565216
shor,0.043478260869565216
smo,0.043478260869565216
dru,0.043478260869565216
thi,0.0425531914893617
mode,0.041666666666666664
unc,0.041666666666666664
eg,0.041666666666666664
amp,0.041666666666666664
crea,0.041666666666666664
all,0.0410958904109589
sli,0.04
gene,0.04
fou,0.038461538461538464
terr,0.038461538461538464
chee,0.038461538461538464
buc,0.038461538461538464
ke,0.03773584905660377
sy,0.036585365853658534
hea,0.036036036036036036
ye,0.03571428571428571
ens,0.03571428571428571
cla,0.03529411764705882
scu,0.034482758620689655
dia,0.03333333333333333
auto,0.03333333333333333
bloo,0.03225806451612903
cent,0.03225806451612903
ya,0.03225806451612903
shi,0.031746031746031744
lea,0.030303030303030304
prot,0.029411764705882353
super,0.02857142857142857
sna,0.02857142857142857
ji,0.027777777777777776
mou,0.027777777777777776
ang,0.027777777777777776
ass,0.02631578947368421
dro,0.02564102564102564
slo,0.02564102564102564
wat,0.024390243902439025
woo,0.024390243902439025
fli,0.023809523809523808
fle,0.023255813953488372
ov,0.02304147465437788
imp,0.020942408376963352
sla,0.02
sha,0.018691588785046728
ree,0.018518518518518517
ou,0.017964071856287425
comp,0.017094017094017096
disc,0.01694915254237288
coll,0.015625
gri,0.014705882352941176
gu,0.014184397163120567
sho,0.011494252873563218
cons,0.01
y,0.009174311926605505
inter,0.008928571428571428
we,0.007042253521126761
wo,0.006289308176100629
over,0.005
br,0.002717391304347826
b,0.00040016006402561027
