gote,1.0
zounds,1.0
zoom,1.0
zonked,1.0
zinc,1.0
zilch,1.0
zagged,1.0
zag,1.0
roed,1.0
toir,1.0
bu,1.0
zest,1.0
ci,1.0
cus,1.0
geist,1.0
vark,1.0
zeal,1.0
zap,1.0
slav,1.0
yurt,1.0
gurt,1.0
bess,1.0
bey,1.0
yowl,1.0
youth,1.0
yours,1.0
your,1.0
young,1.0
bot,1.0
york,1.0
yore,1.0
yolk,1.0
ship,1.0
yod,1.0
yip,1.0
yin,1.0
yield,1.0
yew,1.0
yet,1.0
horred,1.0
jure,1.0
yelp,1.0
yeast,1.0
yearn,1.0
yean,1.0
yeah,1.0
yaws,1.0
yawp,1.0
yawn,1.0
yawl,1.0
yaw,1.0
yarn,1.0
yap,1.0
yank,1.0
yang,1.0
yam,1.0
jured,1.0
yacht,1.0
phobe,1.0
dotte,1.0
wrung,1.0
wrong,1.0
writhe,1.0
writ,1.0
wrist,1.0
wring,1.0
wretch,1.0
wrest,1.0
wrens,1.0
wrench,1.0
wren,1.0
wreathe,1.0
wreath,1.0
wreak,1.0
wrath,1.0
wrasse,1.0
wraith,1.0
wrack,1.0
would,1.0
mal,1.0
shipped,1.0
shiped,1.0
worth,1.0
worst,1.0
worse,1.0
worms,1.0
words,1.0
wool,1.0
woof,1.0
woo,1.0
wont,1.0
womb,1.0
wolves,1.0
wold,1.0
wok,1.0
woe,1.0
woad,1.0
wives,1.0
wive,1.0
wits,1.0
wisp,1.0
rupt,1.0
scess,1.0
winged,1.0
scessed,1.0
winch,1.0
wince,1.0
waw,1.0
liam,1.0
beest,1.0
wilts,1.0
wilt,1.0
wills,1.0
wile,1.0
wild,1.0
scise,1.0
wagged,1.0
wight,1.0
wield,1.0
why,1.0
whose,1.0
whorled,1.0
whorl,1.0
whore,1.0
whoosh,1.0
whoops,1.0
whoop,1.0
whom,1.0
saled,1.0
whole,1.0
whoa,1.0
who,1.0
whiz,1.0
whites,1.0
whit,1.0
whist,1.0
whisk,1.0
whir,1.0
whips,1.0
whine,1.0
whim,1.0
whiles,1.0
whiff,1.0
which,1.0
whey,1.0
whew,1.0
whet,1.0
whence,1.0
when,1.0
whelp,1.0
whelk,1.0
wheeze,1.0
wheels,1.0
wheeled,1.0
wheal,1.0
wharves,1.0
wharf,1.0
wham,1.0
whales,1.0
whale,1.0
wet,1.0
wert,1.0
wolf,1.0
were,1.0
wend,1.0
wench,1.0
scised,1.0
welsh,1.0
wells,1.0
weird,1.0
weir,1.0
weft,1.0
sa,1.0
sae,1.0
weeds,1.0
wedged,1.0
wedge,1.0
webbed,1.0
wean,1.0
sas,1.0
waved,1.0
watts,1.0
waste,1.0
wasp,1.0
was,1.0
warp,1.0
warmth,1.0
want,1.0
wane,1.0
wand,1.0
pum,1.0
waltz,1.0
wales,1.0
waive,1.0
sion,1.0
scond,1.0
waif,1.0
sinthe,1.0
waft,1.0
wade,1.0
yeur,1.0
vox,1.0
safed,1.0
vole,1.0
voile,1.0
vogue,1.0
solve,1.0
nam,1.0
viz,1.0
solved,1.0
tues,1.0
sorb,1.0
gule,1.0
vim,1.0
sorbed,1.0
uals,1.0
nence,1.0
nent,1.0
vibes,1.0
struse,1.0
meil,1.0
verve,1.0
surd,1.0
veldt,1.0
veld,1.0
vein,1.0
veiled,1.0
veer,1.0
veep,1.0
pors,1.0
moosed,1.0
lise,1.0
vault,1.0
vase,1.0
vane,1.0
deme,1.0
cal,1.0
valse,1.0
vain,1.0
vague,1.0
surp,1.0
thral,1.0
thra,1.0
kase,1.0
cede,1.0
zipped,1.0
zip,1.0
wrapped,1.0
wove,1.0
worked,1.0
won,1.0
wished,1.0
willed,1.0
cept,1.0
weaned,1.0
waxed,1.0
watched,1.0
washed,1.0
warned,1.0
warmed,1.0
vexed,1.0
veil,1.0
trimmed,1.0
claim,1.0
tapped,1.0
tanned,1.0
tamed,1.0
swayed,1.0
plish,1.0
strained,1.0
starched,1.0
stamped,1.0
stained,1.0
spoiled,1.0
soothed,1.0
soiled,1.0
snapped,1.0
slaked,1.0
shaved,1.0
shared,1.0
screened,1.0
schooled,1.0
scathed,1.0
scarred,1.0
saved,1.0
rhymed,1.0
vealed,1.0
turned,1.0
pealed,1.0
newed,1.0
quenched,1.0
plumbed,1.0
plugged,1.0
plowed,1.0
pledged,1.0
cost,1.0
count,1.0
crete,1.0
dained,1.0
scured,1.0
crue,1.0
mourned,1.0
matched,1.0
marred,1.0
loosed,1.0
looked,1.0
crued,1.0
kissed,1.0
kempt,1.0
cuse,1.0
paired,1.0
housed,1.0
horsed,1.0
healed,1.0
hatched,1.0
harmed,1.0
guent,1.0
cused,1.0
fledged,1.0
feared,1.0
tomed,1.0
riched,1.0
ployed,1.0
lyte,1.0
dressed,1.0
dreamed,1.0
draped,1.0
mayed,1.0
cayed,1.0
world,1.0
croft,1.0
damped,1.0
curbed,1.0
quaint,1.0
couth,1.0
cooked,1.0
combed,1.0
clogged,1.0
cleared,1.0
cleaned,1.0
claimed,1.0
chilled,1.0
chained,1.0
sored,1.0
cashed,1.0
bruised,1.0
bowed,1.0
quired,1.0
bleached,1.0
quit,1.0
knownst,1.0
baked,1.0
larmed,1.0
dorned,1.0
bashed,1.0
bat,1.0
nym,1.0
add,1.0
adz,1.0
univ,1.0
tine,1.0
laut,1.0
brage,1.0
dend,1.0
dum,1.0
dict,1.0
phoon,1.0
dle,1.0
dress,1.0
tyke,1.0
two,1.0
twitch,1.0
duced,1.0
twist,1.0
twirl,1.0
twins,1.0
twinned,1.0
twinge,1.0
twin,1.0
twill,1.0
twig,1.0
twice,1.0
twerp,1.0
twelve,1.0
twelfth,1.0
nine,1.0
tweeze,1.0
tweet,1.0
tweed,1.0
tweak,1.0
twang,1.0
twain,1.0
mult,1.0
noids,1.0
tusk,1.0
quoise,1.0
quate,1.0
turf,1.0
tuque,1.0
pose,1.0
tulle,1.0
tug,1.0
tuft,1.0
join,1.0
tubes,1.0
tsar,1.0
tryst,1.0
truth,1.0
trussed,1.0
truss,1.0
trunks,1.0
trunk,1.0
pets,1.0
trumps,1.0
trump,1.0
journ,1.0
trudge,1.0
judge,1.0
truce,1.0
judged,1.0
jan,1.0
junct,1.0
just,1.0
sers,1.0
blous,1.0
trout,1.0
seau,1.0
troupe,1.0
trounce,1.0
trough,1.0
mire,1.0
mired,1.0
dyte,1.0
trod,1.0
virs,1.0
vir,1.0
mix,1.0
brate,1.0
vanced,1.0
tured,1.0
trim,1.0
tised,1.0
trill,1.0
vise,1.0
phined,1.0
trek,1.0
treed,1.0
peze,1.0
trawl,1.0
vised,1.0
sor,1.0
trash,1.0
tum,1.0
naut,1.0
traps,1.0
sol,1.0
sience,1.0
sept,1.0
tramp,1.0
tram,1.0
traipse,1.0
ficked,1.0
space,1.0
tracks,1.0
paz,1.0
gaed,1.0
toy,1.0
thete,1.0
tours,1.0
tough,1.0
touched,1.0
tot,1.0
toss,1.0
toise,1.0
ques,1.0
doed,1.0
torque,1.0
torn,1.0
gis,1.0
toque,1.0
fair,1.0
toots,1.0
toothed,1.0
toot,1.0
fairs,1.0
tongues,1.0
tongued,1.0
tongue,1.0
tongs,1.0
tong,1.0
fect,1.0
firm,1.0
toil,1.0
fix,1.0
toast,1.0
toad,1.0
flict,1.0
tithe,1.0
ford,1.0
fray,1.0
toed,1.0
front,1.0
tinned,1.0
tinge,1.0
bered,1.0
tiled,1.0
wad,1.0
tights,1.0
thyme,1.0
thwack,1.0
thump,1.0
thumb,1.0
thug,1.0
thud,1.0
thrust,1.0
thrush,1.0
thrum,1.0
thrown,1.0
throve,1.0
throng,1.0
throes,1.0
throe,1.0
thrive,1.0
thrill,1.0
thrice,1.0
threw,1.0
thresh,1.0
three,1.0
threat,1.0
thrash,1.0
sandth,1.0
thou,1.0
those,1.0
this,1.0
third,1.0
thine,1.0
thigh,1.0
thieve,1.0
thief,1.0
thick,1.0
they,1.0
these,1.0
bouts,1.0
there,1.0
thence,1.0
theme,1.0
theirs,1.0
their,1.0
theft,1.0
ghan,1.0
thaw,1.0
birth,1.0
that,1.0
thanks,1.0
thank,1.0
hran,1.0
terse,1.0
terr,1.0
terms,1.0
dril,1.0
tenth,1.0
pered,1.0
blor,1.0
temp,1.0
scoped,1.0
phoned,1.0
teethe,1.0
teeth,1.0
tees,1.0
teens,1.0
teat,1.0
tears,1.0
tear,1.0
deck,1.0
glow,1.0
life,1.0
tea,1.0
pir,1.0
booed,1.0
taws,1.0
taut,1.0
taupe,1.0
taunt,1.0
tau,1.0
tooed,1.0
sall,1.0
task,1.0
math,1.0
tarp,1.0
most,1.0
taps,1.0
tape,1.0
tap,1.0
noon,1.0
tanked,1.0
noons,1.0
tame,1.0
taste,1.0
grieve,1.0
grieved,1.0
talc,1.0
pei,1.0
aide,1.0
tails,1.0
tai,1.0
tad,1.0
leaux,1.0
leau,1.0
bill,1.0
borne,1.0
sync,1.0
sylph,1.0
swung,1.0
swore,1.0
swoop,1.0
swoon,1.0
switch,1.0
swish,1.0
swirl,1.0
swipes,1.0
swine,1.0
swill,1.0
swig,1.0
swift,1.0
swerve,1.0
brush,1.0
sweeps,1.0
sweep,1.0
sweat,1.0
craft,1.0
swats,1.0
swathe,1.0
swath,1.0
swatch,1.0
swat,1.0
swash,1.0
swap,1.0
swank,1.0
swan,1.0
swamp,1.0
swage,1.0
swag,1.0
swab,1.0
svelte,1.0
preme,1.0
drome,1.0
drop,1.0
sede,1.0
perb,1.0
crose,1.0
dropped,1.0
surge,1.0
surf,1.0
supt,1.0
field,1.0
tans,1.0
flow,1.0
dries,1.0
dae,1.0
bathed,1.0
sung,1.0
sun,1.0
phur,1.0
fite,1.0
sulk,1.0
suite,1.0
sui,1.0
foil,1.0
gette,1.0
ficed,1.0
suede,1.0
suds,1.0
cumb,1.0
frame,1.0
sucks,1.0
suck,1.0
lift,1.0
limed,1.0
sub,1.0
suave,1.0
por,1.0
stunt,1.0
stunk,1.0
stung,1.0
stun,1.0
stump,1.0
stud,1.0
stuck,1.0
stub,1.0
strut,1.0
lines,1.0
strove,1.0
strops,1.0
strop,1.0
stroll,1.0
strode,1.0
strobe,1.0
strive,1.0
tease,1.0
striped,1.0
strike,1.0
strife,1.0
strep,1.0
streak,1.0
strays,1.0
mail,1.0
strand,1.0
plane,1.0
strafe,1.0
stout,1.0
stork,1.0
stores,1.0
stops,1.0
stopped,1.0
stoop,1.0
stooge,1.0
stood,1.0
stones,1.0
stoned,1.0
stomp,1.0
sick,1.0
stokes,1.0
stoke,1.0
holm,1.0
stocks,1.0
stoat,1.0
stint,1.0
stink,1.0
stilt,1.0
speed,1.0
strip,1.0
stewed,1.0
stew,1.0
stet,1.0
steppes,1.0
steppe,1.0
stench,1.0
stemmed,1.0
tight,1.0
steer,1.0
steep,1.0
steels,1.0
steel,1.0
steed,1.0
steam,1.0
stealth,1.0
steal,1.0
stays,1.0
staves,1.0
stave,1.0
staunch,1.0
states,1.0
stash,1.0
starve,1.0
starred,1.0
stark,1.0
stare,1.0
staph,1.0
stank,1.0
stanch,1.0
waves,1.0
stalked,1.0
stale,1.0
stair,1.0
staid,1.0
stag,1.0
staffs,1.0
stacked,1.0
stab,1.0
squirt,1.0
squirm,1.0
aisle,1.0
squint,1.0
squid,1.0
squib,1.0
squelch,1.0
squeeze,1.0
squeal,1.0
squawk,1.0
squaw,1.0
squat,1.0
squash,1.0
squall,1.0
squad,1.0
squab,1.0
spurt,1.0
spurred,1.0
spurn,1.0
spunk,1.0
spume,1.0
spud,1.0
spry,1.0
sprung,1.0
spruce,1.0
sprout,1.0
sprite,1.0
grette,1.0
thus,1.0
springs,1.0
sprig,1.0
spree,1.0
spray,1.0
sprawl,1.0
sprat,1.0
sprang,1.0
sprain,1.0
kane,1.0
alb,1.0
sports,1.0
spore,1.0
spoor,1.0
spoon,1.0
house,1.0
spook,1.0
spoof,1.0
sponge,1.0
wife,1.0
spoilt,1.0
spoils,1.0
splurge,1.0
splotch,1.0
splits,1.0
split,1.0
splint,1.0
splice,1.0
spleen,1.0
tross,1.0
splat,1.0
splash,1.0
bum,1.0
raled,1.0
spit,1.0
spires,1.0
cove,1.0
spine,1.0
spilt,1.0
spill,1.0
sphinx,1.0
spew,1.0
thrift,1.0
spends,1.0
speech,1.0
sped,1.0
specs,1.0
spear,1.0
spay,1.0
spawn,1.0
spathe,1.0
spate,1.0
spat,1.0
spasm,1.0
hyde,1.0
sparse,1.0
sparks,1.0
spark,1.0
spare,1.0
spans,1.0
spank,1.0
span,1.0
spade,1.0
spa,1.0
quize,1.0
soy,1.0
sox,1.0
fa,1.0
nir,1.0
brette,1.0
south,1.0
souse,1.0
sour,1.0
soup,1.0
soul,1.0
sough,1.0
ghum,1.0
soothe,1.0
soot,1.0
what,1.0
taire,1.0
co,1.0
soil,1.0
soft,1.0
chaff,1.0
sob,1.0
soar,1.0
soap,1.0
soak,1.0
snug,1.0
snuff,1.0
snuck,1.0
snub,1.0
snow,1.0
snout,1.0
snot,1.0
gae,1.0
snort,1.0
snore,1.0
snooze,1.0
snoot,1.0
snoop,1.0
snob,1.0
snitch,1.0
snips,1.0
rithm,1.0
sniff,1.0
snide,1.0
sneeze,1.0
sneer,1.0
sneak,1.0
fu,1.0
snatch,1.0
snarl,1.0
snail,1.0
snag,1.0
snack,1.0
smuts,1.0
smut,1.0
smug,1.0
smudge,1.0
smote,1.0
bord,1.0
smooth,1.0
smooch,1.0
smoke,1.0
smog,1.0
smock,1.0
bi,1.0
smite,1.0
smirk,1.0
smile,1.0
smelt,1.0
smell,1.0
smashed,1.0
smash,1.0
small,1.0
smack,1.0
slut,1.0
slush,1.0
slurp,1.0
slur,1.0
slunk,1.0
slung,1.0
slump,1.0
slum,1.0
sluice,1.0
slug,1.0
slue,1.0
sludge,1.0
quant,1.0
slough,1.0
slouch,1.0
sloth,1.0
slot,1.0
sloshed,1.0
slosh,1.0
slope,1.0
slop,1.0
sloop,1.0
slog,1.0
sloe,1.0
slob,1.0
slit,1.0
slink,1.0
lege,1.0
slime,1.0
leged,1.0
gen,1.0
giance,1.0
gro,1.0
slick,1.0
slice,1.0
slew,1.0
sleuth,1.0
sleight,1.0
sleigh,1.0
sleeve,1.0
sleet,1.0
sleeps,1.0
sleek,1.0
sledge,1.0
lured,1.0
dine,1.0
slat,1.0
slash,1.0
slap,1.0
slang,1.0
slam,1.0
slake,1.0
slain,1.0
slag,1.0
slacks,1.0
slack,1.0
slab,1.0
dived,1.0
skunk,1.0
skulk,1.0
skoal,1.0
skit,1.0
mond,1.0
skip,1.0
skinned,1.0
skimp,1.0
skim,1.0
skill,1.0
skiff,1.0
skied,1.0
skid,1.0
ski,1.0
sketch,1.0
skein,1.0
skeet,1.0
lenced,1.0
sixth,1.0
six,1.0
stock,1.0
phus,1.0
sir,1.0
sins,1.0
singe,1.0
since,1.0
silt,1.0
sill,1.0
silk,1.0
nalled,1.0
naled,1.0
sigh,1.0
sieve,1.0
wall,1.0
swiped,1.0
swipe,1.0
boards,1.0
pha,1.0
shut,1.0
shush,1.0
shunt,1.0
shun,1.0
shucks,1.0
shuck,1.0
shrug,1.0
shrub,1.0
shrove,1.0
shrive,1.0
shrink,1.0
shrimp,1.0
shrill,1.0
shrike,1.0
shrift,1.0
shriek,1.0
shrewd,1.0
shrew,1.0
shred,1.0
shrank,1.0
shown,1.0
show,1.0
shove,1.0
should,1.0
shorts,1.0
short,1.0
bet,1.0
shook,1.0
shoo,1.0
so,1.0
shock,1.0
shoat,1.0
shoal,1.0
shiv,1.0
shirr,1.0
shirk,1.0
wreck,1.0
shin,1.0
shim,1.0
lagh,1.0
shill,1.0
shield,1.0
shied,1.0
leth,1.0
piece,1.0
shelves,1.0
shelve,1.0
shelled,1.0
sheik,1.0
sheers,1.0
sheer,1.0
sheep,1.0
sheen,1.0
sheaves,1.0
sheave,1.0
sheath,1.0
shears,1.0
sheared,1.0
though,1.0
sheaf,1.0
she,1.0
lom,1.0
shays,1.0
shawl,1.0
shave,1.0
shark,1.0
shard,1.0
shaped,1.0
tude,1.0
shank,1.0
haied,1.0
hai,1.0
shan,1.0
pooed,1.0
poo,1.0
shame,1.0
sham,1.0
shalt,1.0
shale,1.0
speare,1.0
shah,1.0
shag,1.0
ways,1.0
shades,1.0
shad,1.0
shack,1.0
quined,1.0
quel,1.0
chral,1.0
ranth,1.0
sex,1.0
sewn,1.0
sew,1.0
teur,1.0
zon,1.0
phim,1.0
aphs,1.0
dor,1.0
gris,1.0
serf,1.0
sere,1.0
tious,1.0
tenced,1.0
nole,1.0
blance,1.0
phore,1.0
bler,1.0
bush,1.0
seize,1.0
thyst,1.0
seine,1.0
seethe,1.0
pere,1.0
seep,1.0
seek,1.0
sedge,1.0
sear,1.0
sand,1.0
seam,1.0
sealed,1.0
ple,1.0
scythe,1.0
scurf,1.0
scum,1.0
sculpt,1.0
scull,1.0
scuff,1.0
scud,1.0
scrunch,1.0
scruff,1.0
scrub,1.0
scrooge,1.0
scroll,1.0
scrod,1.0
scrip,1.0
scrimp,1.0
scrim,1.0
screwed,1.0
screen,1.0
screed,1.0
screech,1.0
scream,1.0
scrawl,1.0
scratch,1.0
scrape,1.0
scrap,1.0
scram,1.0
scowl,1.0
fied,1.0
scout,1.0
scourge,1.0
scour,1.0
scorn,1.0
scorch,1.0
scopes,1.0
scoot,1.0
scoop,1.0
scone,1.0
scold,1.0
scoff,1.0
angst,1.0
sors,1.0
schwa,1.0
schuss,1.0
marm,1.0
schools,1.0
schnook,1.0
schmo,1.0
schlock,1.0
miel,1.0
schlepp,1.0
schist,1.0
schism,1.0
scheme,1.0
tre,1.0
scathe,1.0
strom,1.0
ankh,1.0
scarves,1.0
scarp,1.0
scarf,1.0
scare,1.0
scarce,1.0
lered,1.0
like,1.0
chic,1.0
scamp,1.0
dem,1.0
scalp,1.0
scales,1.0
scaled,1.0
scale,1.0
scald,1.0
scab,1.0
nah,1.0
vants,1.0
shay,1.0
gram,1.0
laam,1.0
hib,1.0
cred,1.0
cral,1.0
chem,1.0
frage,1.0
sax,1.0
sawn,1.0
iour,1.0
save,1.0
heim,1.0
sat,1.0
fras,1.0
logue,1.0
sass,1.0
sash,1.0
casm,1.0
sarge,1.0
phire,1.0
sap,1.0
sans,1.0
sank,1.0
sang,1.0
bagged,1.0
rai,1.0
lyst,1.0
lyze,1.0
lyzed,1.0
salts,1.0
sales,1.0
saith,1.0
saint,1.0
sag,1.0
fron,1.0
safe,1.0
sad,1.0
sanct,1.0
sac,1.0
rye,1.0
pest,1.0
rusk,1.0
tral,1.0
chor,1.0
drew,1.0
droid,1.0
dote,1.0
rysm,1.0
rules,1.0
sperm,1.0
gle,1.0
ruffed,1.0
gled,1.0
gles,1.0
worm,1.0
rube,1.0
gry,1.0
tors,1.0
guish,1.0
guished,1.0
roust,1.0
shod,1.0
dride,1.0
rouge,1.0
roost,1.0
drous,1.0
mus,1.0
seed,1.0
romp,1.0
sette,1.0
bone,1.0
roar,1.0
nals,1.0
roam,1.0
nounce,1.0
yadh,1.0
valled,1.0
valed,1.0
poste,1.0
bose,1.0
ritz,1.0
nounced,1.0
noy,1.0
rinse,1.0
nul,1.0
nulled,1.0
dyne,1.0
swer,1.0
nae,1.0
nas,1.0
choir,1.0
nult,1.0
rights,1.0
them,1.0
thrax,1.0
raff,1.0
poid,1.0
tique,1.0
culed,1.0
tiqued,1.0
rhythm,1.0
rhyme,1.0
rhodes,1.0
rho,1.0
zome,1.0
rheum,1.0
zoned,1.0
wound,1.0
wired,1.0
weld,1.0
vue,1.0
vived,1.0
vive,1.0
cline,1.0
vile,1.0
max,1.0
veal,1.0
vamp,1.0
trieved,1.0
trieve,1.0
tried,1.0
tread,1.0
freeze,1.0
knock,1.0
bor,1.0
teach,1.0
taught,1.0
styled,1.0
strung,1.0
stored,1.0
noise,1.0
start,1.0
stamp,1.0
staged,1.0
sponse,1.0
sowed,1.0
sow,1.0
source,1.0
sound,1.0
seat,1.0
search,1.0
tos,1.0
scind,1.0
sale,1.0
route,1.0
pulsed,1.0
probed,1.0
prieved,1.0
prieve,1.0
pinned,1.0
pined,1.0
phrased,1.0
paved,1.0
pole,1.0
pope,1.0
nege,1.0
moved,1.0
morse,1.0
brance,1.0
trust,1.0
joiced,1.0
joice,1.0
hired,1.0
hinged,1.0
hemmed,1.0
hearsed,1.0
war,1.0
glued,1.0
gime,1.0
gauged,1.0
galed,1.0
framed,1.0
frain,1.0
forged,1.0
dyed,1.0
more,1.0
dound,1.0
desce,1.0
cruit,1.0
place,1.0
ceipt,1.0
buked,1.0
buke,1.0
time,1.0
rex,1.0
rev,1.0
where,1.0
wise,1.0
gee,1.0
resp,1.0
req,1.0
lune,1.0
thegm,1.0
nisced,1.0
nisce,1.0
pall,1.0
palled,1.0
reins,1.0
peal,1.0
pease,1.0
trar,1.0
peased,1.0
reeve,1.0
dix,1.0
reef,1.0
plaud,1.0
plause,1.0
ples,1.0
rec,1.0
reb,1.0
soned,1.0
reap,1.0
jack,1.0
realm,1.0
zor,1.0
sauce,1.0
plied,1.0
sonde,1.0
ceme,1.0
bies,1.0
tazz,1.0
razz,1.0
point,1.0
posed,1.0
hend,1.0
snake,1.0
rats,1.0
prise,1.0
prised,1.0
proach,1.0
prove,1.0
rapt,1.0
proved,1.0
planed,1.0
arc,1.0
cese,1.0
paged,1.0
duke,1.0
fiend,1.0
arcs,1.0
bows,1.0
arms,1.0
chair,1.0
ful,1.0
rags,1.0
fles,1.0
load,1.0
quoth,1.0
quoits,1.0
quoit,1.0
quoin,1.0
quo,1.0
quiz,1.0
quits,1.0
work,1.0
quirk,1.0
besque,1.0
quince,1.0
quilt,1.0
quill,1.0
nunc,1.0
tae,1.0
quick,1.0
quiche,1.0
bec,1.0
queue,1.0
zal,1.0
quench,1.0
quell,1.0
queer,1.0
queens,1.0
queen,1.0
quay,1.0
cane,1.0
quartz,1.0
quart,1.0
quark,1.0
qualm,1.0
quail,1.0
quaff,1.0
type,1.0
chive,1.0
chives,1.0
quack,1.0
tect,1.0
thrin,1.0
pyx,1.0
pyre,1.0
trid,1.0
pil,1.0
trave,1.0
putt,1.0
putsch,1.0
tule,1.0
puss,1.0
pushed,1.0
push,1.0
purse,1.0
purr,1.0
purl,1.0
purge,1.0
pup,1.0
chon,1.0
punt,1.0
gent,1.0
ceous,1.0
pump,1.0
pulp,1.0
pull,1.0
puke,1.0
pug,1.0
puff,1.0
puck,1.0
pub,1.0
maine,1.0
gyle,1.0
psych,1.0
pshaw,1.0
pseud,1.0
psalms,1.0
psalm,1.0
don,1.0
prune,1.0
prude,1.0
mored,1.0
mour,1.0
rogued,1.0
nold,1.0
gramme,1.0
fessed,1.0
faned,1.0
fane,1.0
raign,1.0
ceeds,1.0
prowl,1.0
prow,1.0
rears,1.0
rows,1.0
erbs,1.0
head,1.0
proud,1.0
prose,1.0
pros,1.0
root,1.0
prop,1.0
prong,1.0
prone,1.0
gance,1.0
prom,1.0
gant,1.0
mis,1.0
prod,1.0
probe,1.0
pro,1.0
vates,1.0
prize,1.0
prism,1.0
prink,1.0
prince,1.0
primp,1.0
prime,1.0
prim,1.0
pod,1.0
thur,1.0
pride,1.0
sift,1.0
shrunk,1.0
school,1.0
puce,1.0
planned,1.0
miered,1.0
tiste,1.0
lims,1.0
cis,1.0
cincts,1.0
cinct,1.0
tige,1.0
choke,1.0
fact,1.0
prep,1.0
fice,1.0
preen,1.0
piced,1.0
preach,1.0
san,1.0
prawn,1.0
prate,1.0
prank,1.0
prance,1.0
pram,1.0
prague,1.0
mac,1.0
ville,1.0
wow,1.0
persed,1.0
boire,1.0
pounce,1.0
poult,1.0
pouched,1.0
pouch,1.0
sherd,1.0
sessed,1.0
phalt,1.0
poned,1.0
posh,1.0
guese,1.0
tra,1.0
tiered,1.0
sail,1.0
sault,1.0
say,1.0
blage,1.0
pork,1.0
bled,1.0
porch,1.0
pops,1.0
sess,1.0
pools,1.0
pooh,1.0
pooch,1.0
sets,1.0
pons,1.0
pone,1.0
sign,1.0
size,1.0
pomp,1.0
nyl,1.0
glot,1.0
sort,1.0
troon,1.0
wog,1.0
suage,1.0
tesse,1.0
polled,1.0
poll,1.0
polit,1.0
pol,1.0
poised,1.0
poi,1.0
suaged,1.0
sumed,1.0
pocked,1.0
pock,1.0
poach,1.0
khan,1.0
plush,1.0
plunk,1.0
plunge,1.0
plump,1.0
plume,1.0
plumb,1.0
plum,1.0
pluck,1.0
share,1.0
plow,1.0
plot,1.0
plop,1.0
plod,1.0
plinth,1.0
labe,1.0
nums,1.0
pledge,1.0
scite,1.0
plebs,1.0
plebe,1.0
pleat,1.0
pleas,1.0
plead,1.0
plea,1.0
guey,1.0
nauts,1.0
tote,1.0
attn,1.0
plaque,1.0
plan,1.0
plait,1.0
plains,1.0
plaid,1.0
plague,1.0
sces,1.0
nha,1.0
pette,1.0
laf,1.0
broch,1.0
zas,1.0
pix,1.0
pith,1.0
blende,1.0
pitch,1.0
pique,1.0
squeak,1.0
pip,1.0
stripe,1.0
prick,1.0
pint,1.0
pink,1.0
pines,1.0
pinch,1.0
pimp,1.0
phied,1.0
phy,1.0
laged,1.0
grims,1.0
pills,1.0
tached,1.0
piles,1.0
taint,1.0
tempt,1.0
pigs,1.0
pig,1.0
pierre,1.0
pierce,1.0
tend,1.0
tired,1.0
nicked,1.0
yune,1.0
tune,1.0
axe,1.0
tuned,1.0
sique,1.0
neme,1.0
photog,1.0
phlox,1.0
phlegm,1.0
pics,1.0
auk,1.0
philos,1.0
philol,1.0
phi,1.0
auld,1.0
phase,1.0
tasm,1.0
burn,1.0
phile,1.0
phage,1.0
nig,1.0
tits,1.0
gur,1.0
rique,1.0
koe,1.0
gust,1.0
cled,1.0
thor,1.0
plexed,1.0
thors,1.0
bahn,1.0
bahns,1.0
perk,1.0
perch,1.0
pep,1.0
clave,1.0
noned,1.0
guin,1.0
cilled,1.0
crat,1.0
dact,1.0
gra,1.0
graph,1.0
pelf,1.0
peg,1.0
mat,1.0
peeved,1.0
peeve,1.0
peep,1.0
peen,1.0
peel,1.0
peek,1.0
vi,1.0
peat,1.0
pears,1.0
tumn,1.0
peace,1.0
awe,1.0
poose,1.0
some,1.0
ya,1.0
nache,1.0
maed,1.0
tree,1.0
pawl,1.0
paw,1.0
pave,1.0
paunch,1.0
aye,1.0
tille,1.0
tiche,1.0
sim,1.0
paste,1.0
past,1.0
passed,1.0
muth,1.0
terre,1.0
sons,1.0
tec,1.0
back,1.0
baft,1.0
fait,1.0
troops,1.0
troop,1.0
phrase,1.0
doned,1.0
guay,1.0
digm,1.0
leled,1.0
lel,1.0
parts,1.0
base,1.0
pars,1.0
based,1.0
parch,1.0
bash,1.0
pap,1.0
mimed,1.0
loons,1.0
waist,1.0
pants,1.0
pang,1.0
pane,1.0
phlet,1.0
pas,1.0
sades,1.0
beam,1.0
frey,1.0
pairs,1.0
pains,1.0
pained,1.0
bide,1.0
pail,1.0
blaze,1.0
blest,1.0
thread,1.0
bloom,1.0
vum,1.0
whelm,1.0
board,1.0
bode,1.0
throw,1.0
tax,1.0
stuffed,1.0
stayed,1.0
spent,1.0
slept,1.0
vere,1.0
sexed,1.0
seas,1.0
roast,1.0
bort,1.0
prompt,1.0
priced,1.0
bound,1.0
paid,1.0
lapped,1.0
grazed,1.0
bout,1.0
paque,1.0
kra,1.0
kay,1.0
gre,1.0
bove,1.0
boe,1.0
brade,1.0
bese,1.0
breast,1.0
owe,1.0
bridge,1.0
yell,1.0
bridged,1.0
swum,1.0
swim,1.0
swam,1.0
sold,1.0
smart,1.0
skirts,1.0
broad,1.0
shone,1.0
sell,1.0
scored,1.0
run,1.0
buse,1.0
bused,1.0
but,1.0
dodged,1.0
cropped,1.0
tals,1.0
selves,1.0
byss,1.0
thi,1.0
cerb,1.0
chene,1.0
chieve,1.0
gou,1.0
chieved,1.0
trich,1.0
phan,1.0
tund,1.0
cre,1.0
gasm,1.0
cross,1.0
chid,1.0
cute,1.0
dapt,1.0
dieu,1.0
dieus,1.0
opp,1.0
dieux,1.0
oomph,1.0
dopt,1.0
slaught,1.0
dore,1.0
dored,1.0
garch,1.0
dorn,1.0
oink,1.0
drift,1.0
droit,1.0
fal,1.0
dult,1.0
shoot,1.0
vres,1.0
odds,1.0
odd,1.0
hood,1.0
far,1.0
sions,1.0
tuse,1.0
quies,1.0
scure,1.0
fire,1.0
flame,1.0
float,1.0
oars,1.0
oared,1.0
foot,1.0
oaks,1.0
foul,1.0
fraid,1.0
nymph,1.0
clide,1.0
nuts,1.0
nurse,1.0
tials,1.0
nun,1.0
skull,1.0
null,1.0
nudge,1.0
fresh,1.0
blesse,1.0
gain,1.0
noun,1.0
chott,1.0
notes,1.0
notch,1.0
tril,1.0
nosh,1.0
gainst,1.0
north,1.0
norm,1.0
nope,1.0
skilled,1.0
cret,1.0
sense,1.0
plussed,1.0
plused,1.0
plus,1.0
reil,1.0
ligned,1.0
such,1.0
nones,1.0
none,1.0
nonce,1.0
ghast,1.0
turne,1.0
cin,1.0
nix,1.0
gleam,1.0
gley,1.0
ninth,1.0
nil,1.0
gog,1.0
shirt,1.0
nights,1.0
nigh,1.0
nick,1.0
niche,1.0
nibs,1.0
nib,1.0
vus,1.0
gree,1.0
phyte,1.0
greed,1.0
groid,1.0
glect,1.0
next,1.0
ground,1.0
newt,1.0
hoy,1.0
news,1.0
phil,1.0
nerves,1.0
nerve,1.0
tode,1.0
neigh,1.0
tived,1.0
dles,1.0
needs,1.0
need,1.0
neat,1.0
jar,1.0
neap,1.0
wide,1.0
bo,1.0
palm,1.0
lai,1.0
dir,1.0
celle,1.0
reth,1.0
larm,1.0
nay,1.0
ka,1.0
lert,1.0
naught,1.0
whal,1.0
thex,1.0
lign,1.0
thous,1.0
nape,1.0
loft,1.0
nab,1.0
myth,1.0
dons,1.0
myrrh,1.0
nich,1.0
zin,1.0
muu,1.0
mutt,1.0
long,1.0
tang,1.0
shore,1.0
must,1.0
muss,1.0
musk,1.0
mush,1.0
side,1.0
murk,1.0
munch,1.0
mumps,1.0
cand,1.0
loof,1.0
lein,1.0
mull,1.0
mule,1.0
mulct,1.0
mulch,1.0
luk,1.0
wump,1.0
nus,1.0
mud,1.0
raked,1.0
num,1.0
zart,1.0
mah,1.0
seyed,1.0
main,1.0
gul,1.0
diste,1.0
mown,1.0
move,1.0
gam,1.0
mousse,1.0
mourn,1.0
mound,1.0
mould,1.0
moss,1.0
mosque,1.0
mass,1.0
morn,1.0
morgue,1.0
mopes,1.0
mope,1.0
mop,1.0
moot,1.0
moose,1.0
struck,1.0
shine,1.0
mooned,1.0
mood,1.0
maze,1.0
moo,1.0
mazed,1.0
mends,1.0
strance,1.0
merce,1.0
sieur,1.0
merced,1.0
grel,1.0
month,1.0
monk,1.0
lusk,1.0
molt,1.0
moll,1.0
midst,1.0
ships,1.0
mold,1.0
moist,1.0
moire,1.0
moil,1.0
mods,1.0
mod,1.0
mobs,1.0
mob,1.0
moat,1.0
graine,1.0
wave,1.0
crobe,1.0
mixed,1.0
mitt,1.0
miss,1.0
typed,1.0
timed,1.0
ba,1.0
spelt,1.0
spell,1.0
shape,1.0
ruled,1.0
boid,1.0
quote,1.0
heard,1.0
sance,1.0
mong,1.0
thrope,1.0
misc,1.0
mirth,1.0
mongst,1.0
phous,1.0
mount,1.0
skirt,1.0
minx,1.0
mint,1.0
mink,1.0
mince,1.0
mime,1.0
muck,1.0
milt,1.0
wright,1.0
muse,1.0
mills,1.0
milled,1.0
miles,1.0
mild,1.0
milch,1.0
mike,1.0
might,1.0
miffed,1.0
miff,1.0
mien,1.0
year,1.0
west,1.0
week,1.0
term,1.0
mused,1.0
gous,1.0
midge,1.0
noint,1.0
thinks,1.0
ringue,1.0
ninx,1.0
mews,1.0
mewl,1.0
mew,1.0
phose,1.0
dad,1.0
part,1.0
heid,1.0
cu,1.0
pex,1.0
sieurs,1.0
gneurs,1.0
quite,1.0
dames,1.0
mess,1.0
phid,1.0
thol,1.0
pause,1.0
phis,1.0
plomb,1.0
lypse,1.0
brane,1.0
bourne,1.0
phal,1.0
meld,1.0
ohm,1.0
meg,1.0
schaum,1.0
meek,1.0
meed,1.0
mech,1.0
gize,1.0
sles,1.0
meat,1.0
gized,1.0
meas,1.0
meant,1.0
means,1.0
meal,1.0
meads,1.0
mead,1.0
phe,1.0
phize,1.0
pril,1.0
pron,1.0
nid,1.0
laise,1.0
jor,1.0
roused,1.0
shi,1.0
drid,1.0
shamed,1.0
cron,1.0
chined,1.0
caque,1.0
skance,1.0
maw,1.0
tius,1.0
mauve,1.0
maul,1.0
zoth,1.0
thew,1.0
skew,1.0
matte,1.0
mats,1.0
match,1.0
mind,1.0
sif,1.0
setts,1.0
slant,1.0
masque,1.0
masked,1.0
sleep,1.0
stir,1.0
stray,1.0
stride,1.0
tyr,1.0
nique,1.0
shalled,1.0
shall,1.0
shaled,1.0
shal,1.0
quise,1.0
quis,1.0
quess,1.0
quee,1.0
thon,1.0
swarm,1.0
marsh,1.0
mars,1.0
marque,1.0
marl,1.0
marked,1.0
marge,1.0
thirst,1.0
march,1.0
map,1.0
sard,1.0
ners,1.0
tou,1.0
drel,1.0
manse,1.0
manned,1.0
maned,1.0
tese,1.0
chite,1.0
malt,1.0
thwart,1.0
make,1.0
maize,1.0
stay,1.0
mains,1.0
maim,1.0
mailed,1.0
mag,1.0
vast,1.0
mad,1.0
cosm,1.0
vaunt,1.0
venged,1.0
tosh,1.0
naise,1.0
lyre,1.0
lynx,1.0
lynch,1.0
phoid,1.0
lymph,1.0
lye,1.0
crous,1.0
cille,1.0
cerne,1.0
verred,1.0
lust,1.0
void,1.0
lurk,1.0
lurch,1.0
vouch,1.0
vow,1.0
lunch,1.0
mox,1.0
vowed,1.0
lull,1.0
dro,1.0
wait,1.0
wake,1.0
waked,1.0
lube,1.0
cust,1.0
ware,1.0
weigh,1.0
while,1.0
vre,1.0
whirl,1.0
woke,1.0
lounge,1.0
lots,1.0
lost,1.0
yah,1.0
gnette,1.0
lords,1.0
loot,1.0
looped,1.0
baa,1.0
look,1.0
longs,1.0
pop,1.0
loll,1.0
loins,1.0
loin,1.0
loge,1.0
star,1.0
baas,1.0
loch,1.0
lobed,1.0
babe,1.0
bitt,1.0
loaves,1.0
loathe,1.0
loath,1.0
loan,1.0
loam,1.0
loaf,1.0
loads,1.0
tchi,1.0
queur,1.0
backed,1.0
wort,1.0
backs,1.0
lived,1.0
tlish,1.0
tlest,1.0
tim,1.0
bite,1.0
lists,1.0
lisp,1.0
lisle,1.0
fired,1.0
hand,1.0
guist,1.0
pack,1.0
coln,1.0
slide,1.0
spaced,1.0
linked,1.0
stairs,1.0
limn,1.0
limbed,1.0
lilt,1.0
lieu,1.0
stop,1.0
stretch,1.0
stroke,1.0
swept,1.0
tho,1.0
yim,1.0
track,1.0
lewd,1.0
lev,1.0
cyte,1.0
tuce,1.0
chaun,1.0
til,1.0
lens,1.0
length,1.0
wards,1.0
lek,1.0
tiv,1.0
tif,1.0
wood,1.0
woods,1.0
yard,1.0
ginged,1.0
bad,1.0
lees,1.0
bade,1.0
leech,1.0
badge,1.0
lands,1.0
leaves,1.0
leaved,1.0
least,1.0
leash,1.0
fle,1.0
fler,1.0
learnt,1.0
learn,1.0
leapt,1.0
leap,1.0
leant,1.0
fling,1.0
bag,1.0
leafed,1.0
bags,1.0
telle,1.0
gage,1.0
lae,1.0
pipe,1.0
gniappe,1.0
pipes,1.0
bah,1.0
crosse,1.0
bour,1.0
bored,1.0
belled,1.0
beled,1.0
baht,1.0
bail,1.0
wick,1.0
bairn,1.0
lawn,1.0
liere,1.0
bait,1.0
launch,1.0
lauds,1.0
baize,1.0
lathe,1.0
lath,1.0
latch,1.0
soed,1.0
lashed,1.0
bake,1.0
sheesh,1.0
bale,1.0
gesse,1.0
spur,1.0
lark,1.0
larch,1.0
guor,1.0
guid,1.0
guage,1.0
dau,1.0
balk,1.0
ball,1.0
balls,1.0
balm,1.0
lord,1.0
gan,1.0
prey,1.0
chin,1.0
lamb,1.0
dash,1.0
laird,1.0
dric,1.0
kan,1.0
lets,1.0
rinth,1.0
mane,1.0
sam,1.0
kor,1.0
trade,1.0
boo,1.0
zle,1.0
zu,1.0
kraut,1.0
kraft,1.0
kraal,1.0
zler,1.0
pek,1.0
ban,1.0
box,1.0
kook,1.0
knurled,1.0
knurl,1.0
known,1.0
knout,1.0
knoll,1.0
knives,1.0
knit,1.0
knish,1.0
knight,1.0
knew,1.0
knelt,1.0
knell,1.0
kneel,1.0
knee,1.0
knead,1.0
knave,1.0
knack,1.0
stand,1.0
wi,1.0
osk,1.0
kitsch,1.0
kith,1.0
kite,1.0
width,1.0
bang,1.0
kiss,1.0
kirk,1.0
bangs,1.0
jou,1.0
kink,1.0
kings,1.0
kok,1.0
desh,1.0
watt,1.0
volt,1.0
kilt,1.0
kiln,1.0
bank,1.0
guhr,1.0
naped,1.0
banks,1.0
shaws,1.0
book,1.0
kick,1.0
banns,1.0
zim,1.0
butz,1.0
toum,1.0
punch,1.0
bans,1.0
deau,1.0
role,1.0
sene,1.0
kerf,1.0
kept,1.0
neth,1.0
kelp,1.0
keg,1.0
keen,1.0
keel,1.0
kedge,1.0
pok,1.0
gui,1.0
jo,1.0
kul,1.0
kart,1.0
karst,1.0
roo,1.0
kame,1.0
zoo,1.0
kale,1.0
quet,1.0
neau,1.0
lep,1.0
jube,1.0
su,1.0
dith,1.0
jute,1.0
jut,1.0
jus,1.0
quette,1.0
junk,1.0
jump,1.0
jukes,1.0
juice,1.0
jug,1.0
phine,1.0
seph,1.0
jowl,1.0
joust,1.0
jounce,1.0
joule,1.0
jot,1.0
joss,1.0
josh,1.0
quil,1.0
gleur,1.0
than,1.0
jolt,1.0
joke,1.0
tam,1.0
johns,1.0
jog,1.0
joe,1.0
purs,1.0
zai,1.0
jock,1.0
job,1.0
jive,1.0
jinx,1.0
jinn,1.0
mied,1.0
jilt,1.0
jig,1.0
jiff,1.0
jibe,1.0
jib,1.0
barb,1.0
june,1.0
barbed,1.0
jest,1.0
jess,1.0
jerk,1.0
jell,1.0
jeer,1.0
jeeps,1.0
jeep,1.0
jeans,1.0
panned,1.0
jazz,1.0
bard,1.0
jaws,1.0
jaw,1.0
diced,1.0
jaunt,1.0
jape,1.0
jam,1.0
bare,1.0
jail,1.0
jai,1.0
barge,1.0
jag,1.0
jade,1.0
quard,1.0
straws,1.0
straw,1.0
knife,1.0
daw,1.0
napes,1.0
jacks,1.0
jab,1.0
tope,1.0
therm,1.0
prene,1.0
bark,1.0
dide,1.0
mam,1.0
barn,1.0
dol,1.0
storm,1.0
dlest,1.0
clast,1.0
clasm,1.0
bex,1.0
barque,1.0
barred,1.0
lett,1.0
bell,1.0
cue,1.0
quois,1.0
cued,1.0
cac,1.0
wrought,1.0
voiced,1.0
voice,1.0
vite,1.0
veigh,1.0
trigued,1.0
trigue,1.0
keep,1.0
gral,1.0
weave,1.0
view,1.0
maid,1.0
pret,1.0
stool,1.0
bask,1.0
bass,1.0
bast,1.0
fered,1.0
com,1.0
tense,1.0
baste,1.0
lisk,1.0
tutes,1.0
soon,1.0
tard,1.0
tioned,1.0
batch,1.0
stalled,1.0
cere,1.0
sane,1.0
put,1.0
nards,1.0
bates,1.0
tialled,1.0
tialed,1.0
fringed,1.0
bath,1.0
fra,1.0
fo,1.0
bathe,1.0
flamed,1.0
farct,1.0
dulged,1.0
dulge,1.0
doors,1.0
creased,1.0
lith,1.0
censed,1.0
cense,1.0
intrans,1.0
bats,1.0
instr,1.0
baud,1.0
bawd,1.0
bawl,1.0
pure,1.0
pulse,1.0
pugn,1.0
tu,1.0
pinged,1.0
pinge,1.0
pearl,1.0
peach,1.0
bay,1.0
tience,1.0
passe,1.0
paled,1.0
pale,1.0
mured,1.0
mersed,1.0
merse,1.0
mense,1.0
bued,1.0
bue,1.0
brued,1.0
brue,1.0
bied,1.0
bibed,1.0
bibe,1.0
boon,1.0
gasse,1.0
nois,1.0
guette,1.0
bab,1.0
roque,1.0
ifs,1.0
rouche,1.0
thos,1.0
nuse,1.0
phen,1.0
giene,1.0
tik,1.0
yonne,1.0
gea,1.0
zaar,1.0
brid,1.0
cinth,1.0
sop,1.0
crite,1.0
hype,1.0
hymn,1.0
kind,1.0
zah,1.0
hutch,1.0
beach,1.0
bead,1.0
husk,1.0
beak,1.0
bear,1.0
beard,1.0
hurt,1.0
beast,1.0
dredth,1.0
dred,1.0
hunts,1.0
beat,1.0
hunks,1.0
nik,1.0
hung,1.0
hunch,1.0
hums,1.0
humph,1.0
beau,1.0
beaut,1.0
loo,1.0
hull,1.0
hulk,1.0
huh,1.0
huge,1.0
beaux,1.0
huff,1.0
hued,1.0
hue,1.0
bub,1.0
lais,1.0
dah,1.0
howl,1.0
mont,1.0
wares,1.0
hours,1.0
hour,1.0
potch,1.0
cian,1.0
beck,1.0
hosp,1.0
beds,1.0
rors,1.0
bug,1.0
clothes,1.0
whip,1.0
shoes,1.0
laugh,1.0
horned,1.0
horde,1.0
scotch,1.0
fast,1.0
hope,1.0
doo,1.0
hooves,1.0
post,1.0
sore,1.0
hooked,1.0
hoofed,1.0
wink,1.0
hooch,1.0
spread,1.0
spring,1.0
moon,1.0
eys,1.0
honk,1.0
stead,1.0
home,1.0
yoke,1.0
bee,1.0
caust,1.0
hoist,1.0
hogged,1.0
beech,1.0
podge,1.0
nut,1.0
beef,1.0
nobbed,1.0
steak,1.0
nailed,1.0
hob,1.0
hoax,1.0
hoarse,1.0
hoard,1.0
been,1.0
hiked,1.0
hitch,1.0
beep,1.0
hiss,1.0
beer,1.0
sute,1.0
beers,1.0
wax,1.0
beet,1.0
beeves,1.0
drance,1.0
hint,1.0
hinge,1.0
beg,1.0
hilt,1.0
hills,1.0
hike,1.0
beige,1.0
hie,1.0
belch,1.0
hicks,1.0
belle,1.0
boy,1.0
lix,1.0
belt,1.0
fry,1.0
hewn,1.0
grade,1.0
dox,1.0
shey,1.0
self,1.0
cose,1.0
lows,1.0
hertz,1.0
dere,1.0
bench,1.0
herb,1.0
mark,1.0
bends,1.0
naed,1.0
zene,1.0
zine,1.0
stitch,1.0
rhoid,1.0
rhage,1.0
caine,1.0
hemp,1.0
berg,1.0
meet,1.0
berth,1.0
ceuse,1.0
lin,1.0
serk,1.0
height,1.0
tha,1.0
best,1.0
bete,1.0
calm,1.0
hog,1.0
hedge,1.0
calmed,1.0
came,1.0
cause,1.0
cloud,1.0
come,1.0
daub,1.0
dew,1.0
throb,1.0
strings,1.0
hearts,1.0
hearth,1.0
heart,1.0
hearse,1.0
dim,1.0
dimmed,1.0
health,1.0
fall,1.0
strong,1.0
phones,1.0
heads,1.0
hdqrs,1.0
fell,1.0
tred,1.0
rangued,1.0
rangue,1.0
fog,1.0
tants,1.0
haze,1.0
wire,1.0
stack,1.0
mow,1.0
fogged,1.0
fore,1.0
friend,1.0
dler,1.0
berk,1.0
gat,1.0
haunch,1.0
haul,1.0
grime,1.0
grimed,1.0
grudge,1.0
grudged,1.0
hasp,1.0
hash,1.0
has,1.0
guile,1.0
guiled,1.0
quin,1.0
gum,1.0
gun,1.0
harsh,1.0
half,1.0
held,1.0
moth,1.0
hind,1.0
hoof,1.0
hoove,1.0
hooved,1.0
bars,1.0
lief,1.0
lieve,1.0
spike,1.0
shake,1.0
pick,1.0
made,1.0
capped,1.0
hands,1.0
toe,1.0
mered,1.0
lieved,1.0
vah,1.0
jah,1.0
fax,1.0
berd,1.0
halves,1.0
halve,1.0
moan,1.0
pence,1.0
neath,1.0
jis,1.0
ji,1.0
ku,1.0
style,1.0
lence,1.0
hail,1.0
nign,1.0
numb,1.0
queath,1.0
quest,1.0
reave,1.0
reft,1.0
gyp,1.0
nast,1.0
gym,1.0
guy,1.0
snipe,1.0
gush,1.0
kha,1.0
wale,1.0
guns,1.0
gunned,1.0
gunk,1.0
shoe,1.0
gummed,1.0
gulp,1.0
gull,1.0
gulch,1.0
mot,1.0
guilt,1.0
rets,1.0
guild,1.0
guide,1.0
faw,1.0
guest,1.0
guess,1.0
guards,1.0
grunt,1.0
gruff,1.0
seech,1.0
grub,1.0
tesque,1.0
schen,1.0
growth,1.0
grown,1.0
growl,1.0
grow,1.0
groves,1.0
grove,1.0
grouts,1.0
grout,1.0
grouse,1.0
group,1.0
grouch,1.0
grosz,1.0
grope,1.0
grooved,1.0
groove,1.0
groin,1.0
grog,1.0
groats,1.0
groat,1.0
groan,1.0
seeched,1.0
grits,1.0
grit,1.0
mill,1.0
grist,1.0
grippe,1.0
gripe,1.0
grip,1.0
grind,1.0
seem,1.0
grim,1.0
grilled,1.0
grille,1.0
grill,1.0
fith,1.0
grief,1.0
grid,1.0
grey,1.0
grew,1.0
dines,1.0
greet,1.0
wich,1.0
sward,1.0
greece,1.0
grebe,1.0
great,1.0
paint,1.0
grease,1.0
vure,1.0
graze,1.0
gray,1.0
graves,1.0
grasp,1.0
grapes,1.0
grape,1.0
sides,1.0
grange,1.0
niece,1.0
grand,1.0
siege,1.0
grains,1.0
grained,1.0
grain,1.0
grad,1.0
grab,1.0
sieged,1.0
smear,1.0
gown,1.0
govt,1.0
gov,1.0
smirch,1.0
gourde,1.0
gourd,1.0
gouge,1.0
siped,1.0
sip,1.0
hawk,1.0
gosh,1.0
gorse,1.0
sot,1.0
goose,1.0
goof,1.0
goods,1.0
good,1.0
goo,1.0
gong,1.0
golf,1.0
sought,1.0
gold,1.0
goes,1.0
send,1.0
speak,1.0
gook,1.0
gob,1.0
goat,1.0
goal,1.0
goad,1.0
gnu,1.0
gnome,1.0
gneiss,1.0
gnawn,1.0
gnaw,1.0
gnat,1.0
gnash,1.0
gnarled,1.0
gnarl,1.0
glut,1.0
glum,1.0
glue,1.0
gloze,1.0
gloss,1.0
glop,1.0
glooms,1.0
gloom,1.0
spiel,1.0
globe,1.0
glob,1.0
gloat,1.0
glint,1.0
glimpse,1.0
glide,1.0
glib,1.0
glen,1.0
glee,1.0
glebe,1.0
glean,1.0
ciered,1.0
glazed,1.0
glaze,1.0
cous,1.0
gow,1.0
glare,1.0
glans,1.0
spoke,1.0
glance,1.0
stirred,1.0
glad,1.0
raffe,1.0
girth,1.0
girt,1.0
gird,1.0
seng,1.0
snap,1.0
ginned,1.0
stow,1.0
mick,1.0
bals,1.0
gimp,1.0
gilt,1.0
gills,1.0
gild,1.0
strew,1.0
gig,1.0
gift,1.0
strewn,1.0
bons,1.0
gibe,1.0
ghoul,1.0
wrote,1.0
write,1.0
ghost,1.0
ghats,1.0
ghat,1.0
stalt,1.0
gaw,1.0
geste,1.0
think,1.0
thought,1.0
bil,1.0
germ,1.0
tide,1.0
george,1.0
times,1.0
took,1.0
darme,1.0
gents,1.0
gene,1.0
gems,1.0
gem,1.0
gelt,1.0
geld,1.0
troth,1.0
geese,1.0
shift,1.0
gear,1.0
zette,1.0
zelle,1.0
votte,1.0
trothed,1.0
tween,1.0
gaze,1.0
gay,1.0
gawk,1.0
twixt,1.0
wail,1.0
gauze,1.0
gaunt,1.0
gauge,1.0
wared,1.0
gauche,1.0
gates,1.0
wigged,1.0
gasp,1.0
gash,1.0
yond,1.0
bhang,1.0
goyled,1.0
goyle,1.0
zo,1.0
garb,1.0
gapes,1.0
gap,1.0
grene,1.0
plank,1.0
gang,1.0
bib,1.0
bibliog,1.0
big,1.0
bight,1.0
brel,1.0
bolled,1.0
boled,1.0
bol,1.0
game,1.0
lup,1.0
horns,1.0
bike,1.0
gall,1.0
gale,1.0
gait,1.0
gains,1.0
gag,1.0
gaffe,1.0
gaff,1.0
bilge,1.0
fest,1.0
bro,1.0
bilk,1.0
tures,1.0
fuzz,1.0
fuze,1.0
fuss,1.0
fold,1.0
liards,1.0
bish,1.0
furze,1.0
furred,1.0
furl,1.0
fur,1.0
goid,1.0
gi,1.0
funk,1.0
funds,1.0
fund,1.0
fun,1.0
fumed,1.0
fume,1.0
filled,1.0
lionth,1.0
full,1.0
fugue,1.0
bind,1.0
fudge,1.0
frump,1.0
froze,1.0
frown,1.0
frou,1.0
froth,1.0
binge,1.0
deur,1.0
frond,1.0
from,1.0
lars,1.0
fro,1.0
birch,1.0
frizz,1.0
frisk,1.0
fringe,1.0
frill,1.0
bird,1.0
brain,1.0
fright,1.0
frieze,1.0
fries,1.0
fried,1.0
fret,1.0
zied,1.0
french,1.0
freight,1.0
day,1.0
stone,1.0
bie,1.0
bisque,1.0
cuit,1.0
freak,1.0
zled,1.0
fraught,1.0
chised,1.0
chise,1.0
furt,1.0
frank,1.0
france,1.0
franc,1.0
marck,1.0
frag,1.0
sau,1.0
glove,1.0
foxed,1.0
fox,1.0
fowl,1.0
square,1.0
score,1.0
fourth,1.0
four,1.0
fount,1.0
mouthed,1.0
fouls,1.0
fought,1.0
bitch,1.0
went,1.0
sworn,1.0
sweet,1.0
sooth,1.0
sook,1.0
ceps,1.0
lorn,1.0
vex,1.0
give,1.0
cler,1.0
clist,1.0
det,1.0
much,1.0
cals,1.0
fortran,1.0
with,1.0
forth,1.0
gual,1.0
forked,1.0
fork,1.0
forge,1.0
pher,1.0
warn,1.0
told,1.0
tell,1.0
stall,1.0
cide,1.0
seen,1.0
sect,1.0
named,1.0
mast,1.0
stros,1.0
know,1.0
for,1.0
valve,1.0
fop,1.0
zarre,1.0
pad,1.0
loose,1.0
foots,1.0
fool,1.0
food,1.0
font,1.0
fond,1.0
blab,1.0
folk,1.0
foist,1.0
foiled,1.0
foehn,1.0
foe,1.0
fob,1.0
foam,1.0
foal,1.0
speck,1.0
resced,1.0
flute,1.0
flush,1.0
black,1.0
flunk,1.0
flung,1.0
flume,1.0
fluke,1.0
fluff,1.0
flue,1.0
flub,1.0
flu,1.0
flown,1.0
flout,1.0
flour,1.0
flounce,1.0
floss,1.0
flop,1.0
floor,1.0
flood,1.0
flog,1.0
floe,1.0
flock,1.0
floats,1.0
flitch,1.0
flit,1.0
flirt,1.0
flip,1.0
flint,1.0
flinch,1.0
flam,1.0
flight,1.0
flied,1.0
flick,1.0
flexed,1.0
flew,1.0
pots,1.0
flesh,1.0
fleet,1.0
moor,1.0
fleece,1.0
flee,1.0
fledge,1.0
fled,1.0
fleck,1.0
flea,1.0
grance,1.0
flay,1.0
flax,1.0
flawed,1.0
guard,1.0
flaunt,1.0
flats,1.0
flat,1.0
flask,1.0
tube,1.0
smith,1.0
flash,1.0
flare,1.0
flaps,1.0
flank,1.0
flange,1.0
flake,1.0
flak,1.0
flair,1.0
flail,1.0
blade,1.0
flags,1.0
flag,1.0
blain,1.0
blame,1.0
flack,1.0
gast,1.0
flab,1.0
fjord,1.0
nessed,1.0
nesse,1.0
nanced,1.0
broid,1.0
brin,1.0
bril,1.0
fizz,1.0
fixed,1.0
fives,1.0
five,1.0
fist,1.0
blamed,1.0
firth,1.0
firsts,1.0
first,1.0
works,1.0
fir,1.0
tip,1.0
blanch,1.0
gered,1.0
blanche,1.0
finned,1.0
fink,1.0
spun,1.0
find,1.0
mange,1.0
bland,1.0
blank,1.0
blare,1.0
filth,1.0
film,1.0
fill,1.0
name,1.0
filch,1.0
fig,1.0
blast,1.0
fifth,1.0
fife,1.0
fierce,1.0
fields,1.0
fief,1.0
fie,1.0
pheme,1.0
fiche,1.0
fib,1.0
murs,1.0
phemed,1.0
bleach,1.0
brile,1.0
bleak,1.0
fez,1.0
fey,1.0
feud,1.0
fetch,1.0
blear,1.0
bleat,1.0
bleed,1.0
fern,1.0
fere,1.0
fens,1.0
fence,1.0
bleep,1.0
femme,1.0
fem,1.0
blench,1.0
blend,1.0
felt,1.0
spar,1.0
feints,1.0
feint,1.0
feigned,1.0
feign,1.0
feet,1.0
feel,1.0
feed,1.0
blent,1.0
feaze,1.0
weight,1.0
feast,1.0
fear,1.0
vors,1.0
vored,1.0
blew,1.0
tigued,1.0
tigue,1.0
blight,1.0
kir,1.0
blimp,1.0
faze,1.0
fay,1.0
fawn,1.0
bourg,1.0
faun,1.0
fats,1.0
blind,1.0
fates,1.0
fate,1.0
blink,1.0
fetched,1.0
farm,1.0
farce,1.0
blinks,1.0
cied,1.0
fang,1.0
fan,1.0
blintz,1.0
chion,1.0
false,1.0
falls,1.0
fake,1.0
faith,1.0
faints,1.0
faint,1.0
fain,1.0
faille,1.0
fail,1.0
heit,1.0
fag,1.0
blintze,1.0
fade,1.0
fad,1.0
blip,1.0
bliss,1.0
vade,1.0
blithe,1.0
blitz,1.0
krieg,1.0
bloat,1.0
blob,1.0
nox,1.0
quipped,1.0
quip,1.0
bloc,1.0
qualled,1.0
qualed,1.0
block,1.0
pergne,1.0
blocked,1.0
nough,1.0
bloke,1.0
mir,1.0
merged,1.0
merge,1.0
blond,1.0
blonde,1.0
gret,1.0
blood,1.0
gad,1.0
weiss,1.0
clipsed,1.0
clipse,1.0
clat,1.0
clair,1.0
derm,1.0
hound,1.0
shot,1.0
shade,1.0
glass,1.0
eyes,1.0
stream,1.0
bloomed,1.0
blot,1.0
trude,1.0
treme,1.0
tolled,1.0
punged,1.0
punge,1.0
blotch,1.0
ploit,1.0
plode,1.0
pert,1.0
blouse,1.0
panse,1.0
pand,1.0
dus,1.0
humed,1.0
hume,1.0
haust,1.0
blown,1.0
blue,1.0
gete,1.0
blues,1.0
gill,1.0
grass,1.0
nose,1.0
changed,1.0
cerpt,1.0
bluff,1.0
exec,1.0
blunt,1.0
zone,1.0
green,1.0
glades,1.0
glade,1.0
nesced,1.0
nesce,1.0
blur,1.0
blurb,1.0
nuch,1.0
chre,1.0
blurt,1.0
nol,1.0
blush,1.0
boar,1.0
walk,1.0
boast,1.0
boat,1.0
poused,1.0
swain,1.0
bob,1.0
toire,1.0
cort,1.0
bobs,1.0
socks,1.0
tail,1.0
satz,1.0
white,1.0
bock,1.0
cie,1.0
erst,1.0
bog,1.0
boil,1.0
boiled,1.0
boll,1.0
thet,1.0
sode,1.0
bolt,1.0
zyme,1.0
wrap,1.0
voi,1.0
rons,1.0
twined,1.0
twine,1.0
trench,1.0
treat,1.0
trapped,1.0
trant,1.0
tranced,1.0
var,1.0
trails,1.0
tomb,1.0
ticed,1.0
vars,1.0
vik,1.0
thused,1.0
thuse,1.0
thralled,1.0
thrall,1.0
tente,1.0
sued,1.0
sue,1.0
snared,1.0
snare,1.0
slaved,1.0
slave,1.0
siled,1.0
sile,1.0
shroud,1.0
shrined,1.0
shrine,1.0
sheathed,1.0
sheathe,1.0
sconced,1.0
sconce,1.0
proof,1.0
shell,1.0
nui,1.0
mesh,1.0
larged,1.0
large,1.0
joy,1.0
hanced,1.0
sight,1.0
gulf,1.0
gross,1.0
graved,1.0
bond,1.0
graft,1.0
boned,1.0
forced,1.0
force,1.0
dured,1.0
dure,1.0
dued,1.0
scope,1.0
crine,1.0
bong,1.0
dorsed,1.0
dorse,1.0
croach,1.0
ceinte,1.0
cased,1.0
jour,1.0
sai,1.0
thized,1.0
thize,1.0
grant,1.0
ceed,1.0
braced,1.0
soir,1.0
case,1.0
plate,1.0
goed,1.0
shelf,1.0
soid,1.0
store,1.0
boom,1.0
phant,1.0
town,1.0
else,1.0
docks,1.0
boor,1.0
boost,1.0
boot,1.0
booth,1.0
eke,1.0
fod,1.0
stein,1.0
boots,1.0
leg,1.0
strap,1.0
eighth,1.0
booze,1.0
plant,1.0
nog,1.0
egg,1.0
flux,1.0
bop,1.0
resce,1.0
bore,1.0
fete,1.0
vesce,1.0
fects,1.0
dom,1.0
borsch,1.0
borscht,1.0
ru,1.0
deaux,1.0
logues,1.0
econ,1.0
ecol,1.0
zoi,1.0
ebb,1.0
bosh,1.0
boss,1.0
eats,1.0
botch,1.0
both,1.0
plug,1.0
phone,1.0
neck,1.0
muff,1.0
flap,1.0
quake,1.0
toms,1.0
fant,1.0
bough,1.0
bought,1.0
boules,1.0
vard,1.0
dye,1.0
bounce,1.0
buks,1.0
buk,1.0
dwelt,1.0
bounds,1.0
dwarf,1.0
luth,1.0
chesses,1.0
dust,1.0
dusk,1.0
dupe,1.0
bourn,1.0
dunk,1.0
dung,1.0
dune,1.0
dunce,1.0
geois,1.0
dumps,1.0
dump,1.0
dumb,1.0
dull,1.0
dukes,1.0
dug,1.0
fel,1.0
dues,1.0
due,1.0
duds,1.0
dude,1.0
dud,1.0
ducks,1.0
duck,1.0
dub,1.0
doir,1.0
bow,1.0
bowl,1.0
drupe,1.0
drunk,1.0
drug,1.0
drudge,1.0
drub,1.0
drowse,1.0
drown,1.0
drove,1.0
drought,1.0
dross,1.0
drops,1.0
droop,1.0
drool,1.0
drone,1.0
bowls,1.0
drogue,1.0
zly,1.0
drive,1.0
drip,1.0
drink,1.0
drill,1.0
dried,1.0
drench,1.0
dregs,1.0
dredge,1.0
drear,1.0
dreamt,1.0
dreams,1.0
nought,1.0
dread,1.0
goon,1.0
knot,1.0
dray,1.0
drawn,1.0
drawl,1.0
draw,1.0
draught,1.0
drapes,1.0
drape,1.0
drank,1.0
dram,1.0
drake,1.0
drain,1.0
string,1.0
draft,1.0
drab,1.0
cott,1.0
gna,1.0
za,1.0
vine,1.0
ennes,1.0
dowse,1.0
wind,1.0
bract,1.0
trend,1.0
swing,1.0
brad,1.0
spout,1.0
pour,1.0
brae,1.0
downs,1.0
dove,1.0
bloon,1.0
brag,1.0
douse,1.0
dour,1.0
dough,1.0
douche,1.0
doubt,1.0
doth,1.0
dot,1.0
dose,1.0
mouse,1.0
dorm,1.0
dope,1.0
step,1.0
knob,1.0
jamb,1.0
door,1.0
dooms,1.0
doom,1.0
gart,1.0
braid,1.0
dong,1.0
noes,1.0
ciled,1.0
braille,1.0
domed,1.0
dome,1.0
child,1.0
drums,1.0
dolt,1.0
doll,1.0
trot,1.0
goned,1.0
dogs,1.0
doge,1.0
braise,1.0
does,1.0
doe,1.0
dodge,1.0
brake,1.0
bran,1.0
doc,1.0
vulged,1.0
vulge,1.0
cee,1.0
vorced,1.0
vorce,1.0
branch,1.0
brand,1.0
brash,1.0
siere,1.0
tions,1.0
brat,1.0
wurst,1.0
brave,1.0
brawl,1.0
tribe,1.0
phragm,1.0
grammed,1.0
gramed,1.0
brawn,1.0
bray,1.0
braze,1.0
nosed,1.0
vo,1.0
dive,1.0
ditch,1.0
zil,1.0
turbed,1.0
turb,1.0
breach,1.0
bread,1.0
traught,1.0
breadth,1.0
fruit,1.0
stuff,1.0
break,1.0
down,1.0
through,1.0
bream,1.0
suade,1.0
breath,1.0
gard,1.0
pleased,1.0
please,1.0
played,1.0
placed,1.0
pensed,1.0
pense,1.0
breathe,1.0
blige,1.0
bred,1.0
may,1.0
lodged,1.0
lodge,1.0
liked,1.0
bille,1.0
guised,1.0
guise,1.0
graced,1.0
grace,1.0
gorged,1.0
gorge,1.0
breech,1.0
breed,1.0
teem,1.0
gaged,1.0
breeze,1.0
breve,1.0
dain,1.0
creet,1.0
coid,1.0
bursed,1.0
burse,1.0
distr,1.0
disk,1.0
brew,1.0
dished,1.0
disc,1.0
dirt,1.0
dl,1.0
dirk,1.0
dirge,1.0
dire,1.0
tych,1.0
thong,1.0
dip,1.0
bribe,1.0
dint,1.0
din,1.0
brick,1.0
bride,1.0
dime,1.0
gence,1.0
dill,1.0
brief,1.0
digs,1.0
dig,1.0
fract,1.0
briefs,1.0
brig,1.0
drin,1.0
dick,1.0
bright,1.0
dhow,1.0
dhole,1.0
vout,1.0
vour,1.0
vote,1.0
volved,1.0
volve,1.0
voirs,1.0
voir,1.0
brim,1.0
brine,1.0
brink,1.0
throned,1.0
throne,1.0
terred,1.0
tailed,1.0
stroy,1.0
spoil,1.0
dled,1.0
spised,1.0
brisk,1.0
tol,1.0
sired,1.0
sire,1.0
signed,1.0
served,1.0
scry,1.0
scried,1.0
gade,1.0
oche,1.0
broach,1.0
broads,1.0
prived,1.0
prive,1.0
praved,1.0
prave,1.0
ploy,1.0
plored,1.0
plore,1.0
pict,1.0
nude,1.0
cast,1.0
murred,1.0
mure,1.0
mur,1.0
cloth,1.0
mesne,1.0
brogue,1.0
mean,1.0
luxe,1.0
loused,1.0
broil,1.0
broke,1.0
gauss,1.0
gassed,1.0
gas,1.0
funct,1.0
frost,1.0
frock,1.0
fraud,1.0
formed,1.0
flect,1.0
flate,1.0
filed,1.0
file,1.0
fense,1.0
fend,1.0
feat,1.0
fault,1.0
famed,1.0
fame,1.0
cree,1.0
bronze,1.0
cor,1.0
saur,1.0
clined,1.0
clared,1.0
clare,1.0
cies,1.0
ceased,1.0
tur,1.0
bugged,1.0
bris,1.0
bouch,1.0
bauched,1.0
bauch,1.0
trose,1.0
trin,1.0
deuce,1.0
tined,1.0
brooch,1.0
brood,1.0
desk,1.0
brook,1.0
brooks,1.0
lyn,1.0
depth,1.0
frice,1.0
broom,1.0
stick,1.0
broth,1.0
brought,1.0
dens,1.0
brow,1.0
selle,1.0
tasse,1.0
monde,1.0
john,1.0
god,1.0
gogue,1.0
brown,1.0
browse,1.0
quesce,1.0
delve,1.0
dells,1.0
dell,1.0
delft,1.0
deign,1.0
grate,1.0
chette,1.0
deft,1.0
jay,1.0
deep,1.0
deems,1.0
deem,1.0
deed,1.0
chure,1.0
decks,1.0
bruise,1.0
nair,1.0
chee,1.0
debt,1.0
debs,1.0
deb,1.0
bruit,1.0
death,1.0
dearth,1.0
dear,1.0
brunch,1.0
dealt,1.0
brunt,1.0
deaf,1.0
brushed,1.0
dead,1.0
brusque,1.0
sels,1.0
cha,1.0
daze,1.0
lights,1.0
dream,1.0
days,1.0
dawn,1.0
brut,1.0
buck,1.0
bucked,1.0
bucks,1.0
dates,1.0
dashed,1.0
darts,1.0
dart,1.0
darned,1.0
darn,1.0
dark,1.0
dare,1.0
eye,1.0
seuse,1.0
saw,1.0
skins,1.0
dank,1.0
scene,1.0
damp,1.0
damned,1.0
damn,1.0
tooth,1.0
dales,1.0
wheat,1.0
dil,1.0
daft,1.0
tyls,1.0
tyl,1.0
hund,1.0
dace,1.0
dab,1.0
das,1.0
czar,1.0
plasm,1.0
prus,1.0
mose,1.0
clops,1.0
cloid,1.0
clic,1.0
bud,1.0
cyst,1.0
cyme,1.0
budge,1.0
dha,1.0
dhism,1.0
lottes,1.0
throat,1.0
dhist,1.0
cuts,1.0
cuss,1.0
cusp,1.0
tains,1.0
buff,1.0
few,1.0
curve,1.0
loed,1.0
sey,1.0
curt,1.0
curst,1.0
curse,1.0
curl,1.0
fet,1.0
curd,1.0
curb,1.0
cupped,1.0
bund,1.0
fets,1.0
foon,1.0
cult,1.0
bugs,1.0
cuffs,1.0
build,1.0
built,1.0
bulb,1.0
bulge,1.0
bulk,1.0
cub,1.0
crypt,1.0
bull,1.0
sade,1.0
crux,1.0
crutch,1.0
crust,1.0
crush,1.0
dog,1.0
pled,1.0
crumbs,1.0
crumb,1.0
cruise,1.0
crude,1.0
doze,1.0
crowned,1.0
crown,1.0
crowd,1.0
croup,1.0
crouch,1.0
crotch,1.0
dozed,1.0
fight,1.0
patch,1.0
finch,1.0
bones,1.0
crossed,1.0
crop,1.0
croon,1.0
crook,1.0
crone,1.0
dile,1.0
crocked,1.0
crock,1.0
croak,1.0
cized,1.0
cize,1.0
crisp,1.0
frog,1.0
cringe,1.0
bul,1.0
crime,1.0
bump,1.0
crick,1.0
vasse,1.0
tonne,1.0
sote,1.0
bun,1.0
crest,1.0
cress,1.0
crept,1.0
crepe,1.0
bunch,1.0
creeps,1.0
creep,1.0
creel,1.0
creek,1.0
bung,1.0
bunk,1.0
creche,1.0
crease,1.0
bunt,1.0
creak,1.0
vat,1.0
kum,1.0
song,1.0
crazed,1.0
craze,1.0
bur,1.0
craw,1.0
crave,1.0
crass,1.0
crash,1.0
burg,1.0
craps,1.0
burgh,1.0
burl,1.0
crank,1.0
crane,1.0
cramped,1.0
cramp,1.0
burned,1.0
crag,1.0
cracked,1.0
crack,1.0
crabs,1.0
crab,1.0
burns,1.0
burnt,1.0
burp,1.0
burr,1.0
burred,1.0
drum,1.0
burst,1.0
dock,1.0
gess,1.0
si,1.0
logne,1.0
glar,1.0
lesque,1.0
noose,1.0
bus,1.0
qual,1.0
bushed,1.0
whack,1.0
buss,1.0
dex,1.0
deine,1.0
coa,1.0
balt,1.0
lesced,1.0
bust,1.0
pu,1.0
butch,1.0
coy,1.0
slip,1.0
pox,1.0
butt,1.0
butte,1.0
cup,1.0
girl,1.0
fat,1.0
milk,1.0
tons,1.0
buy,1.0
riers,1.0
geous,1.0
buzz,1.0
reau,1.0
pler,1.0
reaus,1.0
court,1.0
coursed,1.0
coupe,1.0
reaux,1.0
tane,1.0
sunk,1.0
bye,1.0
sink,1.0
poise,1.0
feit,1.0
byte,1.0
gone,1.0
could,1.0
cough,1.0
couch,1.0
cote,1.0
tumed,1.0
tume,1.0
sack,1.0
path,1.0
vette,1.0
sone,1.0
tex,1.0
street,1.0
sair,1.0
cache,1.0
cad,1.0
spond,1.0
rect,1.0
cadge,1.0
lac,1.0
nice,1.0
nered,1.0
feine,1.0
roys,1.0
cage,1.0
cairn,1.0
correl,1.0
corpse,1.0
corps,1.0
corp,1.0
starch,1.0
cairns,1.0
crib,1.0
corned,1.0
screw,1.0
corked,1.0
cork,1.0
cords,1.0
copse,1.0
cake,1.0
calf,1.0
call,1.0
coos,1.0
calve,1.0
coon,1.0
calves,1.0
cool,1.0
stove,1.0
cook,1.0
boose,1.0
vulsed,1.0
vulse,1.0
voy,1.0
voked,1.0
voke,1.0
vinced,1.0
cine,1.0
vict,1.0
cined,1.0
dar,1.0
verged,1.0
verge,1.0
bre,1.0
cam,1.0
vect,1.0
lesce,1.0
trolled,1.0
sole,1.0
flage,1.0
trived,1.0
paign,1.0
trite,1.0
temps,1.0
vene,1.0
trast,1.0
trail,1.0
phor,1.0
pus,1.0
tort,1.0
shaft,1.0
canned,1.0
text,1.0
temn,1.0
cans,1.0
gion,1.0
cel,1.0
tact,1.0
sult,1.0
sul,1.0
strued,1.0
strue,1.0
struct,1.0
celed,1.0
straint,1.0
strain,1.0
celled,1.0
did,1.0
pins,1.0
soled,1.0
quent,1.0
quence,1.0
crate,1.0
serve,1.0
script,1.0
bis,1.0
loupe,1.0
cles,1.0
note,1.0
seur,1.0
nived,1.0
nive,1.0
cut,1.0
nect,1.0
vas,1.0
joint,1.0
joined,1.0
vass,1.0
tchouc,1.0
cap,1.0
caps,1.0
fute,1.0
fused,1.0
sized,1.0
frere,1.0
found,1.0
sule,1.0
firmed,1.0
fined,1.0
suled,1.0
fide,1.0
fess,1.0
ferred,1.0
fabbed,1.0
fab,1.0
dyle,1.0
cive,1.0
duit,1.0
done,1.0
doled,1.0
dole,1.0
dign,1.0
cards,1.0
densed,1.0
dense,1.0
demn,1.0
curred,1.0
cur,1.0
cence,1.0
course,1.0
dat,1.0
coct,1.0
clude,1.0
sharp,1.0
free,1.0
cart,1.0
cerned,1.0
cern,1.0
ceived,1.0
ceive,1.0
ceit,1.0
ceal,1.0
carte,1.0
conk,1.0
wheel,1.0
conch,1.0
pute,1.0
pressed,1.0
pound,1.0
pote,1.0
pline,1.0
plex,1.0
plete,1.0
carve,1.0
plaint,1.0
cole,1.0
piled,1.0
pile,1.0
van,1.0
bine,1.0
pete,1.0
sate,1.0
pelled,1.0
peer,1.0
pared,1.0
dale,1.0
pact,1.0
mute,1.0
muned,1.0
mune,1.0
wealth,1.0
weal,1.0
mons,1.0
mode,1.0
cass,1.0
menced,1.0
mence,1.0
mom,1.0
mand,1.0
fort,1.0
fare,1.0
bined,1.0
lons,1.0
bou,1.0
umned,1.0
tene,1.0
pet,1.0
geen,1.0
toon,1.0
tridge,1.0
lins,1.0
cash,1.0
cask,1.0
casque,1.0
league,1.0
caste,1.0
lapsed,1.0
lapse,1.0
colt,1.0
colloq,1.0
coll,1.0
slaw,1.0
dra,1.0
sock,1.0
coke,1.0
coin,1.0
coil,1.0
fure,1.0
coif,1.0
mens,1.0
zant,1.0
zance,1.0
cog,1.0
nets,1.0
fee,1.0
cil,1.0
code,1.0
cod,1.0
catch,1.0
cyx,1.0
clysm,1.0
comb,1.0
crow,1.0
trice,1.0
too,1.0
cock,1.0
webs,1.0
web,1.0
bles,1.0
blers,1.0
cob,1.0
falque,1.0
coat,1.0
coast,1.0
coarse,1.0
coach,1.0
clutch,1.0
clung,1.0
clump,1.0
clue,1.0
cluck,1.0
club,1.0
leaf,1.0
cloy,1.0
clown,1.0
clove,1.0
clout,1.0
clouds,1.0
press,1.0
horse,1.0
clothe,1.0
clot,1.0
closed,1.0
close,1.0
clop,1.0
clone,1.0
clog,1.0
clod,1.0
clock,1.0
cloak,1.0
quy,1.0
quish,1.0
quey,1.0
pult,1.0
waul,1.0
chize,1.0
clique,1.0
sheet,1.0
clips,1.0
clipped,1.0
clip,1.0
clink,1.0
cling,1.0
clinch,1.0
clime,1.0
climb,1.0
cliff,1.0
click,1.0
clew,1.0
clerk,1.0
clench,1.0
cleft,1.0
clef,1.0
cleave,1.0
cleat,1.0
chized,1.0
cleanse,1.0
clean,1.0
gut,1.0
clay,1.0
claw,1.0
clause,1.0
caught,1.0
class,1.0
clasp,1.0
clash,1.0
claque,1.0
caulk,1.0
clap,1.0
clank,1.0
clang,1.0
clan,1.0
clamp,1.0
clam,1.0
clad,1.0
clack,1.0
caw,1.0
cay,1.0
nar,1.0
enne,1.0
balled,1.0
chets,1.0
flex,1.0
denced,1.0
clet,1.0
dre,1.0
cirque,1.0
cinch,1.0
hoots,1.0
chute,1.0
churn,1.0
churl,1.0
jole,1.0
church,1.0
chunk,1.0
chump,1.0
chum,1.0
chug,1.0
joled,1.0
chuck,1.0
chub,1.0
mum,1.0
chrome,1.0
liph,1.0
lyx,1.0
christ,1.0
chrism,1.0
naan,1.0
naille,1.0
noe,1.0
rale,1.0
chow,1.0
chose,1.0
chore,1.0
chord,1.0
sticks,1.0
chops,1.0
chop,1.0
choose,1.0
drule,1.0
drite,1.0
chomp,1.0
chokes,1.0
choice,1.0
taw,1.0
chock,1.0
phyll,1.0
form,1.0
dane,1.0
noed,1.0
price,1.0
cas,1.0
gnons,1.0
gnon,1.0
chit,1.0
chirp,1.0
munk,1.0
chip,1.0
chintz,1.0
chink,1.0
chine,1.0
chinch,1.0
zee,1.0
chimp,1.0
chime,1.0
dren,1.0
sein,1.0
sus,1.0
fon,1.0
chief,1.0
chide,1.0
pea,1.0
tarrh,1.0
chick,1.0
nille,1.0
dral,1.0
chew,1.0
peake,1.0
chest,1.0
vort,1.0
cease,1.0
bim,1.0
ubs,1.0
cell,1.0
kee,1.0
chert,1.0
chef,1.0
tah,1.0
cheese,1.0
cheers,1.0
cheer,1.0
cheep,1.0
cheek,1.0
sum,1.0
brant,1.0
checked,1.0
check,1.0
cheat,1.0
skate,1.0
cheap,1.0
rades,1.0
phane,1.0
peau,1.0
grinned,1.0
grin,1.0
chaunt,1.0
feur,1.0
laine,1.0
chat,1.0
chaste,1.0
chasm,1.0
chase,1.0
treuse,1.0
lotte,1.0
coal,1.0
chart,1.0
charm,1.0
charles,1.0
charged,1.0
charge,1.0
taur,1.0
char,1.0
pede,1.0
chaps,1.0
chap,1.0
cert,1.0
teuse,1.0
bral,1.0
brum,1.0
croid,1.0
vix,1.0
change,1.0
chance,1.0
pagne,1.0
cean,1.0
chafe,1.0
bers,1.0
champ,1.0
lenged,1.0
lenge,1.0
lahs,1.0
lah,1.0
chalk,1.0
chaise,1.0
chain,1.0
sod,1.0
ble,0.9987179487179487
tion,0.9970326409495549
tor,0.993103448275862
less,0.9913419913419913
ness,0.9911764705882353
tive,0.9910714285714286
ment,0.9904761904761905
sive,0.9883720930232558
ture,0.9880952380952381
sis,0.9861111111111112
cate,0.9857142857142858
way,0.9846153846153847
ta,0.9846153846153847
to,0.9824561403508771
go,0.975
mate,0.972972972972973
bly,0.96875
tis,0.967741935483871
da,0.9666666666666667
cle,0.9642857142857143
land,0.9629629629629629
lar,0.9615384615384616
set,0.96
lo,0.9583333333333334
tle,0.9577464788732394
cent,0.9574468085106383
gler,0.9565217391304348
date,0.9565217391304348
skin,0.9545454545454546
do,0.9523809523809523
cious,0.9523809523809523
cy,0.9523809523809523
tial,0.9512195121951219
cant,0.95
gal,0.95
vate,0.95
ley,0.9473684210526315
tus,0.9473684210526315
sel,0.9473684210526315
cism,0.9444444444444444
by,0.9444444444444444
va,0.9444444444444444
la,0.9444444444444444
ton,0.9436619718309859
vert,0.9411764705882353
mous,0.9411764705882353
play,0.9411764705882353
tite,0.9375
lent,0.9375
ma,0.9365079365079365
tered,0.9333333333333333
ga,0.9333333333333333
pate,0.9333333333333333
cist,0.9333333333333333
born,0.9333333333333333
gate,0.9302325581395349
son,0.9285714285714286
bling,0.9285714285714286
duce,0.9285714285714286
port,0.9259259259259259
face,0.9230769230769231
ward,0.9230769230769231
fuse,0.9166666666666666
vent,0.9166666666666666
duct,0.9166666666666666
hold,0.9166666666666666
print,0.9166666666666666
verse,0.9166666666666666
room,0.9166666666666666
sphere,0.9166666666666666
bate,0.9166666666666666
pel,0.9166666666666666
gist,0.9130434782608695
las,0.9090909090909091
see,0.9090909090909091
sist,0.9090909090909091
wash,0.9090909090909091
bon,0.9090909090909091
scribe,0.9090909090909091
faced,0.9090909090909091
tel,0.9090909090909091
bile,0.9090909090909091
band,0.9090909090909091
tract,0.9090909090909091
tized,0.9090909090909091
ni,0.9090909090909091
hole,0.9047619047619048
fy,0.9017857142857143
lis,0.9
weed,0.9
pass,0.9
gress,0.9
cade,0.9
can,0.8947368421052632
nel,0.8947368421052632
tile,0.8928571428571429
pa,0.8888888888888888
ject,0.8888888888888888
mi,0.8888888888888888
cot,0.8888888888888888
con,0.8888888888888888
met,0.8888888888888888
fin,0.8888888888888888
tom,0.8888888888888888
bane,0.8888888888888888
cise,0.8888888888888888
cure,0.8888888888888888
tron,0.8888888888888888
man,0.8883495145631068
gy,0.8874172185430463
tous,0.8823529411764706
off,0.8823529411764706
bic,0.8823529411764706
li,0.8823529411764706
ty,0.8817733990147784
lard,0.875
po,0.875
mon,0.875
cord,0.875
suit,0.875
tem,0.875
trous,0.875
teenth,0.875
tled,0.875
page,0.875
ti,0.875
fine,0.875
quire,0.875
corn,0.875
cite,0.875
bid,0.875
dron,0.875
ly,0.873308067135896
cial,0.8666666666666667
na,0.865979381443299
net,0.8620689655172413
late,0.8608695652173913
est,0.8603268945022289
pine,0.8571428571428571
tise,0.8571428571428571
sar,0.8571428571428571
tose,0.8571428571428571
cule,0.8571428571428571
cum,0.8571428571428571
tute,0.8571428571428571
trix,0.8571428571428571
nail,0.8571428571428571
spire,0.8571428571428571
trum,0.8571428571428571
pant,0.8571428571428571
teen,0.8571428571428571
hook,0.8571428571428571
sine,0.8571428571428571
gious,0.8571428571428571
turn,0.8571428571428571
vor,0.8571428571428571
loid,0.8571428571428571
cet,0.8571428571428571
rics,0.8571428571428571
sume,0.8571428571428571
mend,0.8571428571428571
bar,0.8461538461538461
site,0.8461538461538461
sic,0.8421052631578947
tain,0.84
fit,0.8333333333333334
brous,0.8333333333333334
bert,0.8333333333333334
ranged,0.8333333333333334
sha,0.8333333333333334
teau,0.8333333333333334
scribed,0.8333333333333334
jet,0.8333333333333334
mouth,0.8333333333333334
pi,0.8333333333333334
pal,0.8333333333333334
cised,0.8333333333333334
spired,0.8333333333333334
mid,0.8333333333333334
di,0.8333333333333334
mote,0.8333333333333334
pair,0.8333333333333334
pay,0.8333333333333334
nance,0.8333333333333334
tiff,0.8333333333333334
lem,0.8333333333333334
lus,0.8333333333333334
gus,0.8333333333333334
dos,0.8333333333333334
tire,0.8333333333333334
trate,0.8333333333333334
ney,0.8333333333333334
stat,0.8333333333333334
gie,0.8333333333333334
line,0.8333333333333334
mo,0.8333333333333334
cient,0.8333333333333334
night,0.8333333333333334
laid,0.8333333333333334
fuge,0.8333333333333334
nied,0.8333333333333334
tize,0.8260869565217391
pot,0.8235294117647058
car,0.8181818181818182
bra,0.8181818181818182
zen,0.8181818181818182
tan,0.8181818181818182
sent,0.8181818181818182
cat,0.8181818181818182
sin,0.8125
tied,0.8125
mit,0.8095238095238095
nate,0.8085106382978723
sure,0.8076923076923077
let,0.8076923076923077
tal,0.8061224489795918
lous,0.8055555555555556
gar,0.8
trine,0.8
vide,0.8
nin,0.8
tet,0.8
pool,0.8
herd,0.8
hide,0.8
mock,0.8
word,0.8
trist,0.8
chard,0.8
toid,0.8
tinct,0.8
spend,0.8
said,0.8
mie,0.8
cho,0.8
lax,0.8
scape,0.8
vey,0.8
dered,0.8
watch,0.8
salt,0.8
wit,0.8
vin,0.8
vened,0.8
grave,0.8
lene,0.8
pan,0.8
nip,0.8
tar,0.8
rouse,0.8
card,0.8
staff,0.8
pear,0.8
live,0.8
plain,0.8
pee,0.8
hear,0.8
nard,0.8
vail,0.8
deer,0.8
praise,0.8
sake,0.8
no,0.7948717948717948
light,0.7941176470588235
ca,0.7931034482758621
lon,0.7931034482758621
nant,0.7916666666666666
ies,0.7885714285714286
tate,0.7884615384615384
mite,0.7857142857142857
lute,0.7857142857142857
ri,0.7857142857142857
bel,0.7857142857142857
ber,0.7848101265822784
bent,0.7777777777777778
mas,0.7777777777777778
sert,0.7777777777777778
pin,0.7777777777777778
ters,0.7777777777777778
shop,0.7777777777777778
tin,0.7777777777777778
worn,0.7777777777777778
vant,0.7777777777777778
ing,0.7771084337349398
fish,0.7741935483870968
tler,0.7727272727272727
dence,0.7727272727272727
tice,0.7692307692307693
trap,0.7692307692307693
rie,0.7647058823529411
phon,0.75
thorn,0.75
meled,0.75
awed,0.75
loon,0.75
hoo,0.75
cund,0.75
zel,0.75
mos,0.75
melled,0.75
wear,0.75
cuff,0.75
wag,0.75
rae,0.75
riage,0.75
road,0.75
stain,0.75
deal,0.75
cab,0.75
bage,0.75
wan,0.75
taled,0.75
drate,0.75
pare,0.75
kill,0.75
tub,0.75
shaw,0.75
del,0.75
cave,0.75
seal,0.75
raised,0.75
tach,0.75
nis,0.75
win,0.75
gin,0.75
quer,0.75
hatch,0.75
vest,0.75
node,0.75
stake,0.75
tale,0.75
sil,0.75
rums,0.75
stalk,0.75
vied,0.75
tro,0.75
min,0.75
lu,0.75
ums,0.75
cussed,0.75
bold,0.75
dan,0.75
gers,0.75
trope,0.75
chant,0.75
cale,0.75
reled,0.75
pie,0.75
guine,0.75
trait,0.75
gism,0.75
tour,0.75
cured,0.75
versed,0.75
hang,0.75
have,0.75
rah,0.75
camp,0.75
gua,0.75
take,0.75
rear,0.75
chal,0.75
spin,0.75
cess,0.75
ny,0.7384615384615385
horn,0.7368421052631579
mine,0.7368421052631579
nous,0.7346938775510204
tian,0.7333333333333333
lum,0.7272727272727273
got,0.7272727272727273
lie,0.7272727272727273
gish,0.7272727272727273
rus,0.7222222222222222
gon,0.7222222222222222
sant,0.7142857142857143
som,0.7142857142857143
nese,0.7142857142857143
lope,0.7142857142857143
die,0.7142857142857143
ki,0.7142857142857143
val,0.7142857142857143
lite,0.7142857142857143
pers,0.7142857142857143
pied,0.7142857142857143
mise,0.7142857142857143
nie,0.7142857142857143
tient,0.7142857142857143
dite,0.7142857142857143
gest,0.7142857142857143
roon,0.7142857142857143
top,0.7058823529411765
tling,0.7
bin,0.7
spect,0.7
fly,0.7
lined,0.7
dam,0.7
stage,0.7
ros,0.7
ished,0.6923076923076923
ply,0.6923076923076923
sured,0.6923076923076923
well,0.6923076923076923
tent,0.6896551724137931
nite,0.6818181818181818
er,0.6772116461366181
ro,0.6764705882352942
low,0.6744186046511628
bing,0.6727272727272727
rem,0.6666666666666666
selled,0.6666666666666666
seled,0.6666666666666666
nook,0.6666666666666666
loved,0.6666666666666666
brace,0.6666666666666666
lipped,0.6666666666666666
coup,0.6666666666666666
nex,0.6666666666666666
tank,0.6666666666666666
hap,0.6666666666666666
rode,0.6666666666666666
niere,0.6666666666666666
stile,0.6666666666666666
nome,0.6666666666666666
leave,0.6666666666666666
ralled,0.6666666666666666
dwell,0.6666666666666666
melt,0.6666666666666666
coed,0.6666666666666666
nach,0.6666666666666666
dise,0.6666666666666666
cow,0.6666666666666666
perse,0.6666666666666666
rind,0.6666666666666666
phism,0.6666666666666666
teed,0.6666666666666666
tray,0.6666666666666666
gape,0.6666666666666666
teel,0.6666666666666666
lette,0.6666666666666666
leen,0.6666666666666666
cic,0.6666666666666666
vince,0.6666666666666666
care,0.6666666666666666
mined,0.6666666666666666
relled,0.6666666666666666
cion,0.6666666666666666
tilled,0.6666666666666666
rused,0.6666666666666666
pard,0.6666666666666666
logged,0.6666666666666666
wig,0.6666666666666666
haved,0.6666666666666666
heir,0.6666666666666666
taph,0.6666666666666666
nace,0.6666666666666666
poop,0.6666666666666666
mese,0.6666666666666666
eth,0.6666666666666666
mel,0.6666666666666666
bliged,0.6666666666666666
liard,0.6666666666666666
pened,0.6666666666666666
hunt,0.6666666666666666
bric,0.6666666666666666
phate,0.6666666666666666
crum,0.6666666666666666
tit,0.6666666666666666
dept,0.6666666666666666
vit,0.6666666666666666
guer,0.6666666666666666
roe,0.6666666666666666
mest,0.6666666666666666
warm,0.6666666666666666
chus,0.6666666666666666
range,0.6666666666666666
shire,0.6666666666666666
shout,0.6666666666666666
thin,0.6666666666666666
plice,0.6666666666666666
picked,0.6666666666666666
lies,0.6666666666666666
lime,0.6666666666666666
rich,0.6666666666666666
troit,0.6666666666666666
bomb,0.6666666666666666
spite,0.6666666666666666
lowed,0.6666666666666666
wore,0.6666666666666666
nad,0.6666666666666666
lead,0.6666666666666666
lure,0.6666666666666666
strict,0.6666666666666666
dling,0.6666666666666666
creed,0.6666666666666666
mar,0.6666666666666666
trick,0.6666666666666666
cried,0.6666666666666666
nac,0.6666666666666666
traced,0.6666666666666666
sword,0.6666666666666666
louse,0.6666666666666666
sled,0.6666666666666666
scious,0.6666666666666666
mace,0.6666666666666666
nued,0.6666666666666666
ynx,0.6666666666666666
drille,0.6666666666666666
coot,0.6666666666666666
shorn,0.6666666666666666
vist,0.6666666666666666
trace,0.6666666666666666
touch,0.6666666666666666
gel,0.6666666666666666
lunge,0.6666666666666666
dent,0.6666666666666666
bald,0.6666666666666666
rup,0.6666666666666666
ham,0.6666666666666666
reel,0.6666666666666666
vis,0.6666666666666666
venge,0.6666666666666666
tag,0.6666666666666666
verb,0.6666666666666666
cube,0.6666666666666666
cons,0.6666666666666666
torch,0.6666666666666666
haled,0.6666666666666666
blow,0.6666666666666666
cone,0.6666666666666666
hair,0.6666666666666666
tache,0.6666666666666666
gave,0.6666666666666666
bend,0.6666666666666666
sup,0.6666666666666666
sial,0.6666666666666666
pos,0.6666666666666666
true,0.6666666666666666
gos,0.6666666666666666
napped,0.6666666666666666
tence,0.6666666666666666
rates,0.6666666666666666
sence,0.6666666666666666
stere,0.6666666666666666
mance,0.6666666666666666
nute,0.6666666666666666
vale,0.6666666666666666
rased,0.6666666666666666
same,0.6666666666666666
mash,0.6666666666666666
tante,0.6666666666666666
tee,0.6666666666666666
cers,0.6666666666666666
sism,0.6666666666666666
keet,0.6666666666666666
lock,0.6666666666666666
ac,0.6666666666666666
tored,0.6666666666666666
thest,0.6666666666666666
mey,0.6666666666666666
rot,0.6666666666666666
limb,0.6666666666666666
bole,0.6666666666666666
leyed,0.6666666666666666
wee,0.6666666666666666
tare,0.6666666666666666
sea,0.6666666666666666
nade,0.6666666666666666
phin,0.6666666666666666
ids,0.6666666666666666
pat,0.6666666666666666
prit,0.6666666666666666
sied,0.6666666666666666
chism,0.6666666666666666
pule,0.6666666666666666
toned,0.6666666666666666
mere,0.6666666666666666
tilt,0.6666666666666666
lamp,0.6666666666666666
had,0.6666666666666666
mare,0.6666666666666666
nue,0.6666666666666666
mask,0.6666666666666666
vore,0.6666666666666666
try,0.6623376623376623
ces,0.6470588235294118
state,0.6470588235294118
my,0.6438356164383562
sian,0.6428571428571429
ran,0.6428571428571429
ras,0.6363636363636364
roll,0.6363636363636364
lit,0.6363636363636364
tie,0.6363636363636364
den,0.6363636363636364
ings,0.6333333333333333
ic,0.6282352941176471
rule,0.625
plet,0.625
ald,0.625
key,0.625
rail,0.625
bal,0.625
gia,0.625
ics,0.6231884057971014
lied,0.6153846153846154
tress,0.6111111111111112
lot,0.6086956521739131
ism,0.6084905660377359
tant,0.6052631578947368
ish,0.6033755274261603
lease,0.6
vous,0.6
up,0.6
non,0.6
hale,0.6
test,0.6
reach,0.6
poke,0.6
dee,0.6
dize,0.6
nelled,0.6
cile,0.6
neled,0.6
thane,0.6
stice,0.6
pice,0.6
peck,0.6
trance,0.6
new,0.6
nile,0.6
will,0.6
chist,0.6
noid,0.6
spot,0.6
still,0.6
gling,0.6
dous,0.6
chi,0.6
mist,0.6
cry,0.6
layed,0.6
col,0.6
cid,0.6
trol,0.6
mized,0.6
bean,0.6
ges,0.5833333333333334
ror,0.5833333333333334
neer,0.5833333333333334
pon,0.5833333333333334
lee,0.5833333333333334
pid,0.5833333333333334
sage,0.5833333333333334
vy,0.5789473684210527
ping,0.5777777777777777
sy,0.5764705882352941
ried,0.575
cia,0.5714285714285714
stress,0.5714285714285714
pit,0.5714285714285714
lect,0.5714285714285714
ren,0.5714285714285714
chet,0.5714285714285714
tern,0.5714285714285714
heat,0.5714285714285714
lick,0.5714285714285714
age,0.5639810426540285
ride,0.5625
lant,0.5625
ten,0.5606060606060606
fer,0.5555555555555556
rose,0.5555555555555556
pling,0.5555555555555556
tack,0.5555555555555556
lade,0.5555555555555556
ris,0.5555555555555556
log,0.5555555555555556
thy,0.5555555555555556
mism,0.5555555555555556
hem,0.5555555555555556
men,0.5526315789473685
lion,0.5517241379310345
nal,0.5474452554744526
hill,0.5454545454545454
stance,0.5454545454545454
pend,0.5454545454545454
teer,0.5384615384615384
lance,0.5333333333333333
right,0.5333333333333333
ache,0.5333333333333333
tism,0.53125
row,0.5294117647058824
lop,0.5294117647058824
um,0.5291970802919708
bit,0.5263157894736842
lage,0.5263157894736842
ra,0.5232558139534884
eled,0.5208333333333334
ized,0.5193798449612403
ize,0.5189873417721519
py,0.5185185185185185
dy,0.5181818181818182
out,0.515625
ter,0.5127768313458262
per,0.5088757396449705
quing,0.5
hah,0.5
neyed,0.5
nowned,0.5
gout,0.5
gore,0.5
dess,0.5
rife,0.5
hag,0.5
ko,0.5
bous,0.5
losh,0.5
gaud,0.5
witch,0.5
dized,0.5
ringed,0.5
roan,0.5
hark,0.5
rood,0.5
harm,0.5
nio,0.5
nule,0.5
gab,0.5
lough,0.5
how,0.5
frigid,0.5
freer,0.5
cluse,0.5
frail,0.5
haste,0.5
sle,0.5
swear,0.5
assed,0.5
rune,0.5
get,0.5
haunt,0.5
salve,0.5
vaged,0.5
fleer,0.5
hays,0.5
kah,0.5
flaw,0.5
scan,0.5
pond,0.5
scant,0.5
heap,0.5
dish,0.5
male,0.5
zes,0.5
reek,0.5
heath,0.5
heave,0.5
heaves,0.5
scow,0.5
luse,0.5
heen,0.5
heed,0.5
leigh,0.5
eralist,0.5
heeled,0.5
dist,0.5
ders,0.5
heft,0.5
vens,0.5
thyl,0.5
quine,0.5
praised,0.5
poch,0.5
mu,0.5
help,0.5
globin,0.5
stich,0.5
rasp,0.5
drine,0.5
rare,0.5
loped,0.5
thal,0.5
trode,0.5
gnior,0.5
zure,0.5
tiently,0.5
serge,0.5
arched,0.5
lers,0.5
plar,0.5
rains,0.5
geant,0.5
tung,0.5
ewe,0.5
gium,0.5
gian,0.5
hex,0.5
shear,0.5
quirt,0.5
shew,0.5
quint,0.5
trage,0.5
rut,0.5
high,0.5
quash,0.5
quad,0.5
trus,0.5
hive,0.5
tranged,0.5
hipped,0.5
sters,0.5
punk,0.5
pouse,0.5
hit,0.5
hives,0.5
pade,0.5
hock,0.5
caped,0.5
psyche,0.5
link,0.5
pry,0.5
mines,0.5
err,0.5
mor,0.5
rogue,0.5
slay,0.5
hoop,0.5
cene,0.5
giant,0.5
hops,0.5
endemic,0.5
blem,0.5
mone,0.5
slight,0.5
lele,0.5
host,0.5
slim,0.5
hove,0.5
hub,0.5
rived,0.5
emu,0.5
lipse,0.5
hunk,0.5
slow,0.5
hurl,0.5
snip,0.5
elk,0.5
kel,0.5
sown,0.5
hol,0.5
hush,0.5
tings,0.5
prig,0.5
drant,0.5
lics,0.5
priest,0.5
miere,0.5
gies,0.5
zar,0.5
chete,0.5
ents,0.5
prelim,0.5
nored,0.5
alp,0.5
alms,0.5
pray,0.5
ascetic,0.5
grom,0.5
spice,0.5
alias,0.5
cend,0.5
spool,0.5
earth,0.5
spouse,0.5
squire,0.5
boule,0.5
wart,0.5
kim,0.5
stiff,0.5
tiere,0.5
talled,0.5
dun,0.5
robe,0.5
sie,0.5
pore,0.5
strait,0.5
poor,0.5
dryer,0.5
stanced,0.5
droll,0.5
stilled,0.5
strange,0.5
sprit,0.5
drag,0.5
super,0.5
rax,0.5
yp,0.5
pra,0.5
rib,0.5
tab,0.5
naire,0.5
vined,0.5
brass,0.5
poet,0.5
tarn,0.5
team,0.5
rens,0.5
thatch,0.5
thee,0.5
tressed,0.5
tound,0.5
till,0.5
raged,0.5
tich,0.5
racks,0.5
plat,0.5
tanced,0.5
geance,0.5
tint,0.5
robed,0.5
sner,0.5
titan,0.5
pill,0.5
glon,0.5
ghy,0.5
pike,0.5
groom,0.5
dike,0.5
tog,0.5
toll,0.5
dice,0.5
dyll,0.5
tome,0.5
uar,0.5
tops,0.5
resque,0.5
vee,0.5
hu,0.5
sient,0.5
bring,0.5
lanx,0.5
zoid,0.5
yan,0.5
joist,0.5
shee,0.5
spise,0.5
spair,0.5
auto,0.5
anx,0.5
leur,0.5
rar,0.5
loom,0.5
pew,0.5
tia,0.5
leer,0.5
pings,0.5
dits,0.5
petrol,0.5
haps,0.5
ketch,0.5
keyed,0.5
pise,0.5
vice,0.5
uged,0.5
kid,0.5
umph,0.5
kine,0.5
mide,0.5
kip,0.5
kit,0.5
dean,0.5
peon,0.5
brute,0.5
tow,0.5
troll,0.5
daunt,0.5
peaked,0.5
quat,0.5
lanche,0.5
lak,0.5
trop,0.5
kyat,0.5
druff,0.5
dame,0.5
nide,0.5
prite,0.5
last,0.5
pric,0.5
roled,0.5
trove,0.5
pawn,0.5
cull,0.5
queted,0.5
scaped,0.5
cud,0.5
troy,0.5
pism,0.5
crunch,0.5
dogged,0.5
tuck,0.5
ruped,0.5
talk,0.5
roads,0.5
bule,0.5
laud,0.5
parse,0.5
crimp,0.5
wark,0.5
park,0.5
pain,0.5
zers,0.5
fism,0.5
paced,0.5
yette,0.5
creole,0.5
cream,0.5
seus,0.5
leach,0.5
typo,0.5
leak,0.5
blique,0.5
buoy,0.5
crawl,0.5
crap,0.5
tyrant,0.5
cram,0.5
leek,0.5
left,0.5
mant,0.5
vers,0.5
tish,0.5
wa,0.5
opt,0.5
lend,0.5
kry,0.5
git,0.5
lib,0.5
dened,0.5
liege,0.5
nelle,0.5
limp,0.5
geon,0.5
mes,0.5
links,0.5
hort,0.5
aimed,0.5
gnac,0.5
erced,0.5
cowl,0.5
loyed,0.5
uor,0.5
lomb,0.5
lithe,0.5
blessed,0.5
lives,0.5
tave,0.5
oath,0.5
tege,0.5
nell,0.5
roy,0.5
babel,0.5
lobe,0.5
oaf,0.5
loop,0.5
nub,0.5
cop,0.5
lidge,0.5
nod,0.5
vered,0.5
lox,0.5
nit,0.5
coo,0.5
erned,0.5
luck,0.5
lused,0.5
mile,0.5
trive,0.5
stressed,0.5
tained,0.5
trained,0.5
stan,0.5
dante,0.5
scend,0.5
rene,0.5
nave,0.5
cierge,0.5
naw,0.5
carp,0.5
vend,0.5
lour,0.5
stract,0.5
umn,0.5
vie,0.5
giate,0.5
mall,0.5
cold,0.5
lan,0.5
vista,0.5
nag,0.5
lim,0.5
stound,0.5
eyed,0.5
mug,0.5
coax,0.5
saged,0.5
nee,0.5
mayor,0.5
dras,0.5
tele,0.5
clear,0.5
raine,0.5
nap,0.5
weak,0.5
los,0.5
mooch,0.5
nured,0.5
weep,0.5
ciao,0.5
yak,0.5
ures,0.5
rafe,0.5
yes,0.5
mole,0.5
oirs,0.5
chill,0.5
moldy,0.5
mete,0.5
chess,0.5
meteor,0.5
yoga,0.5
utes,0.5
pache,0.5
now,0.5
phosis,0.5
you,0.5
mice,0.5
riff,0.5
nith,0.5
lain,0.5
mize,0.5
swell,0.5
ist,0.49666666666666665
ous,0.4885654885654886
ern,0.4857142857142857
tist,0.4827586206896552
tance,0.4827586206896552
mer,0.4777777777777778
arm,0.47619047619047616
dant,0.47368421052631576
pen,0.47058823529411764
elled,0.46938775510204084
tic,0.46788990825688076
dry,0.4666666666666667
rine,0.46153846153846156
nize,0.46153846153846156
lude,0.46153846153846156
sia,0.4594594594594595
dal,0.45714285714285713
os,0.45714285714285713
lash,0.45454545454545453
pire,0.45454545454545453
sal,0.45
lor,0.45
tics,0.4482758620689655
yl,0.4444444444444444
guing,0.4444444444444444
rise,0.4444444444444444
ret,0.4444444444444444
law,0.4444444444444444
pist,0.4444444444444444
vet,0.4444444444444444
vism,0.4444444444444444
pired,0.4444444444444444
nor,0.4375
ened,0.4375
rel,0.43478260869565216
ance,0.4339622641509434
zard,0.42857142857142855
vies,0.42857142857142855
rette,0.42857142857142855
des,0.42857142857142855
ger,0.42857142857142855
lore,0.42857142857142855
pent,0.42857142857142855
sics,0.42857142857142855
rod,0.42857142857142855
lei,0.42857142857142855
hered,0.42857142857142855
zy,0.42857142857142855
rock,0.42857142857142855
nies,0.42857142857142855
vance,0.42857142857142855
ripe,0.42857142857142855
ers,0.4266666666666667
en,0.4175257731958763
tes,0.4166666666666667
lid,0.4166666666666667
lip,0.4166666666666667
rid,0.4166666666666667
ry,0.41596638655462187
died,0.4117647058823529
taged,0.4
ruse,0.4
ruff,0.4
lings,0.4
enge,0.4
maged,0.4
iard,0.4
eign,0.4
sport,0.4
ois,0.4
cheon,0.4
kin,0.4
hall,0.4
train,0.4
ends,0.4
loud,0.4
poon,0.4
peak,0.4
bless,0.4
tout,0.4
love,0.4
then,0.4
gnor,0.4
rack,0.4
armed,0.4
nings,0.4
lap,0.4
wept,0.4
aged,0.39473684210526316
lay,0.3939393939393939
al,0.39176245210727967
ens,0.3888888888888889
race,0.38461538461538464
len,0.38461538461538464
round,0.38461538461538464
mic,0.375
rag,0.375
rope,0.375
pace,0.375
empt,0.375
apt,0.375
gued,0.375
rin,0.375
stant,0.375
rey,0.375
tat,0.375
dow,0.375
nest,0.375
lete,0.375
ron,0.37209302325581395
pect,0.36363636363636365
vil,0.36363636363636365
der,0.36363636363636365
ven,0.36363636363636365
nized,0.36363636363636365
dit,0.36363636363636365
ric,0.3617021276595745
ette,0.3617021276595745
ming,0.36082474226804123
ral,0.3559322033898305
tric,0.35294117647058826
nist,0.35135135135135137
bed,0.34375
rant,0.3409090909090909
ie,0.3402061855670103
wam,0.3333333333333333
teal,0.3333333333333333
teak,0.3333333333333333
tamp,0.3333333333333333
ims,0.3333333333333333
ysm,0.3333333333333333
topped,0.3333333333333333
locked,0.3333333333333333
nu,0.3333333333333333
strel,0.3333333333333333
doff,0.3333333333333333
sway,0.3333333333333333
pis,0.3333333333333333
tage,0.3333333333333333
tripe,0.3333333333333333
tash,0.3333333333333333
lag,0.3333333333333333
gey,0.3333333333333333
strum,0.3333333333333333
stole,0.3333333333333333
reme,0.3333333333333333
earl,0.3333333333333333
chen,0.3333333333333333
sprint,0.3333333333333333
bes,0.3333333333333333
raced,0.3333333333333333
yr,0.3333333333333333
pelt,0.3333333333333333
vic,0.3333333333333333
oust,0.3333333333333333
truck,0.3333333333333333
alum,0.3333333333333333
core,0.3333333333333333
itz,0.3333333333333333
splay,0.3333333333333333
tey,0.3333333333333333
quid,0.3333333333333333
eens,0.3333333333333333
gings,0.3333333333333333
twit,0.3333333333333333
hid,0.3333333333333333
gine,0.3333333333333333
sen,0.3333333333333333
ston,0.3333333333333333
nock,0.3333333333333333
raud,0.3333333333333333
tere,0.3333333333333333
lien,0.3333333333333333
pur,0.3333333333333333
slate,0.3333333333333333
violet,0.3333333333333333
trange,0.3333333333333333
orts,0.3333333333333333
gio,0.3333333333333333
urb,0.3333333333333333
lience,0.3333333333333333
aired,0.3333333333333333
lient,0.3333333333333333
asked,0.3333333333333333
esque,0.3333333333333333
ooze,0.3333333333333333
hire,0.3333333333333333
fen,0.3333333333333333
lest,0.3333333333333333
coop,0.3333333333333333
hick,0.3333333333333333
rest,0.3333333333333333
isle,0.3333333333333333
delled,0.3333333333333333
lared,0.3333333333333333
scat,0.3333333333333333
finance,0.3333333333333333
scar,0.3333333333333333
liged,0.3333333333333333
metal,0.3333333333333333
sperse,0.3333333333333333
runt,0.3333333333333333
forte,0.3333333333333333
ganized,0.3333333333333333
plash,0.3333333333333333
ramp,0.3333333333333333
ranch,0.3333333333333333
not,0.3333333333333333
yon,0.3333333333333333
rump,0.3333333333333333
plight,0.3333333333333333
lode,0.3333333333333333
gelica,0.3333333333333333
lese,0.3333333333333333
cape,0.3333333333333333
loss,0.3333333333333333
lanced,0.3333333333333333
wry,0.3333333333333333
ruin,0.3333333333333333
rug,0.3333333333333333
aire,0.3333333333333333
fuel,0.3333333333333333
deled,0.3333333333333333
roil,0.3333333333333333
reer,0.3333333333333333
klet,0.3333333333333333
ket,0.3333333333333333
lam,0.3333333333333333
stinct,0.3333333333333333
rob,0.3333333333333333
ualed,0.3333333333333333
ling,0.3333333333333333
ualled,0.3333333333333333
vage,0.3333333333333333
his,0.3333333333333333
gland,0.3333333333333333
rang,0.3333333333333333
tue,0.3333333333333333
inn,0.3333333333333333
roach,0.3333333333333333
strous,0.3333333333333333
scot,0.3333333333333333
ween,0.3333333333333333
vion,0.3333333333333333
welt,0.3333333333333333
trict,0.3333333333333333
wipe,0.3333333333333333
mart,0.3333333333333333
hoot,0.3333333333333333
lone,0.3333333333333333
bene,0.3333333333333333
hake,0.3333333333333333
halt,0.3333333333333333
hank,0.3333333333333333
hence,0.3333333333333333
hare,0.3333333333333333
leased,0.3333333333333333
hanged,0.3333333333333333
chio,0.3333333333333333
helm,0.3333333333333333
harp,0.3333333333333333
yen,0.3333333333333333
hug,0.3333333333333333
rake,0.3333333333333333
nore,0.3333333333333333
yll,0.3333333333333333
oc,0.3333333333333333
pite,0.3333333333333333
rep,0.3333333333333333
hay,0.3333333333333333
hut,0.3333333333333333
hump,0.3333333333333333
rent,0.3333333333333333
nage,0.3333333333333333
reign,0.3333333333333333
refer,0.3333333333333333
hum,0.3333333333333333
gor,0.3333333333333333
nure,0.3333333333333333
rolled,0.3333333333333333
ule,0.32432432432432434
rate,0.3227848101265823
el,0.3225806451612903
rum,0.32142857142857145
phic,0.3157894736842105
act,0.3157894736842105
ior,0.3125
rush,0.3076923076923077
arch,0.3076923076923077
roid,0.3076923076923077
it,0.30601092896174864
nism,0.3055555555555556
rized,0.30434782608695654
a,0.30403800475059384
ken,0.3023255813953488
ant,0.3
pish,0.3
fed,0.3
rence,0.3
its,0.3
dance,0.3
rive,0.3
east,0.3
kle,0.3
ence,0.2978723404255319
rize,0.29545454545454547
es,0.29473684210526313
ging,0.29444444444444445
rite,0.2903225806451613
nish,0.2894736842105263
lace,0.2857142857142857
raise,0.2857142857142857
oped,0.2857142857142857
rist,0.2857142857142857
rand,0.2857142857142857
spy,0.2857142857142857
gic,0.2857142857142857
uine,0.2857142857142857
eon,0.2857142857142857
rank,0.2857142857142857
neal,0.2857142857142857
apse,0.2857142857142857
hop,0.2857142857142857
rote,0.2857142857142857
ae,0.2857142857142857
ed,0.28309352517985614
ver,0.2785714285714286
ning,0.2732919254658385
tock,0.2727272727272727
ho,0.2727272727272727
nette,0.2727272727272727
thing,0.2727272727272727
rol,0.2727272727272727
anced,0.2727272727272727
lish,0.2692307692307692
ered,0.2692307692307692
chy,0.26666666666666666
rick,0.26666666666666666
dies,0.26666666666666666
ets,0.26666666666666666
an,0.2638623326959847
ray,0.2608695652173913
ate,0.2597911227154047
lized,0.2564102564102564
lize,0.2535211267605634
eaves,0.25
kling,0.25
els,0.25
science,0.25
rase,0.25
lob,0.25
lab,0.25
rout,0.25
ien,0.25
oes,0.25
lique,0.25
rook,0.25
owned,0.25
learned,0.25
heist,0.25
roned,0.25
sies,0.25
erg,0.25
once,0.25
hance,0.25
rice,0.25
tio,0.25
dial,0.25
heck,0.25
edge,0.25
slier,0.25
yx,0.25
seer,0.25
lump,0.25
illed,0.25
eared,0.25
orb,0.25
icked,0.25
heal,0.25
rein,0.25
laced,0.25
lide,0.25
glet,0.25
amb,0.25
sliest,0.25
wage,0.25
rend,0.25
unit,0.25
lice,0.25
trable,0.25
hate,0.25
stem,0.25
entist,0.25
rig,0.25
ours,0.25
mage,0.25
hey,0.25
lious,0.25
arts,0.25
perm,0.25
trel,0.25
reen,0.25
elm,0.25
rass,0.25
naged,0.25
rille,0.25
lume,0.25
risk,0.25
rade,0.25
him,0.25
elect,0.25
emn,0.25
ask,0.25
legged,0.25
hard,0.25
nob,0.25
enced,0.25
par,0.25
nown,0.25
tart,0.25
haft,0.25
hack,0.25
lake,0.25
ringe,0.25
enth,0.25
lair,0.25
pun,0.25
viled,0.25
luff,0.25
lic,0.24444444444444444
as,0.23809523809523808
ese,0.23809523809523808
rat,0.23076923076923078
dest,0.23076923076923078
kler,0.23076923076923078
ee,0.2302158273381295
read,0.22727272727272727
ther,0.22580645161290322
ridge,0.2222222222222222
wed,0.2222222222222222
iar,0.2222222222222222
nes,0.2222222222222222
lad,0.2222222222222222
heel,0.2222222222222222
oir,0.2222222222222222
strate,0.2222222222222222
ius,0.2222222222222222
lose,0.2222222222222222
lack,0.2222222222222222
ting,0.2217391304347826
list,0.21818181818181817
ree,0.21428571428571427
ster,0.21428571428571427
ner,0.21311475409836064
lism,0.21052631578947367
rage,0.21052631578947367
rain,0.20833333333333334
et,0.20512820512820512
les,0.20454545454545456
eer,0.20408163265306123
id,0.20108695652173914
rash,0.2
trip,0.2
ilk,0.2
iel,0.2
lass,0.2
lict,0.2
res,0.2
lint,0.2
erce,0.2
tess,0.2
earned,0.2
taff,0.2
dup,0.2
kers,0.2
raze,0.2
omed,0.2
fluent,0.2
bute,0.2
sling,0.2
oar,0.2
riel,0.2
rape,0.2
hose,0.2
shed,0.2
oak,0.2
nos,0.2
we,0.2
hers,0.2
oms,0.2
tein,0.2
ors,0.2
rios,0.2
lung,0.2
lush,0.2
vid,0.2
raid,0.2
anal,0.2
wain,0.2
anon,0.2
seous,0.2
wine,0.2
pout,0.2
wish,0.2
earn,0.2
cest,0.2
rime,0.2
tone,0.1956521739130435
ah,0.19444444444444445
ode,0.1935483870967742
rous,0.18888888888888888
iled,0.1875
oid,0.1836734693877551
aunt,0.18181818181818182
rism,0.18181818181818182
ions,0.18181818181818182
vel,0.18181818181818182
sky,0.18181818181818182
y,0.17772612003381233
ite,0.17647058823529413
iff,0.17647058823529413
ey,0.17647058823529413
cer,0.1724137931034483
ler,0.1718213058419244
gue,0.17142857142857143
rink,0.16666666666666666
glio,0.16666666666666666
rile,0.16666666666666666
hoe,0.16666666666666666
rough,0.16666666666666666
oft,0.16666666666666666
here,0.16666666666666666
hout,0.16666666666666666
tool,0.16666666666666666
irk,0.16666666666666666
uid,0.16666666666666666
stern,0.16666666666666666
laze,0.16666666666666666
lout,0.16666666666666666
tall,0.16666666666666666
acked,0.16666666666666666
urge,0.16666666666666666
cond,0.16666666666666666
lame,0.16666666666666666
tium,0.16666666666666666
near,0.16666666666666666
hest,0.16666666666666666
lew,0.16666666666666666
if,0.16666666666666666
iers,0.16666666666666666
blet,0.16666666666666666
retch,0.16666666666666666
rong,0.16666666666666666
cribed,0.16666666666666666
tick,0.16666666666666666
kies,0.16666666666666666
mics,0.16666666666666666
ruct,0.16666666666666666
tore,0.16666666666666666
orch,0.16666666666666666
elves,0.16666666666666666
hod,0.16666666666666666
ledge,0.16666666666666666
haw,0.16666666666666666
iah,0.16666666666666666
uge,0.16666666666666666
rub,0.16666666666666666
ties,0.16666666666666666
oed,0.16666666666666666
lug,0.16666666666666666
rue,0.16666666666666666
roof,0.15789473684210525
iced,0.15789473684210525
i,0.15753424657534246
ring,0.15584415584415584
ert,0.15555555555555556
ond,0.15384615384615385
pes,0.15384615384615385
cier,0.15384615384615385
lane,0.15384615384615385
ent,0.15129151291512916
ha,0.15
o,0.14928909952606634
ding,0.14814814814814814
zier,0.14814814814814814
che,0.14705882352941177
ice,0.14473684210526316
lank,0.14285714285714285
geal,0.14285714285714285
ides,0.14285714285714285
sit,0.14285714285714285
rift,0.14285714285714285
gid,0.14285714285714285
owed,0.14285714285714285
rung,0.14285714285714285
thic,0.14285714285714285
hat,0.14285714285714285
ads,0.14285714285714285
ached,0.14285714285714285
liance,0.14285714285714285
edit,0.14285714285714285
liant,0.14285714285714285
erb,0.14285714285714285
alt,0.14285714285714285
liar,0.14285714285714285
airs,0.14285714285714285
stered,0.14285714285714285
rix,0.14285714285714285
crew,0.14285714285714285
eant,0.14285714285714285
hee,0.14285714285714285
loy,0.14285714285714285
aced,0.13793103448275862
used,0.13513513513513514
ade,0.13333333333333333
dic,0.13333333333333333
wing,0.13157894736842105
ored,0.13043478260869565
ured,0.12962962962962962
ued,0.12903225806451613
ives,0.125
mish,0.125
isk,0.125
yal,0.125
oled,0.125
rio,0.125
lored,0.125
raw,0.125
ute,0.125
pic,0.125
ince,0.125
vier,0.125
ersed,0.125
rim,0.125
eenth,0.125
hor,0.125
lave,0.125
eased,0.125
rude,0.125
ines,0.125
elle,0.125
ased,0.125
eft,0.125
obe,0.125
rance,0.125
lia,0.125
ied,0.12322274881516587
ax,0.12
ted,0.11918604651162791
ram,0.11764705882352941
ough,0.11764705882352941
nier,0.11627906976744186
ol,0.11320754716981132
ole,0.11290322580645161
outh,0.1111111111111111
ume,0.1111111111111111
ios,0.1111111111111111
ou,0.1111111111111111
ube,0.1111111111111111
rill,0.1111111111111111
alled,0.1111111111111111
aled,0.1111111111111111
ease,0.1111111111111111
fing,0.1111111111111111
vish,0.1111111111111111
asp,0.1111111111111111
cover,0.1111111111111111
ducer,0.1111111111111111
ua,0.1111111111111111
lean,0.1111111111111111
hew,0.1111111111111111
hi,0.1111111111111111
rom,0.1111111111111111
hell,0.1111111111111111
em,0.10869565217391304
ot,0.10810810810810811
nia,0.10810810810810811
ace,0.1076923076923077
of,0.10714285714285714
ress,0.10606060606060606
maker,0.10526315789473684
or,0.10278372591006424
dier,0.10256410256410256
ile,0.10204081632653061
in,0.10153846153846154
rip,0.1
ins,0.1
kie,0.1
end,0.1
be,0.1
esce,0.1
urn,0.1
aim,0.1
rave,0.1
cit,0.1
hen,0.1
och,0.1
ure,0.1
olled,0.1
stal,0.1
ounce,0.1
velled,0.1
etch,0.1
nic,0.0967741935483871
une,0.09523809523809523
om,0.09345794392523364
is,0.09289617486338798
ere,0.09259259259259259
aught,0.09090909090909091
rust,0.09090909090909091
ded,0.09090909090909091
sten,0.09090909090909091
sory,0.09090909090909091
erge,0.09090909090909091
cribe,0.09090909090909091
poser,0.09090909090909091
ience,0.09090909090909091
awl,0.09090909090909091
sest,0.09090909090909091
hin,0.09090909090909091
inch,0.09090909090909091
imp,0.09090909090909091
old,0.08928571428571429
ser,0.0891089108910891
im,0.08888888888888889
ine,0.08745247148288973
oned,0.08695652173913043
ept,0.08695652173913043
ene,0.08571428571428572
ker,0.0855614973262032
zer,0.08450704225352113
bier,0.08333333333333333
nics,0.08333333333333333
phere,0.08333333333333333
ouch,0.08333333333333333
idge,0.08333333333333333
eight,0.08333333333333333
als,0.08333333333333333
veled,0.08333333333333333
lium,0.08333333333333333
oe,0.08333333333333333
ege,0.08333333333333333
asm,0.08333333333333333
lian,0.08333333333333333
il,0.08270676691729323
ined,0.08163265306122448
cher,0.08064516129032258
ard,0.08064516129032258
ar,0.08058608058608059
kly,0.08
lier,0.08
art,0.07894736842105263
elf,0.07692307692307693
the,0.07692307692307693
sier,0.07692307692307693
ream,0.07692307692307693
each,0.07692307692307693
ses,0.07692307692307693
gly,0.07692307692307693
vated,0.07692307692307693
scent,0.07407407407407407
ea,0.07407407407407407
een,0.07317073170731707
ide,0.07272727272727272
hot,0.07142857142857142
rove,0.07142857142857142
itch,0.07142857142857142
awn,0.07142857142857142
air,0.07142857142857142
at,0.07058823529411765
ky,0.07058823529411765
all,0.07042253521126761
ries,0.07
ass,0.06976744186046512
ons,0.06896551724137931
ex,0.06896551724137931
reed,0.06666666666666667
owl,0.06666666666666667
eau,0.06666666666666667
ident,0.06666666666666667
ach,0.06666666666666667
iance,0.06666666666666667
op,0.06666666666666667
eve,0.06666666666666667
fic,0.06666666666666667
ged,0.06666666666666667
use,0.0660377358490566
ad,0.06535947712418301
ew,0.06451612903225806
sting,0.06451612903225806
ue,0.064
ise,0.06382978723404255
ient,0.06382978723404255
sing,0.06358381502890173
on,0.06293169608595549
ared,0.0625
hone,0.0625
tally,0.0625
ves,0.0625
ire,0.058823529411764705
ark,0.058823529411764705
ump,0.058823529411764705
bia,0.058823529411764705
king,0.05737704918032787
sty,0.05714285714285714
ane,0.05660377358490566
ought,0.05555555555555555
erse,0.05555555555555555
ange,0.05555555555555555
uct,0.05555555555555555
uer,0.05555555555555555
raft,0.05555555555555555
iant,0.05555555555555555
cope,0.05555555555555555
am,0.05555555555555555
ped,0.05454545454545454
ell,0.05357142857142857
rer,0.05303030303030303
ang,0.05263157894736842
io,0.05263157894736842
ult,0.05263157894736842
inter,0.05263157894736842
ick,0.05172413793103448
ak,0.05128205128205128
ract,0.05
oll,0.05
rap,0.05
ian,0.05
eel,0.05
ugh,0.05
shy,0.05
u,0.05
au,0.05
sher,0.05
amp,0.047619047619047616
ow,0.047244094488188976
ose,0.04597701149425287
zing,0.04597701149425287
eat,0.045454545454545456
ape,0.045454545454545456
yer,0.044444444444444446
ale,0.044444444444444446
pe,0.043859649122807015
ete,0.043478260869565216
ict,0.043478260869565216
ub,0.041666666666666664
gier,0.041666666666666664
tier,0.0410958904109589
ab,0.04
ost,0.04
ash,0.04
our,0.038461538461538464
one,0.038461538461538464
eral,0.038461538461538464
aft,0.038461538461538464
us,0.038109756097560975
ious,0.03773584905660377
le,0.037241379310344824
oil,0.037037037037037035
ink,0.037037037037037035
oo,0.037037037037037035
ir,0.037037037037037035
ith,0.037037037037037035
aph,0.03571428571428571
and,0.035398230088495575
ual,0.034482758620689655
lla,0.034482758620689655
ia,0.03375527426160337
sted,0.03333333333333333
ised,0.03333333333333333
ame,0.03333333333333333
ude,0.03278688524590164
ast,0.031746031746031744
ill,0.031746031746031744
ail,0.031746031746031744
own,0.03125
ath,0.03125
od,0.03125
ion,0.03111111111111111
tly,0.030456852791878174
med,0.030303030303030304
re,0.029748283752860413
aid,0.029411764705882353
ne,0.028680688336520075
und,0.02666666666666667
que,0.02631578947368421
ote,0.02631578947368421
tory,0.02608695652173913
ord,0.02564102564102564
ock,0.02531645569620253
ore,0.025
oy,0.025
over,0.025
ial,0.024875621890547265
nity,0.024390243902439025
pier,0.023809523809523808
ess,0.023622047244094488
me,0.023391812865497075
ase,0.022222222222222223
ain,0.021739130434782608
oat,0.02127659574468085
ving,0.02040816326530612
dly,0.019736842105263157
eous,0.0196078431372549
ave,0.019230769230769232
hip,0.019230769230769232
eed,0.018518518518518517
led,0.01824817518248175
orn,0.017543859649122806
ear,0.017543859649122806
sly,0.017241379310344827
ive,0.017045454545454544
ce,0.01694915254237288
ke,0.016853932584269662
are,0.016666666666666666
ked,0.016129032258064516
ier,0.015772870662460567
int,0.015151515151515152
b,0.014285714285714285
ap,0.014285714285714285
ect,0.014285714285714285
te,0.01412180052956752
ch,0.013513513513513514
ve,0.012295081967213115
ay,0.011111111111111112
ip,0.010752688172043012
ogy,0.01020408163265306
ary,0.009900990099009901
de,0.009868421052631578
p,0.009280742459396751
red,0.008928571428571428
ut,0.008403361344537815
zed,0.007142857142857143
ze,0.006968641114982578
ned,0.006756756756756757
se,0.006437768240343348
her,0.00546448087431694
ge,0.005376344086021506
ll,0.004424778761061947
m,0.0032292787944025836
l,0.003126628452318916
n,0.00141643059490085
s,0.0012213740458015267
r,0.0011233430689732643
d,0.0010167768174885613
e,0.0009971509971509972
t,0.0005434782608695652
g,0.00032808398950131233
