"",12049
b,2293
bl,388
bm,1
br,500
by,8
byg,2
byl,3
byp,6
bypr,2
byst,2
byt,2
byw,3
c,3810
ch,621
chl,13
chr,34
chrys,3
cl,393
cr,520
cry,6
crypt,13
crypts,1
cryst,13
cy,3
cyb,5
cyc,2
cycl,17
cygn,2
cyl,4
cymb,2
cyn,5
cyph,2
cypr,7
cyst,5
cysts,1
cyt,8
cz,4
d,3418
dd,1
dh,1
dr,288
dry,6
drycl,2
dryly,1
dryn,1
dryst,1
dw,18
dy,12
dyk,2
dyn,14
dys,1
dysf,3
dysl,4
dysp,2
dystr,1
f,1765
fj,2
fl,415
fly,7
flyh,1
flyp,2
flyw,3
flywh,1
fr,356
fry,5
g,1042
gd,1
gh,20
gl,196
glyc,4
glyph,1
glyphs,1
gn,24
gr,519
gym,1
gymkh,1
gymn,7
gyms,1
gyn,4
gyps,2
gypsy,1
gyr,11
h,1871
hmm,1
hy,6
hybr,4
hydr,48
hyg,5
hygr,1
hym,2
hymn,2
hymnb,1
hymns,1
hyp,56
hyph,9
hypn,11
hyss,1
hyst,7
j,473
k,247
kh,6
kl,7
kn,85
kr,6
krypt,1
kw,2
l,1801
ll,2
lls,1
lych,2
ly,4
lymph,8
lynch,4
lynchp,1
lynx,2
lyr,11
lys,1
m,2899
mb,1
mn,3
mr,1
mrs,1
ms,1
my,8
myn,2
myr,2
myrrh,1
mys,1
myst,15
myth,7
myths,1
myx,1
n,907
nd,1
ng,3
ny,1
nyl,2
nymph,4
nymphs,1
p,2723
ph,144
phl,6
phr,11
phyl,5
phys,21
phyt,1
pl,331
ply,2
plyw,1
pn,3
pr,1226
pry,3
ps,14
psych,42
pt,5
pygm,1
pygmy,1
pyj,2
pyl,2
pyr,17
pyth,2
q,290
r,3583
rh,39
rhym,5
rhythm,4
rhythms,1
rw,1
ry,1
s,2710
sc,276
sch,59
schm,1
schn,1
schw,2
scl,1
scr,139
scyth,4
sh,501
shr,57
shy,4
shyly,1
shyn,1
sj,1
sk,112
sky,1
skyd,6
skyh,1
skyl,6
skysc,1
skyscr,2
skyw,2
sl,323
sly,2
slyly,1
slyn,1
sm,135
sn,176
sp,467
sph,11
sphygm,1
spl,49
spr,70
spry,1
spy,3
spygl,1
spyh,1
sq,95
sr,1
st,791
str,261
strychn,1
sty,1
styl,17
stym,2
styr,1
styx,1
sw,219
syc,7
sydn,1
syll,11
sylph,1
sylphs,1
symb,17
symm,7
symp,12
symph,4
sympt,5
syn,21
sync,3
synchr,11
syncr,1
synd,6
syndr,2
synt,5
synth,11
syph,6
syr,7
syst,10
t,1602
th,274
thr,96
thw,5
thy,1
thym,2
thyr,4
thys,1
tr,748
try,2
ts,2
tsh,1
tsw,2
tw,79
tyc,2
ty,1
tyk,2
typ,40
typh,4
tyr,13
v,810
vy,1
w,1209
wh,217
why,1
whys,1
wr,111
wry,1
wryly,1
wryn,1
x,5
xh,2
xm,1
xr,4
xyl,2
y,142
yrs,1
yttr,1
z,86
