વું,771
પ,168
અ,162
સ,149
વ,147
રી,146
વા,146
મ,130
વિ,121
સં,119
સા,112
મા,109
રા,107
ર,105
ક,105
પ્ર,104
ડી,103
રો,100
ય,99
તા,91
ના,90
ત,89
તિ,87
કા,86
આ,85
ન,85
ગ,83
ડો,78
યું,76
નિ,75
રું,73
પા,73
ણું,73
ણી,68
લો,65
ડું,65
યા,65
કો,64
તી,63
બ,62
તર,61
દ,60
દા,60
લા,60
ભા,58
લી,58
જા,57
ભ,54
યો,54
ઉ,54
સો,53
કાર,52
ચ,52
લ,52
ધ,51
ની,51
ળી,49
હ,49
લું,48
જી,48
ળું,48
ચા,48
બા,47
રિ,45
હા,45
રણ,45
ડા,45
ખ,45
દી,44
સુ,43
ચો,42
કી,42
પર,41
ખા,41
જ,41
મો,39
હે,38
વે,38
બે,38
ગા,37
ધા,37
સી,36
સર,36
ઇ,35
ગી,35
કું,33
શી,33
ઘ,33
ફ,33
દર,33
માન,32
ગર,32
બી,30
વર,30
દે,30
પો,30
તું,29
વો,29
શ,29
બો,29
ટી,29
શા,28
દો,28
નો,28
થા,28
મુ,28
જો,28
ટો,27
વી,27
ળો,27
દુ,26
ટા,26
ટ,26
શક,25
રે,25
પી,25
થી,24
ળા,24
કર,24
બં,24
ગો,24
મં,24
ખો,24
ફા,24
રં,23
ભૂ,23
ત્ર,23
રાજ,23
મત,23
વાર,23
ચી,22
પં,22
દાર,22
ચું,22
શિ,22
મે,22
હી,22
મી,21
પુ,21
મર,21
સર્,21
ણા,21
એક,21
ચક,21
જુ,21
ચાર,20
તો,20
થ,20
ષ,20
સૂ,20
ઊ,20
ઈ,20
તુ,20
અં,20
રુ,20
એ,20
ટક,20
વર્,19
ડ,19
બર,19
હાર,19
છ,19
ધિ,19
નિર્,19
ળિ,18
વન,18
લે,18
તે,18
નુ,18
પડ,18
ધો,18
રત,18
ણિ,18
ઝ,18
રક,18
છા,18
પટ,18
રામ,17
રસ,17
મૂ,17
નું,17
કુ,17
પત્,17
જન,17
ભિ,16
ઓ,16
ટું,16
નવ,16
તન,16
હિ,16
પૂ,16
સમ,16
ગું,16
ધી,16
રમ,16
મું,15
સિ,15
પણ,15
ફર,15
ખું,15
ખી,15
વાસ,15
મિ,15
દિ,14
તક,14
ને,14
સત્,14
રજ,14
ણો,14
િત,14
ષણ,14
હો,14
ષા,14
ગણ,14
પે,14
ગત,14
મણ,14
રૂ,14
ઘર,14
કે,14
કળ,14
ઠા,14
વળ,14
ધાર,13
રવ,13
લિ,13
કં,13
ગળ,13
ભર,13
સ્વ,13
યાત,13
ભાવ,13
વડ,13
ઝા,13
ચડ,13
દન,13
હુ,13
શો,12
લક,12
પક,12
લોક,12
ણ,12
મન,12
સહ,12
ગમ,12
માર,12
તં,12
છે,12
વટ,12
વાદ,12
દેશ,12
ચન,12
બડ,12
ધર્,12
ઉપ,12
આં,12
ખે,12
જીવ,12
ગુ,12
નામ,11
ડિ,11
પાર,11
પૂર્,11
વણ,11
ડક,11
ચર,11
ગિ,11
ધુ,11
મજ,11
બક,11
બળ,11
પિ,11
ગડ,11
લન,11
મક,11
પ્રા,11
સદ્,11
ષી,10
સે,10
દર્,10
વક,10
ભો,10
ગોળ,10
તેર,10
યાર,10
ઘો,10
પક્,10
લાવ,10
ફળ,10
ખડ,10
નિષ્,10
ત્રી,10
ટાવ,10
ચે,10
નક,10
લવ,10
માલ,10
રાત,10
વ્ય,10
ધન,10
યક,10
દું,10
સું,10
તલ,10
જૂ,10
શાસ્,10
ખોર,10
બૂ,10
ઠું,10
જક,9
મર્,9
ગ્રહ,9
ઊં,9
વિદ્,9
રસ્,9
તાર,9
ચૂ,9
લપ,9
શર,9
સઠ,9
ધર,9
કોર,9
યત,9
બું,9
ઠ,9
ઉત્,9
વિસ્,9
ફાં,9
લૂ,9
મળ,9
સાં,9
ચિ,9
રખ,9
અવ,9
ઢું,9
કાં,9
બાર,9
વાં,9
વાન,9
ભી,8
ડગ,8
પૂર,8
થો,8
જિ,8
માણ,8
મલ,8
સન,8
રાવ,8
ત્યા,8
સિક,8
માં,8
ગેર,8
બદ,8
બંધ,8
વં,8
ચિત,8
જવ,8
ગલ,8
કલ્,8
હર,8
ઠો,8
લત,8
નખ,8
ઠી,8
ચં,8
શે,8
જર,8
ખં,8
ભે,8
ડાવ,8
પાં,8
ભવ,8
નિક,8
અડ,8
બિ,8
ચાલ,8
વસ્,8
આમ,8
હસ્,8
ળવ,8
હેર,8
સાર,7
હાલ,7
ઉં,7
યોગ,7
ગાર,7
ક્ષ,7
કલ,7
વિશ્,7
ભાર,7
અજ,7
દય,7
ઘા,7
કમ,7
આપ,7
માવ,7
કડ,7
નમ,7
ષક,7
વત,7
થર,7
નૈ,7
ભક,7
વીસ,7
દૂ,7
ભાગ,7
વિક,7
ણે,7
વાળ,7
પગ,7
દિલ,7
ફે,7
જે,7
ફડ,7
કચ,7
રીસ,7
કાળ,7
પાસ,7
વેશ,7
થિ,7
દાન,7
સક,7
હળ,7
યણ,7
ધમ,7
વાજ,7
વસ,7
શિક્,7
જડ,7
ષિ,7
બુ,7
લં,7
વ્યવ,7
વ્યા,7
સ્થા,7
ઘટ,7
રોજ,7
લાં,7
લુ,7
જન્,7
ટે,7
બત,7
ટિ,7
છૂટ,7
બાળ,7
ધું,6
ડાં,6
હિં,6
અક્,6
અત્,6
ઢી,6
દળ,6
ઘું,6
લમ,6
રાળ,6
ખાણ,6
યુ,6
વાટ,6
ડં,6
અપ,6
રંગ,6
ભેદ,6
ભગ,6
નં,6
લય,6
પન,6
ધાન,6
તાં,6
ત્રા,6
છી,6
િ,6
રચ,6
ઝટ,6
જાન,6
વાલ,6
મોર,6
ચણ,6
લણ,6
પથ,6
ખર,6
અણ,6
વીર,6
માત્,6
હાડ,6
હલ,6
દં,6
ફી,6
પાટ,6
મય,6
ભં,6
હક,6
મગ,6
દેવ,6
કર્,6
શુ,6
રાશ,6
નાશ,6
મુખ,6
બાજ,6
કત,6
શેષ,6
લામ,6
જ્ઞા,6
તાવ,6
વૈ,6
ઞા,6
જાર,6
જામ,6
રૂપ,6
યમ,6
નર્,6
તિક,6
રક્,6
શય,6
તમ,6
છું,6
પાત,6
સાવ,6
હાથ,6
પત,6
તાપ,6
રિક,6
અક,6
ઘડ,6
શિષ્,6
પું,6
કામ,6
કેલ,6
કટ,6
ળીસ,6
ગં,6
સૂર્,6
હીં,6
લીસ,6
તડ,6
ગ્ર,6
ઠે,6
ટપ,6
જોડ,6
વીં,5
સન્,5
ખાવ,5
મુદ્,5
માજ,5
પજ,5
ડર,5
જં,5
હૃ,5
ભેળ,5
ઝઘ,5
નાસ,5
નાગ,5
ચટ,5
ઠિ,5
નિશ્,5
ભૂં,5
જણ,5
શિલ્,5
ત્રીસ,5
નિર,5
શસ્,5
હિત,5
હન,5
ઝર,5
યર,5
છેદ,5
‌કર,5
ખમ,5
ગટ,5
ત્રિ,5
દાવ,5
માળ,5
કન,5
બત્,5
હેલ,5
હણ,5
યાળ,5
ઘી,5
જું,5
થે,5
સાદ,5
ધૂ,5
મિક,5
શબ્,5
કાત,5
નજ,5
નન,5
યાન,5
ઝં,5
શાળ,5
પલ,5
ખળ,5
મુક,5
વૃધ્,5
છો,5
બાપ,5
છળ,5
ભડ,5
વીજ,5
પાક,5
કૂળ,5
ફો,5
વિધ,5
વાહ,5
કાવ,5
ર્યું,5
સાર્,5
છૂ,5
ખટ,5
મેલ,5
ડપ,5
આવ,5
બેસ,5
ઘે,5
ળ,5
દોડ,5
કાન,5
રીત,5
સાલ,5
ધણ,5
યિ,5
વાસ્,5
તવ,5
પૈ,5
પાળ,5
રેક,5
ચક્,5
વાય,5
સ્વી,5
ડાઈ,5
ઠેક,5
ચિં,5
ઠં,5
સાંક,5
દુર્,5
કવ,5
ડૂં,5
સાક્,5
રાગ,5
રાંત,5
હડ,5
યિક,5
વાડ,5
રોપ,5
ખાત,5
સણ,5
બચ,5
કૂ,5
વાત,5
ગામ,5
છોડ,5
લગ,5
ગાડ,5
ખત,5
રોળ,5
ઘુ,5
ફટ,5
ઋ,5
ગિક,5
સિં,5
ચોક,5
ગે,5
જોગ,5
શાન,5
ધામ,5
ણસ,5
લટ,5
પ્રત્,5
જમ,5
રાક,5
દાય,5
લલ,5
લાદ,5
લિં,5
દેહ,5
લાગ,5
ઉદ્,5
દડ,5
ણિક,5
બોધ,5
લાલ,5
જત,5
સંત,5
ળાવ,5
ચળ,5
સૌ,5
ફૂ,5
ફુ,5
લાક,5
ભોગ,5
ધક,5
લખ,5
ખસ,5
લાશ,4
તાન,4
લચ,4
ફૂલ,4
લૂટ,4
લેણ,4
લોપ,4
ડાઇ,4
કૂક,4
લીમ,4
ચર્,4
લંગ,4
તૂ,4
ભાળ,4
લત્,4
ખોડ,4
વચ,4
ન્ય,4
ઓટ,4
સૈ,4
સ્પર્,4
પેટ,4
ફાટ,4
ડુ,4
મામ,4
લળ,4
લાજ,4
યુક,4
જાણ,4
દમ,4
લોટ,4
ધ્યા,4
રહ,4
તાલ,4
ફાલ,4
ઝાડ,4
વગ,4
દિગ્,4
ફક,4
ફં,4
થોક,4
જલ,4
કપ,4
પચ,4
સિધ્,4
નસ,4
દ્ર,4
દક્,4
ક્રમ,4
છોક,4
વૃત્,4
ગીન,4
રશ,4
ષિત,4
ચૂપ,4
ચસ્,4
કાપ,4
ખ્યા,4
તજ,4
લાત,4
હોર,4
સંગ,4
હઠ,4
કિ,4
દાસ,4
આબ,4
તણ,4
ત્ય,4
જળ,4
દાઝ,4
કૂત,4
નર,4
લગ્,4
ભાત,4
બાવ,4
સામ,4
દોષ,4
ડમ,4
ગન,4
ચવ,4
ષિક,4
વાર્,4
થલ,4
થમ,4
રથ,4
ઘણ,4
બાણ,4
પિત્,4
ભળ,4
દૂર,4
રાઇ,4
યે,4
ગાજ,4
ખૂ,4
સિત્,4
પટ્,4
ગૂ,4
કોથ,4
જૂર,4
તાક,4
દેડ,4
યં,4
દિત,4
મિત,4
ણક,4
ચોર,4
કાશ,4
મોજ,4
દંત,4
ટન,4
ક્ષર,4
બન,4
ડોળ,4
પૂજ,4
આશ્,4
કાસ,4
પદ,4
ળક,4
તોડ,4
ઝણ,4
કણ,4
પોળ,4
પુર,4
દોર,4
પળ,4
યુવ,4
આસ્,4
ઝળ,4
સલ,4
રોધ,4
ભાસ,4
પ્રત,4
વાંદ,4
ટચ,4
તત્ત્,4
લાઈ,4
લાપ,4
ઘાત,4
સાહ,4
બિન,4
પૂછ,4
તોષ,4
લાસ,4
પાય,4
ભણ,4
સાબ,4
થક,4
ચેત,4
રાટ,4
હાં,4
પાન,4
આગ,4
પાત્,4
વેગ,4
ચાણ,4
અૌ,4
ઘૂ,4
જાત,4
ઢો,4
તળ,4
ઘૂમ,4
દીક,4
નીમ,4
પાડ,4
ષાં,4
વાવ,4
માન્,4
પાપ,4
પેક્,4
ડોશ,4
લક્,4
સાન,4
મૂળ,4
ચૂક,4
મીં,4
બૂક,4
વેર,4
મંદ,4
જાગ,4
હેન,4
રીક્,4
બિં,4
દુખ,4
નણ,4
સાણ,4
હં,4
શણ,4
છાપ,4
હિષ્,4
ણુ,4
સળ,4
ત્રણ,4
રીર,4
રાબ,4
રબ્,4
સસ,4
વિજ્,4
રોડ,4
નંદ,4
ભમ,4
હૂં,4
છક,4
ગર્,4
નય,4
ફત,4
ષટ્,4
લિક,4
ત્રે,4
શુભ,4
અધ,4
માગ,4
ભૂત,4
રુષ,4
શં,4
ચાસ,4
પખ,4
તત,4
મિત્,4
ખુ,4
સપ,4
ભોંય,4
પૂત,4
મટ,4
ઠ્‌ઠા,4
ગજ,4
ભૂલ,4
કાલ,4
અટ,4
સવ,4
ભાંગ,4
અગ્,4
પાવ,4
નાવ,4
ખાટ,4
શુધ્,4
રળ,4
ઘસ,4
ટોળ,4
ગભ,4
રિત્,4
ભાં,4
પૂં,4
છણ,4
માસ,4
રાર,3
શેર,3
મક્,3
લંક,3
શિંગ,3
ગલ્,3
નાળ,3
પંચ,3
ખાંડ,3
શિક,3
ખીલ,3
નાન,3
મસ્,3
શ્વા,3
ણ્યું,3
વાણ,3
ઞ,3
સદ,3
ખાળ,3
મીપ,3
ઠણ,3
સપ્,3
તોલ,3
ડિક,3
પ્રેમ,3
માર્ગ,3
ગપ,3
લાહ,3
ચીસ,3
ખાં,3
ખામ,3
્ણ,3
‌ઠો,3
નાથ,3
ણિત,3
‌ભા,3
તેજ,3
ખેલ,3
ળણી,3
નાણ,3
શીખ,3
હેજ,3
બજ,3
‌ટો,3
મીન,3
સ્પદ,3
ક્રિ,3
નભ,3
નૌ,3
શૈ,3
શોખ,3
વેલ,3
નાત,3
દ્‌ય,3
નાચ,3
નેક,3
કીય,3
ખોટ,3
ળે,3
ખુશ,3
રબ,3
છેડ,3
સહ્,3
ન્યા,3
સીબ,3
વ્યં,3
શૂળ,3
ળગ,3
ગોટ,3
શિર,3
રાત્,3
ખોદ,3
ખંડ,3
વંશ,3
ડત્,3
શાહ,3
પધ,3
શાખ,3
શાક,3
ખીચ,3
કાટ,3
ગ્રા,3
શમ,3
રાફ,3
પસ્,3
પશ્,3
ઘાઘ,3
ખર્,3
નબ,3
વૃ,3
સૂફ,3
સાફ,3
વિત્,3
કાય,3
જાં,3
નગ,3
તાળ,3
ટણ,3
ઠોર,3
વેધ,3
યલ,3
ડફ,3
ગ્રંથ,3
ણવ,3
સાધ,3
નડ,3
ધૂપ,3
ભક્,3
ઠવ,3
જીક,3
ગદ,3
ત્રિક,3
મગ્,3
ક્‌કા,3
વેદ,3
ધક્,3
‌કી,3
સાધ્,3
ધસ,3
હિક,3
ધૂંધ,3
વીણ,3
ધાડ,3
પાંખ,3
વિષ,3
પુન,3
ઘેર,3
ચમ,3
ભિન્,3
ષેપ,3
ધૂં,3
વ્યાખ્,3
ખેર,3
ષય,3
વિપ્,3
વાઢ,3
હોંચ,3
કૃ,3
પાલ,3
થળ,3
ધીર,3
સામ્,3
‌યાર્,3
હોં,3
હાય,3
સાંજ,3
વજ,3
તિં,3
લસ,3
ધડ,3
પુસ્,3
સાંસ્,3
પુત્,3
પોક,3
ખચ,3
ઘોર,3
પીપ,3
ષર,3
વાંસ,3
ધુર,3
ચાટ,3
સિત,3
ચામ,3
પીઠ,3
ચાઈ,3
છૂં,3
ઞાન,3
જીત,3
ધગ,3
હિત્,3
સુર,3
કસ,3
ઝવ,3
પાંજ,3
ક્રી,3
વાક,3
ઘૂં,3
ડિત,3
ખન,3
લિત,3
ણામ,3
તૈ,3
રેખ,3
તફ,3
જય,3
છેક,3
પૌ,3
કોપ,3
કૌ,3
શીલ,3
વિખ્,3
તોછ,3
ગાળ,3
કિત,3
ધ્વ,3
ૃત,3
કોમ,3
ત્તર,3
ચપ,3
પુષ્,3
ગોદ,3
ગઢ,3
ગમ્,3
ગોખ,3
થ્થ,3
પૃ,3
વાંક,3
દૈ,3
લભ,3
ભન,3
ત્યાગ,3
સુસ્,3
ઘંટ,3
દોઢ,3
કાંસ,3
દેખ,3
દીપ,3
પોપ,3
સિસ,3
હત,3
દાબ,3
વાત્,3
દાં,3
ચીંથ,3
ઘાટ,3
લીં,3
દિન,3
ચસ,3
વધ,3
કુલ,3
ચીન,3
લેહ,3
હાણ,3
કોચ,3
ણત,3
ભાગ્,3
પ્રે,3
ત્વ,3
નસ્,3
યાં,3
ચાપ,3
ફણ,3
કાચ,3
ગંધ,3
પ્રશ્,3
મત્,3
ગીત,3
ણૂંક,3
થૂ,3
કયા,3
પ્રાણ,3
લૌ,3
કિક,3
ડે,3
ધાન્,3
ભોગ્,3
સાત,3
કદ,3
તાત્,3
લેપ,3
સંન,3
ધાવ,3
દક,3
શાં,3
તાડ,3
દશ,3
ઘાર,3
દવ,3
ફૂટ,3
ઓર,3
ઓગ,3
ણ્યા,3
ફૂગ,3
ફિલ,3
માર્,3
ફીણ,3
ચોપ,3
તર્,3
સ્થાન,3
ઐ,3
વત્,3
સંસ્,3
તેં,3
સંક,3
લેખ,3
ફોસ,3
પ્રિ,3
પ્રસ્,3
ખિ,3
સ્નેહ,3
ટાક,3
સંપ,3
ઊલ,3
સ્કા,3
તાણ,3
સ્ત્રી,3
ફિક,3
ચાવ,3
સ્વર્,3
બાસ,3
લાડ,3
સ્વા,3
લુચ્,3
તેમ,3
તીર્થ,3
ધૂત,3
ફૂંક,3
રીખ,3
ફું,3
મચ,3
રુણ,3
તપ,3
રફ,3
ખીર,3
લાભ,3
છટ,3
ડોલ,3
ડૂ,3
સ્વાર્,3
બંસ,3
ી,3
સ્વર,3
લપ્,3
ફેણ,3
પસ,3
દામ,3
છાં,3
થ્ય,3
થડ,3
છમ,3
ઠમ,3
સ્થિ,3
સ્મ,3
બાટ,3
ઉચ્,3
બક્,3
રીફ,3
ખોલ,3
‌કો,3
છત,3
હજ,3
ઠસ,3
ઉઘ,3
હત્,3
ડૂત,3
બણ,3
ગાવ,3
ઈદ,3
બાંય,3
હમ,3
ડામ,3
રાહ,3
હાજ,3
ડત,3
છાબ,3
ટીપ,3
જાવ,3
રડ,3
હદ,3
તાશ,3
રોટ,3
ડુંગ,3
કાણ,3
રાણ,3
છત્,3
રાખ,3
રાષ્,3
ઇસ્,3
છાવ,3
ચેન,3
બીજ,3
ચોખ્,3
બુડ,3
રાક્,3
ઠેર,3
ળાપ,3
ડૂબ,3
મોં,3
ઠ્‌યા,3
‌ટી,3
ઇજ,3
ઇચ્,3
ચોટ,3
વૈદ,3
ઠોક,3
આંચ,3
હસ,3
યોજ,3
યાસ્,3
હાસ્,3
રત્,3
થન,3
આક્,3
ટોપ,3
મેદ,3
યાદ,3
ટુક,3
ઢં,3
દિર,3
યોગ્,3
આસ,3
મુશ્,3
છોલ,3
બોલ,3
આશ,3
મોત,3
ઠાઠ,3
મૂર્,3
ઠગ,3
મોહ,3
હાંફ,3
લડ,3
બુલ,3
મંડ,3
થાળ,3
‌ઠી,3
મૂં,3
માત,3
મોક,3
મૂલ્,3
મૂત્,3
ગૂં,3
ળાશ,3
જપ,3
દૂક,3
છેત,3
ઝંખ,3
આર,3
હું,3
ઝબ,3
ગ્,3
ટં,3
ભત્,3
અજ્,3
મેશ,3
બૂમ,3
ટળ,3
ટૂં,3
અળ,3
ઝે,3
ઝૂ,3
ભાંજ,3
સ્,3
ભાન,3
રાન,3
અફ,3
કંપ,3
મીણ,3
હોજ,3
ટવ,3
દલ,3
ઝાં,3
કોણ,3
તૂટ,3
ઝૂમ,3
ભીડ,3
મિલ,3
ફોડ,3
માંદ,3
દાહ,3
ભાંડ,3
જાજ,3
માંસ,3
મશ,3
હૂ,3
થું,3
સાઈ,3
પીટ,3
ભુ,3
કૂટ,3
ઝું,3
નત,3
શૂન્,3
શ્ર,3
મસ,3
ભીં,3
રેલ,3
ખણ,3
કાવ્,3
ઠાર,3
ત્રાસ,3
ભોં,3
ક્ષેત્,3
ભેટ,3
શ્રધ્,3
ચૂસ,3
મમ,3
અઠ,3
ભોટ,3
ભૂખ,3
ઝગ,3
ઝડ,3
લબ,3
ભૂસ્,3
બૂત,3
જૂસ,3
લાબ,3
ભૌ,3
ગત્,3
નૂ,3
છર,3
કસ્,3
જશ,3
માની,2
મછ,2
મચ્,2
બૂર,2
દદ,2
મથ,2
ગાંઠ,2
નાઈ,2
ભૃણ,2
જયોત,2
પીં,2
ભ્રમ,2
ભાષ્,2
ભોઈ,2
મઠ,2
ભ્રષ્ટ,2
દ્‌યા,2
ભેર,2
જાદ,2
ગ્યા,2
ડાર,2
ભીંગ,2
મધ,2
કોડ,2
ભંડોળ,2
ભ્રાં,2
મઢ,2
મબ,2
ભ્રા,2
મખ્,2
ભ્રષ્,2
સેળ,2
ચીજ,2
ઠપ,2
જલ્,2
મશ્,2
‌કમ,2
મધ્,2
હાવ,2
ગાણ,2
હર્,2
હેચ્,2
હેંક,2
રદ,2
હંત,2
ણેક,2
ભેજ,2
માછ,2
ભૂંસ,2
ઈકાંગ,2
ભીખ,2
ગવ,2
નુષ્ય,2
િયું,2
નદ,2
માધ્,2
રિંગ,2
કાંગ,2
માય,2
હૂમ,2
માખ,2
જયા,2
ભોંક,2
ભાંખ,2
હૂર,2
માંજ,2
ભૂર,2
ભૂંગ,2
ભૂંક,2
ભીલ,2
ભૂસ,2
ભીંત,2
માંડ,2
મડ,2
ભૂંજ,2
ભૂંડ,2
ભમ્,2
જયાર,2
ગ્યું,2
કાબ,2
ચોળ,2
ણેજ,2
મિથ્,2
ડવું,2
મુદ્દો,2
મુખ્,2
લિસ,2
મુફ,2
મિસ્,2
ખ્યું,2
ટાઈ,2
માપ,2
મૂઠ,2
ભજ,2
મુર,2
કદ્,2
જયાં,2
વિષ્,2
ઢળ,2
ભાખ,2
મૂક,2
સ્વાદ,2
ભટ્,2
લિશ,2
‌ટ,2
મૂંડ,2
ફરી,2
લિમ,2
મુસ્,2
્,2
ભાટ,2
ચીર,2
મતા,2
મૂંઝ,2
ભલ,2
મેં,2
ભાદ,2
દંગ,2
મૃ,2
ભસ,2
મખ,2
ભપ,2
પિણ્,2
થણ,2
મેથી,2
ભગ્,2
બાક,2
મૂછ,2
રાદ,2
વાબ,2
બેશુ,2
ઠાશ,2
ળાક્,2
ચૂંથ,2
મોકલ,2
ટૂ,2
મુઠ્,2
ભદ્,2
મોસ,2
સાળ,2
લીક,2
મૌ,2
મોલ,2
ભૂક,2
જૂદ,2
ભઠ્,2
બ્યા,2
મોગ,2
ચાળ,2
બોર,2
યજ,2
મૌલ,2
છં,2
મેળ,2
બસ્,2
બોડ,2
છેલ્,2
ઞી,2
રાજ્,2
યુધ્,2
યુગ,2
યાંત્,2
બૂટ,2
મૃત્,2
ભટ,2
બોગ,2
મોણ,2
મોંઘ,2
મ્યાન,2
મેંશ,2
ગડી,2
ણીય,2
રઘ,2
બુધ્,2
મંગ,2
દૂત,2
યશ,2
જયો,2
બેવ,2
યાત્,2
દત,2
મોઢ,2
ઢા,2
કૂફ,2
બોજ,2
મૌન,2
યજ્,2
રગ,2
ળાં,2
મંત્,2
જાઈ,2
બુધ,2
યૌ,2
મૂજ,2
બોળ,2
બેઉ,2
તાંધ,2
રદ્,2
મોક્,2
બેલ,2
બૈ,2
બેન,2
મૂન,2
સૂત્,2
શુધ્ધ,2
ઢિ,2
લંદ,2
ચીક,2
ઠક,2
છીપ,2
બાં,2
બૂચ,2
મોભ,2
ઠાણ,2
છલ,2
ધ્યાન,2
કુંવ,2
છડ,2
ચિઠ્‌ઠી,2
બેટ,2
જવા,2
ષેક,2
ષસ,2
છોત,2
બલ,2
સાખ,2
રાડ,2
રટ,2
હથ્,2
ટ્રી,2
રીંછ,2
રાંધ,2
બુંદ,2
ટ્ર,2
બીડ,2
બુર,2
બુમ,2
ઢોલ,2
રૂઠ,2
બાંધ,2
અનુ,2
રોશ,2
રૂઝ,2
રંક,2
બિલ,2
છાંડ,2
બિવ,2
ધિર,2
રીં,2
રોષ,2
ઢંગ,2
છાટ,2
બિલ્,2
માંચ,2
બુઠ્,2
રેણ,2
છાશ,2
રુચ,2
‌ઠું,2
રૈ,2
છઠ,2
બાંક,2
છપ,2
રાસ,2
મણું,2
બીક,2
બિંબ,2
લજ,2
વઘર,2
બસ,2
ન્મ,2
બાફ,2
હોશ,2
સીદ,2
છવ્,2
રોગ,2
પોર,2
બાલ,2
ફોક,2
ષિસ,2
રૌ,2
જઠ,2
લફ,2
ઝીંક,2
ડાક,2
ળત,2
ળાત્,2
બાગ,2
ળેવ,2
છપ્,2
ફાર,2
ષ્મી,2
પેડ,2
ફિટ,2
બાડ,2
જાપ,2
બમ,2
લાધ,2
ળદ,2
ફોલ્,2
ણાવ,2
માશ,2
ફોત,2
નક્,2
વિં,2
ગાલ,2
ડાશ,2
બાદ,2
ફોજ,2
લાક્,2
છાણ,2
બન્,2
ગાન,2
સોટ,2
ઢણ,2
ખિત,2
ખક,2
લૂણ,2
ફેં,2
લિજ,2
જક્,2
ચત,2
લીંપ,2
બચ્,2
ફાય,2
બગ,2
પ્રાંત,2
દેણ,2
કોત્,2
લૂગ,2
જિદ,2
લાખ,2
ચાખ,2
ચૌદ,2
ફુર,2
બખ,2
ચડ્,2
ફિ,2
‌ડી,2
ફેંક,2
ભામ,2
ફાક,2
ફાંદ,2
લાળ,2
વિંગ,2
ચોડ,2
ફેર,2
લોહ,2
કીલ,2
ચોત્,2
લંબ,2
ફંડ,2
ફોઈ,2
તવ્,2
ગૂર,2
ચોંચ,2
કોક,2
લીખ,2
ફુત્,2
ફોલ,2
ફેંદ,2
લુગ,2
ચેહ,2
ચૈત્,2
ચોંક,2
ફૂમ,2
ચોથ,2
ફેંસ,2
કીર,2
જિત,2
પાર્,2
ચોસ,2
ફેફ,2
ચૈ,2
તન્,2
પ્રોત્,2
વદ,2
ડાઉ,2
ડીલ,2
લૂછ,2
ફાવ,2
લોં,2
વદ્,2
છ્‌યા,2
ચોક્,2
ફાંસ,2
ફાત,2
ધેર,2
વપ,2
ફાંક,2
ણાટ,2
વય,2
લોભ,2
‌કસ,2
વચ્,2
વઢ,2
ચલ,2
ફાડ,2
ફરિ,2
ચૂસ્,2
પ્રાસ,2
પ્રેર,2
પ્રાથ,2
માષ્,2
ગોવ,2
યશ્,2
લશ્,2
ત્યક્,2
લૂમ,2
તેહ,2
પ્રૌઢ,2
ચૂંદ,2
વર્ણ,2
ચેવ,2
ભુત્,2
પૌત્રી,2
રણા,2
પ્રેક્,2
પ્રેત,2
ખાર,2
હેમ,2
ણન,2
પ્રીત,2
યાણ,2
ચૂમ,2
થાન,2
ચેક,2
રિષ્,2
વાગ,2
ચેપ,2
ચીંધ,2
પેં,2
યત્,2
વાછ,2
ચૂગ,2
જિં,2
ડીં,2
યાસ,2
પાઇ,2
પોઠ,2
ઘોષ,2
માદ,2
ચુ,2
વાઘ,2
વિગ્,2
વર્ગ,2
ડેલ,2
સલ્,2
ચાત,2
ચીત,2
તિજ્,2
લોળ,2
ચૂંક,2
જીન,2
વામ,2
સૂક,2
દળું,2
ણિજ,2
ચુપ,2
તિષ્,2
ત્યં,2
ચ્યા,2
યવ્,2
હેંચ,2
ળાંક,2
લાંચ,2
ચીડ,2
તુળ,2
તીક,2
શન,2
પોટ,2
ચીપ,2
ળંદ,2
યેક,2
ચર્ચ,2
પ્રક,2
ચપ્,2
ચુર,2
તીક્,2
જિદ્,2
જાત્,2
પોં,2
ખવું,2
તુર,2
યાર્,2
વાચ્,2
પૌષ્,2
વિખ,2
ટિક,2
ટંબ,2
મૃત,2
ચ્છન્ન,2
પ્રખ્,2
સ્સો,2
પુરવ,2
વિત,2
વિદ્‌,2
ંગ,2
ઘેલ,2
પૌત્,2
પોત,2
વાંચ,2
‌યુત,2
પોઢ,2
‌યા,2
પોંક,2
વિઘ્,2
ચાબ,2
રોહ,2
પેસ,2
પોદ,2
પોષ,2
‌વાન,2
શાબ,2
લીંટ,2
ચિત્,2
પુલ,2
‌ય,2
ધાત્,2
પેંત,2
પોય,2
વિપ,2
્ણાંક,2
ભાજ,2
વુૂં,2
ચબ,2
પૂઠ,2
પીંજ,2
પુણ્,2
પૂંછ,2
થ્વી,2
ટાઇ,2
વેક,2
ઘન,2
પૂત્,2
પુલ્,2
લિંગ,2
રછ,2
પિચ,2
તીપડ,2
પામ,2
નોદ,2
ઘોળ,2
પત્ર,2
પુખ્,2
પીંખ,2
ષમ,2
પિં,2
શાચ,2
વિક્,2
જિંદ,2
નર્‌,2
ઘાણ,2
વાંઝ,2
ગૂમ,2
નિત,2
પીલ,2
ઘેન,2
યાન્,2
ષાદ,2
વેઠ,2
છાલ,2
વીંધ,2
વિવ,2
વલ્,2
પાદ,2
ષે,2
પીસ,2
પાંત્,2
પાક્,2
વૃક્,2
પિલ્,2
પાંચ,2
પિસ્,2
ઘં,2
પાંદ,2
રિઘ,2
વેશ્,2
ફોટ,2
પાઠ,2
વૈષ્,2
પર્,2
‌વ,2
કીત,2
વ્યક,2
રોવ,2
ટુ,2
વેચ,2
લૂન,2
ગથ્થુ,2
વ્યાપ,2
વ્યસ્,2
ણછ,2
‌વળ,2
વિહ્,2
ઘૂઘ,2
હીન,2
રિચ્,2
પાછ,2
વ્યાક,2
ધવ્,2
રિબ,2
વીર્,2
વ્યાજ,2
વ્રત,2
‌ઠુ,2
ઘાટી,2
કોષ,2
શબ,2
વશ,2
ણાઈ,2
વેવ,2
ર્,2
યાપ્,2
કાષ્,2
સંદ,2
આત,2
સડ,2
હીદ,2
ચિમ,2
રોઢ,2
ઘાસ,2
લીત,2
રોક્,2
વ્યુત્,2
ઘવ,2
ઘૂસ,2
ણાર્,2
વ્યગ્,2
યામ,2
શાર,2
મૃગ,2
ષદ,2
શદ,2
ઘાલ,2
ગૌ,2
શત્,2
સાય,2
ચય,2
લાઇ,2
શ્રમ,2
શાંત,2
બિર,2
સાટ,2
્થ,2
દિક,2
શાબ્,2
થિલ,2
શિશ્,2
શાલ,2
વાઈ,2
શીત,2
રિસ્,2
શિવ,2
શીળ,2
શાપ,2
ધીન,2
ણીત,2
શૃં,2
શેત,2
રિકા,2
જુઠ્,2
બાશ,2
ક્ર,2
શોધ,2
પથ્,2
શોક,2
શુક્,2
ધીશ,2
મેશ્,2
માઇ,2
ટેલ,2
ેચ્,2
ર્ણું,2
ણવેશ,2
શૂર,2
‌પદ,2
જૂઠ,2
સઈ,2
‌કોણ,2
્મ,2
નોંધ,2
જાળ,2
શ્યામ,2
શંખ,2
નીર,2
શવ,2
દાર્,2
પિક,2
શેઠ,2
સત્ત્,2
ટામ,2
્વાહ,2
સક્,2
નીત,2
ન્યાત,2
‌ગત,2
ગુપ,2
‌ગ,2
ગ્ય,2
છાત,2
‌વૃત્,2
નુક,2
ગંદ,2
શેક,2
વેડ,2
‌ગુણ,2
્શન,2
‌દર,2
ષડ્,2
ન્યાયી,2
છાડ,2
ગુલ,2
સખ,2
નોમ,2
નીક,2
પછ,2
સધ્,2
લ્લે,2
સ્ફોટ,2
શ્લો,2
શિસ્,2
ડાટ,2
‌ગૃ,2
છીત,2
નોત,2
્દી,2
તાબ,2
પચ્,2
્શી,2
તાહ,2
‌બુધ્,2
નીલ,2
નીંદ,2
ગાઢ,2
દ્રષ્,2
્કર્,2
સત,2
ગુપ્ત,2
ઋત્,2
ન્યાય,2
માપ્,2
વિઘ્ન,2
ગાય,2
ફેદ,2
‌દું,2
ષેધ,2
સભ્,2
નૃત્,2
‌ભાવ,2
ગોર,2
નેવ્,2
ગાં,2
મુચ્,2
શોભ,2
નિસ્,2
મેટ,2
ઠયું,2
શુલ્,2
નીચ,2
નૂર,2
સમચોરસ,2
ગૂંચ,2
ભેચ્,2
ગૂંદ,2
ણાત,2
ભય,2
બાઇ,2
નીં,2
દણ,2
ગઇ,2
લ્ય,2
કોશ,2
નિંદ,2
શળ,2
ગાદ,2
રીબ,2
નિં,2
ષષ્,2
ર્થ,2
વીંટ,2
ડી્ર,2
જુ્,2
હાળ,2
ત્યવા,2
નિસ,2
્તેજ,2
ળચ,2
ંખડ,2
યસ્,2
કુશ,2
તલ્,2
કાહ,2
ૃધ્,2
ણય,2
યેળ,2
ખૂંચ,2
ઠુર,2
ળ્યું,2
વૈજ્,2
સર્જ,2
જીવન,2
ઝલ,2
રુડ,2
્ષક,2
ક્ષક,2
ફાઈ,2
નિત્,2
ત્ત્વ,2
સમીક્,2
વ્યર્,2
ત્ત,2
ુખં,2
ગપ્,2
રર્,2
વજ્,2
ચ્ચ,2
્ધન,2
ચોવ,2
્ણા,2
ત્યાર,2
ખોપ,2
જુસ્,2
રુપ,2
ગઠ્,2
ઠામ,2
ટપ્ર,2
પુણ,2
મીસ,2
લાટ,2
ણેશ,2
નિમ,2
પતિ,2
નાક,2
ધે,2
ગફ,2
નાહ,2
ગૂઢ,2
નાસ્,2
ળંગ,2
ા,2
યન,2
નાખ,2
વિચ્,2
જુક,2
ણંદ,2
વીન,2
વત્‌,2
ખોસ,2
નપ,2
ખાન,2
સાટે,2
ટકી,2
સસ્,2
ખેં,2
નન્,2
ખદ,2
તુક,2
સાડ,2
સાથ,2
ધ્વજ,2
નળા,2
જૂજ,2
જોત,2
ટર,2
નાત્,2
તત્,2
સાગ,2
ઢુ,2
પન્,2
ત્રું,2
નગ્,2
નખ્,2
ખીસ્,2
યેર,2
ખૂલ,2
વલ,2
સટ,2
શ્વે,2
નવ્,2
ખુર,2
નથ,2
છિ,2
નમ્,2
નફ્,2
‌ફટ,2
શિખ,2
મિષ્ટ,2
દાણ,2
ધં,2
નટ,2
ખેવ,2
ચિંત,2
ધ્રુ,2
ખાલ,2
પેલ,2
ધાં,2
ખુલ્,2
ધલ,2
ખૂન,2
ધૂળ,2
સાપ,2
ખૂં,2
ધૂણ,2
સાપ્,2
ધૂંસ,2
ખેડ,2
યુજ,2
ખિસ,2
ખોખ,2
ધ્યેય,2
ધોળ,2
દાઈ,2
સાસ,2
ધોધ,2
ખૂંધ,2
ખૂબ,2
ખાજ,2
ંશ,2
ધાક,2
જિક,2
સાંખ,2
ખૂજ,2
ખૂટ,2
લેલ,2
ઠપ્ર,2
ષ્ટિ,2
રપ,2
ભૌમ,2
ધાર્,2
ધૂન,2
ખીણ,2
ક્‌કાર,2
ખાસ,2
દૂર્ર,2
સેડ,2
ન્,2
ષાત્‌,2
બીન,2
ટુંબ,2
ક્‌કં,2
વટી,2
‌કા,2
તાંત,2
ખચ્,2
સાંધ,2
સીઝ,2
ંધવ,2
સિંચ,2
દોઇ,2
ધૂમ,2
ધાપ,2
સિવ,2
સીવ,2
થા્,2
સાલ્,2
‌ણું,2
ટાળ,2
દોહ,2
સીં,2
હેબ,2
ક્રુ,2
ક્રો,2
પાઈ,2
ખખ,2
સુત,2
ગાબ,2
સિલ,2
દ્રોહ,2
સિંહ,2
ક્,2
ગાહ,2
કંઠ,2
કોહ,2
દ્વૈ,2
સીમ,2
સુધ,2
ગશ,2
જૈન,2
ંકો,2
ષ્ય,2
દ્વીપ,2
દંડ,2
સુખ,2
રાપ,2
થૂંક,2
તેટ,2
ધ્,2
સમૃ,2
દ્રાક્ષ,2
ટુમ્,2
સુદ,2
બિક,2
ગૌણ,2
કોઢ,2
કૌંસ,2
સુસ,2
કોલ,2
જુન,2
જુમ,2
મંત,2
મીર,2
ત્યજ,2
શિશ,2
ગોલ,2
ટાડ,2
સૂર,2
કોગ,2
કેળ,2
સુડ,2
કેસ,2
સજ,2
તાજ,2
કેવ,2
ષાત્,2
ભીર,2
કેદ,2
દ્રઢ,2
સાંપ્,2
્‌કી,2
સૂજ,2
દોદ,2
દોટ,2
સેંક,2
દંભ,2
દંશ,2
કેડ,2
કીર્,2
દિવ્,2
સૂમ,2
ષ્મ,2
સૂક્,2
સૂંઘ,2
દોસ્ત,2
મૈ,2
સોળ,2
કેટ,2
ગાત,2
ડાહ્યું,2
કૂં,2
સૃષ્,2
કેમ,2
હાગ,2
સૂગ,2
સૂઝ,2
દાદ,2
સૌં,2
દુશ્,2
ંપળ,2
સોમ,2
કૂદ,2
દૂધ,2
કૂથ,2
સોંપ,2
ડળ,2
કુદ,2
કુસ્,2
સૂંઠ,2
કિલ્,2
દૂબ,2
મૂઢ,2
સોડ,2
દીન,2
કીટ,2
ટ્‌ટો,2
ઠન,2
શોર,2
દાળ,2
લાઉં,2
દુઝ,2
ર્યા,2
કાઢ,2
દીર્,2
દાંત,2
કાગ,2
કાક,2
કહ્,2
ચાક,2
હેણ,2
સાઇ,2
ડોવ,2
કેત,2
શુંક,2
ભિત,2
શું,2
કયાં,2
જૂથ,2
દાટ,2
વેટ,2
ગીર,2
ખાસ્,2
ર્શ,2
રભ,2
કબ,2
કફ,2
સ્તા,2
વેજ,2
તોત,2
દાઢ,2
કન્,2
સોય,2
થોભ,2
શાવ,2
ઠોળ,2
સૂંઢ,2
સોંઘ,2
ઠીન,2
ચાશ,2
િષ્,2
કક્,2
ગાથ,2
ઇંક,2
ત્વિક,2
િષ્ઠ,2
ર્શન,2
દસ,2
શત,2
દાઘ,2
સંગ્,2
ષિણ,2
સેં,2
ડાસ,2
લીલ,2
થાંભ,2
ઇં,2
ળં,2
ઓળ,2
ળગવું,2
દર્ભ,2
થપ્,2
ળખ,2
ઓસ,2
સંન્,2
ટૂંપ,2
દબ,2
ડંુગ,2
સ્કાર,2
સર્ગ,2
દ્‌યો,2
ઓઢ,2
થેપ,2
થીગ,2
સંભ,2
ઓચ્,2
ષિપ્,2
સંક્,2
સ્ખ,2
છવ,2
સ્તન,2
ચિન્,2
થોર,2
થોથ,2
એંશી,2
ત્યાં,2
ઘર્ષ,2
સ્તુ,2
ણીસ,2
થાક,2
ઇઠ,2
તોપ,2
તૂત,2
સ્થ,2
શ્વ,2
થીજ,2
ર્ય,2
ધ્ધાન્,2
થાપો,2
એશ,2
એવ,2
જાબ,2
એલ,2
સ્થિર,2
એટ,2
થડક,2
સ્ના,2
એકં,2
સ્પષ્,2
ેક,2
ધિત,2
ન્યાસ,2
સ્મર,2
સ્તર,2
કીસા,2
મેક,2
ક્ષી,2
નિત્ત્,2
સ્ત,2
ટીક,2
સ્ફ,2
ર્ક,2
તોળ,2
ફાન,2
ઋણ,2
ઊંટ,2
ચાઇ,2
પોહ,2
રસ્ત,2
તગ,2
ભું,2
ઊભ,2
તેલ,2
્ગી,2
સ્મૃ,2
ઊન,2
ણપ,2
સ્ત્રૈ,2
ઊડ,2
ભેગ,2
ઊઠ,2
ઊજ,2
ઊગ,2
તીર,2
તુલ,2
ગસ્,2
ચ્છ,2
તેડ,2
ખાડ,2
ધિન્,2
ળવું,2
સ્કૃત,2
ઉશ્,2
કેર,2
ઉલ્,2
લેચ,2
ઉલ,2
તીડ,2
વ્ર,2
ગેડ,2
મેર,2
ઉમ,2
ઉધ્,2
તુચ્,2
તાર્,2
સૂસ,2
હચ,2
ઉધ,2
સ્તોત્,2
છાંય,2
‌યો,2
‌ભ,2
તોબ,2
સ્કૃ,2
‌ઘા,2
ઉથ,2
તાગ,2
ર્ગ,2
ડકી,2
તખ,2
સ્વાસ્,2
સ્મા,2
કાઈ,2
ઠાં,2
ઠાડ,2
ઉઠ,2
કાર્,2
ઘિ,2
દુપ,2
ગિજ,2
બીબ,2
ઠર,2
સ્મિત,2
ઉજ,2
છેર,2
છાળ,2
તસ,2
હોળ,2
ટસ્,2
ચ્ચાર,2
જ્ઞ,2
કીમ,2
ડૂસ,2
વુંં,2
તટ,2
ઢગલ,2
ઉક,2
ળાટ,2
યી,2
ઈં,2
ઈંટ,2
ઈશ્,2
ો,2
ણાં,2
ઠૂંઠ,2
ટાપ,2
ડુક્,2
લીફ,2
ઈડ,2
ડબ,2
ઇશ્,2
યળ,2
ઇન્,2
સ્વપ્,2
સેલ,2
ફાશ,2
હાદ,2
દ્રી,2
હાસ,2
ડોક,2
ઇઠ્,2
ઠીંગ,2
સ્થળ,2
નેર,2
ડંખ,2
સુંુ,2
આંત,2
રીક,2
ડાંખ,2
ક્ષેપ,2
ંતર,2
ઠેલ,2
રાષ્ટિય્ર,2
આંજ,2
ડાઘ,2
હિજ,2
નીશ,2
હાશ,2
ઠૂં,2
જેલ,2
છુ,2
તેચ્,2
ડસ,2
આંગ,2
આંખ,2
આંક,2
કડા,2
ડાંડ,2
ડાળ,2
ઠેશ,2
ડટ્,2
ઠોઠ,2
ળોટ,2
ળસ,2
હીર,2
ગુપ્,2
ીયાં,2
સ્નાન,2
હુમ,2
શિષ,2
શિર્,2
ટેવ,2
શાઢ,2
ઠોં,2
ટોક,2
આલ,2
ઠાંસ,2
ઠાવ,2
હુલ્,2
રોગ્,2
ઠીક,2
ટાલ,2
ઠલ,2
આય,2
ત્રણપ,2
ટાઢ,2
આમન્,2
હિલ,2
આભ,2
હૂબ,2
આફ,2
લર,2
ધ્યાત્,2
ધેડ,2
હાંસ,2
હુક,2
આત્,2
ણવું,2
આડ,2
આઠ,2
ટલું,2
જુબા,2
આજ,2
ચાર્,2
હિસ્,2
આગ્,2
કોળ,2
હિચ,2
બોટ,2
આખ,2
હીબ,2
આક,2
ૃ,2
હેત,2
ંક્ષા,2
િયત,2
હેસ,2
હોઠ,2
અંશ,2
દાજ,2
હોન,2
તિમ,2
જોખ,2
રેજ,2
ટૂચ,2
ઝો,2
ષધ,2
શ્રા,2
હીજ,2
હોમ,2
અૌપ,2
ર્રીક,2
તિજ,2
ક્ષિ,2
ક્ષોભ,2
ચ્ય,2
ઝુ,2
ટાર,2
ટક્,2
હિસા,2
હીંચ,2
સ્વસ્,2
ક્ષત્,2
સ્વચ્,2
િભે,2
સ્પષ્ટ,2
ખ્ય,2
હિમ,2
ેશાં,2
હંમ,2
ઝાંઝ,2
ઝાળ,2
ધ્ય,2
ગરટ,2
ષાડ,2
ળાઇ,2
અવશ્,2
ઝંપ,2
યવ,2
કીક,2
લીન,2
ઝોક,2
હાક,2
અર્,2
અભ્,2
ગતિ,2
ટટ્,2
‌ટુ,2
ઝૂક,2
ઝૂડ,2
ઝૂં,2
ઝાર,2
સોસ,2
શ્રો,2
અપ્,2
હોદ્,2
ક્ષણ,2
અન્,2
યાય,2
ઝમ,2
નુસ્,2
ત્રાડ,2
નુસ,2
ઝૂલ,2
સ્તુત્,2
્ના,2
ઝી,2
ક્ષાર,2
હંસ,2
નિય,2
નાજ,2
બેશ,2
અધ્,2
ઝીલ,2
ઝેર,2
દ્રશ્,2
અદ્,2
ઝૂંપ,2
શ્રી,2
‌ભૂત,2
ઝૂઝ,2
ખાઇ,2
હૂંફ,2
અથ,2
ત્રોફ,2
તુટ,2
ઝૂર,2
ંછેડ,2
તીત,2
ઢાર,2
ઢ,2
ઝાલ,2
અડ્,2
‌ડો,2
હાલક,2
અડો,2
ડદ,2
ડાણ,2
ઠ્‌યો,2
ઝાપ,2
ઝાંખ,2
શ્રેષ્,2
ભ્ભો,2
ગાટ,2
ંપો,2
જેય,2
ત્રૈ,2
જીર્,2
દ્રા,2
જબ,2
જેવ,2
છૂત,2
છબ,2
ટિત,2
જોર,2
અગ,2
જિલ્,2
અખ,2
જોઇ,2
જેઠ,2
સીર,2
