ંકો,2
ંક્ષા,2
ંખડ,2
ંગ,2
ંછેડ,2
ંતર,2
ંધવ,2
ંપળ,2
ંપો,2
ંશ,2
અ,162
અં,20
અંશ,2
અક,6
અક્,6
અખ,2
અગ,2
અગ્,4
અજ,7
અજ્,3
અટ,4
અઠ,3
અડ,8
અડો,2
અડ્,2
અણ,6
અત્,6
અથ,2
અદ્,2
અધ,4
અધ્,2
અનુ,2
અન્,2
અપ,6
અપ્,2
અફ,3
અભ્,2
અર્,2
અળ,3
અવ,9
અવશ્,2
અૌ,4
અૌપ,2
આ,85
આં,12
આંક,2
આંખ,2
આંગ,2
આંચ,3
આંજ,2
આંત,2
આક,2
આક્,3
આખ,2
આગ,4
આગ્,2
આજ,2
આઠ,2
આડ,2
આત,2
આત્,2
આપ,7
આફ,2
આબ,4
આભ,2
આમ,8
આમન્,2
આય,2
આર,3
આલ,2
આવ,5
આશ,3
આશ્,4
આસ,3
આસ્,4
ઇ,35
ઇં,2
ઇંક,2
ઇચ્,3
ઇજ,3
ઇઠ,2
ઇઠ્,2
ઇન્,2
ઇશ્,2
ઇસ્,3
ઈ,20
ઈં,2
ઈંટ,2
ઈકાંગ,2
ઈડ,2
ઈદ,3
ઈશ્,2
ઉ,54
ઉં,7
ઉક,2
ઉઘ,3
ઉચ્,3
ઉજ,2
ઉઠ,2
ઉત્,9
ઉથ,2
ઉદ્,5
ઉધ,2
ઉધ્,2
ઉપ,12
ઉમ,2
ઉલ,2
ઉલ્,2
ઉશ્,2
ઊ,20
ઊં,9
ઊંટ,2
ઊગ,2
ઊજ,2
ઊઠ,2
ઊડ,2
ઊન,2
ઊભ,2
ઊલ,3
ઋ,5
ઋણ,2
ઋત્,2
એ,20
એંશી,2
એક,21
એકં,2
એટ,2
એલ,2
એવ,2
એશ,2
ઐ,3
ઓ,16
ઓગ,3
ઓચ્,2
ઓટ,4
ઓઢ,2
ઓર,3
ઓળ,2
ઓસ,2
ક,105
કં,13
કંઠ,2
કંપ,3
કક્,2
કચ,7
કટ,6
કડ,7
કડા,2
કણ,4
કત,6
કદ,3
કદ્,2
કન,5
કન્,2
કપ,4
કફ,2
કબ,2
કમ,7
કયા,3
કયાં,2
કર,24
કર્,6
કલ,7
કલ્,8
કળ,14
કવ,5
કસ,3
કસ્,3
કહ્,2
કા,86
કાં,9
કાંગ,2
કાંસ,3
કાઈ,2
કાક,2
કાગ,2
કાચ,3
કાટ,3
કાઢ,2
કાણ,3
કાત,5
કાન,5
કાપ,4
કાબ,2
કામ,6
કાય,3
કાર,52
કાર્,2
કાલ,4
કાળ,7
કાવ,5
કાવ્,3
કાશ,4
કાષ્,2
કાસ,4
કાહ,2
કિ,4
કિક,3
કિત,3
કિલ્,2
કી,42
કીક,2
કીટ,2
કીત,2
કીમ,2
કીય,3
કીર,2
કીર્,2
કીલ,2
કીસા,2
કુ,17
કું,33
કુંવ,2
કુદ,2
કુલ,3
કુશ,2
કુસ્,2
કૂ,5
કૂં,2
કૂક,4
કૂટ,3
કૂત,4
કૂથ,2
કૂદ,2
કૂફ,2
કૂળ,5
કૃ,3
કે,14
કેટ,2
કેડ,2
કેત,2
કેદ,2
કેમ,2
કેર,2
કેલ,6
કેળ,2
કેવ,2
કેસ,2
કો,64
કોક,2
કોગ,2
કોચ,3
કોડ,2
કોઢ,2
કોણ,3
કોત્,2
કોથ,4
કોપ,3
કોમ,3
કોર,9
કોલ,2
કોળ,2
કોશ,2
કોષ,2
કોહ,2
કૌ,3
કૌંસ,2
ક્,2
ક્ર,2
ક્રમ,4
ક્રિ,3
ક્રી,3
ક્રુ,2
ક્રો,2
ક્ષ,7
ક્ષક,2
ક્ષણ,2
ક્ષત્,2
ક્ષર,4
ક્ષાર,2
ક્ષિ,2
ક્ષી,2
ક્ષેત્,3
ક્ષેપ,2
ક્ષોભ,2
ક્‌કં,2
ક્‌કા,3
ક્‌કાર,2
ખ,45
ખં,8
ખંડ,3
ખક,2
ખખ,2
ખચ,3
ખચ્,2
ખટ,5
ખડ,10
ખણ,3
ખત,5
ખદ,2
ખન,3
ખમ,5
ખર,6
ખર્,3
ખળ,5
ખવું,2
ખસ,5
ખા,41
ખાં,3
ખાંડ,3
ખાઇ,2
ખાજ,2
ખાટ,4
ખાડ,2
ખાણ,6
ખાત,5
ખાન,2
ખામ,3
ખાર,2
ખાલ,2
ખાળ,3
ખાવ,5
ખાસ,2
ખાસ્,2
ખિ,3
ખિત,2
ખિસ,2
ખી,15
ખીચ,3
ખીણ,2
ખીર,3
ખીલ,3
ખીસ્,2
ખુ,4
ખું,15
ખુર,2
ખુલ્,2
ખુશ,3
ખૂ,4
ખૂં,2
ખૂંચ,2
ખૂંધ,2
ખૂજ,2
ખૂટ,2
ખૂન,2
ખૂબ,2
ખૂલ,2
ખે,12
ખેં,2
ખેડ,2
ખેર,3
ખેલ,3
ખેવ,2
ખો,24
ખોખ,2
ખોટ,3
ખોડ,4
ખોદ,3
ખોપ,2
ખોર,10
ખોલ,3
ખોસ,2
ખ્ય,2
ખ્યા,4
ખ્યું,2
ગ,83
ગં,6
ગંદ,2
ગંધ,3
ગઇ,2
ગજ,4
ગટ,5
ગઠ્,2
ગડ,11
ગડી,2
ગઢ,3
ગણ,14
ગત,14
ગતિ,2
ગત્,3
ગથ્થુ,2
ગદ,3
ગન,4
ગપ,3
ગપ્,2
ગફ,2
ગભ,4
ગમ,12
ગમ્,3
ગર,32
ગરટ,2
ગર્,4
ગલ,8
ગલ્,3
ગળ,13
ગવ,2
ગશ,2
ગસ્,2
ગા,37
ગાં,2
ગાંઠ,2
ગાજ,4
ગાટ,2
ગાડ,5
ગાઢ,2
ગાણ,2
ગાત,2
ગાથ,2
ગાદ,2
ગાન,2
ગાબ,2
ગામ,5
ગાય,2
ગાર,7
ગાલ,2
ગાળ,3
ગાવ,3
ગાહ,2
ગિ,11
ગિક,5
ગિજ,2
ગી,35
ગીત,3
ગીન,4
ગીર,2
ગુ,12
ગું,16
ગુપ,2
ગુપ્,2
ગુપ્ત,2
ગુલ,2
ગૂ,4
ગૂં,3
ગૂંચ,2
ગૂંદ,2
ગૂઢ,2
ગૂમ,2
ગૂર,2
ગે,5
ગેડ,2
ગેર,8
ગો,24
ગોખ,3
ગોટ,3
ગોદ,3
ગોર,2
ગોલ,2
ગોળ,10
ગોવ,2
ગૌ,2
ગૌણ,2
ગ્,3
ગ્ય,2
ગ્યા,2
ગ્યું,2
ગ્ર,6
ગ્રંથ,3
ગ્રહ,9
ગ્રા,3
ઘ,33
ઘં,2
ઘંટ,3
ઘટ,7
ઘડ,6
ઘણ,4
ઘન,2
ઘર,14
ઘર્ષ,2
ઘવ,2
ઘસ,4
ઘા,7
ઘાઘ,3
ઘાટ,3
ઘાટી,2
ઘાણ,2
ઘાત,4
ઘાર,3
ઘાલ,2
ઘાસ,2
ઘિ,2
ઘી,5
ઘુ,5
ઘું,6
ઘૂ,4
ઘૂં,3
ઘૂઘ,2
ઘૂમ,4
ઘૂસ,2
ઘે,5
ઘેન,2
ઘેર,3
ઘેલ,2
ઘો,10
ઘોર,3
ઘોળ,2
ઘોષ,2
ચ,52
ચં,8
ચક,21
ચક્,5
ચટ,5
ચડ,13
ચડ્,2
ચણ,6
ચત,2
ચન,12
ચપ,3
ચપ્,2
ચબ,2
ચમ,3
ચય,2
ચર,11
ચર્,4
ચર્ચ,2
ચલ,2
ચળ,5
ચવ,4
ચસ,3
ચસ્,4
ચા,48
ચાઇ,2
ચાઈ,3
ચાક,2
ચાખ,2
ચાટ,3
ચાણ,4
ચાત,2
ચાપ,3
ચાબ,2
ચામ,3
ચાર,20
ચાર્,2
ચાલ,8
ચાળ,2
ચાવ,3
ચાશ,2
ચાસ,4
ચિ,9
ચિં,5
ચિંત,2
ચિઠ્‌ઠી,2
ચિત,8
ચિત્,2
ચિન્,2
ચિમ,2
ચી,22
ચીંથ,3
ચીંધ,2
ચીક,2
ચીજ,2
ચીડ,2
ચીત,2
ચીન,3
ચીપ,2
ચીર,2
ચીસ,3
ચુ,2
ચું,22
ચુપ,2
ચુર,2
ચૂ,9
ચૂંક,2
ચૂંથ,2
ચૂંદ,2
ચૂક,4
ચૂગ,2
ચૂપ,4
ચૂમ,2
ચૂસ,3
ચૂસ્,2
ચે,10
ચેક,2
ચેત,4
ચેન,3
ચેપ,2
ચેવ,2
ચેહ,2
ચૈ,2
ચૈત્,2
ચો,42
ચોંક,2
ચોંચ,2
ચોક,5
ચોક્,2
ચોખ્,3
ચોટ,3
ચોડ,2
ચોત્,2
ચોથ,2
ચોપ,3
ચોર,4
ચોળ,2
ચોવ,2
ચોસ,2
ચૌદ,2
ચ્ચ,2
ચ્ચાર,2
ચ્છ,2
ચ્છન્ન,2
ચ્ય,2
ચ્યા,2
છ,19
છં,2
છક,4
છટ,3
છઠ,2
છડ,2
છણ,4
છત,3
છત્,3
છપ,2
છપ્,2
છબ,2
છમ,3
છર,3
છલ,2
છળ,5
છવ,2
છવ્,2
છા,18
છાં,3
છાંડ,2
છાંય,2
છાટ,2
છાડ,2
છાણ,2
છાત,2
છાપ,4
છાબ,3
છાલ,2
છાળ,2
છાવ,3
છાશ,2
છિ,2
છી,6
છીત,2
છીપ,2
છુ,2
છું,6
છૂ,5
છૂં,3
છૂટ,7
છૂત,2
છે,12
છેક,3
છેડ,3
છેત,3
છેદ,5
છેર,2
છેલ્,2
છો,5
છોક,4
છોડ,5
છોત,2
છોલ,3
છ્‌યા,2
જ,41
જં,5
જક,9
જક્,2
જઠ,2
જડ,7
જણ,5
જત,5
જન,17
જન્,7
જપ,3
જબ,2
જમ,5
જય,3
જયા,2
જયાં,2
જયાર,2
જયો,2
જયોત,2
જર,8
જલ,4
જલ્,2
જળ,4
જવ,8
જવા,2
જશ,3
જા,57
જાં,3
જાઈ,2
જાગ,4
જાજ,3
જાણ,4
જાત,4
જાત્,2
જાદ,2
જાન,6
જાપ,2
જાબ,2
જામ,6
જાર,6
જાળ,2
જાવ,3
જિ,8
જિં,2
જિંદ,2
જિક,2
જિત,2
જિદ,2
જિદ્,2
જિલ્,2
જી,48
જીક,3
જીત,3
જીન,2
જીર્,2
જીવ,12
જીવન,2
જુ,21
જું,5
જુક,2
જુઠ્,2
જુન,2
જુબા,2
જુમ,2
જુસ્,2
જુ્,2
જૂ,10
જૂજ,2
જૂઠ,2
જૂથ,2
જૂદ,2
જૂર,4
જૂસ,3
જે,7
જેઠ,2
જેય,2
જેલ,2
જેવ,2
જૈન,2
જો,28
જોઇ,2
જોખ,2
જોગ,5
જોડ,6
જોત,2
જોર,2
જ્ઞ,2
જ્ઞા,6
ઝ,18
ઝં,5
ઝંખ,3
ઝંપ,2
ઝગ,3
ઝઘ,5
ઝટ,6
ઝડ,3
ઝણ,4
ઝબ,3
ઝમ,2
ઝર,5
ઝલ,2
ઝળ,4
ઝવ,3
ઝા,13
ઝાં,3
ઝાંખ,2
ઝાંઝ,2
ઝાડ,4
ઝાપ,2
ઝાર,2
ઝાલ,2
ઝાળ,2
ઝી,2
ઝીંક,2
ઝીલ,2
ઝુ,2
ઝું,3
ઝૂ,3
ઝૂં,2
ઝૂંપ,2
ઝૂક,2
ઝૂઝ,2
ઝૂડ,2
ઝૂમ,3
ઝૂર,2
ઝૂલ,2
ઝે,3
ઝેર,2
ઝો,2
ઝોક,2
ઞ,3
ઞા,6
ઞાન,3
ઞી,2
ટ,26
ટં,3
ટંબ,2
ટક,20
ટકી,2
ટક્,2
ટચ,4
ટટ્,2
ટણ,3
ટન,4
ટપ,6
ટપ્ર,2
ટર,2
ટલું,2
ટળ,3
ટવ,3
ટસ્,2
ટા,26
ટાઇ,2
ટાઈ,2
ટાક,3
ટાડ,2
ટાઢ,2
ટાપ,2
ટામ,2
ટાર,2
ટાલ,2
ટાળ,2
ટાવ,10
ટિ,7
ટિક,2
ટિત,2
ટી,29
ટીક,2
ટીપ,3
ટુ,2
ટું,16
ટુંબ,2
ટુક,3
ટુમ્,2
ટૂ,2
ટૂં,3
ટૂંપ,2
ટૂચ,2
ટે,7
ટેલ,2
ટેવ,2
ટો,27
ટોક,2
ટોપ,3
ટોળ,4
ટ્ર,2
ટ્રી,2
ટ્‌ટો,2
ઠ,9
ઠં,5
ઠક,2
ઠગ,3
ઠણ,3
ઠન,2
ઠપ,2
ઠપ્ર,2
ઠમ,3
ઠયું,2
ઠર,2
ઠલ,2
ઠવ,3
ઠસ,3
ઠા,14
ઠાં,2
ઠાંસ,2
ઠાઠ,3
ઠાડ,2
ઠાણ,2
ઠામ,2
ઠાર,3
ઠાવ,2
ઠાશ,2
ઠિ,5
ઠી,8
ઠીંગ,2
ઠીક,2
ઠીન,2
ઠું,10
ઠુર,2
ઠૂં,2
ઠૂંઠ,2
ઠે,6
ઠેક,5
ઠેર,3
ઠેલ,2
ઠેશ,2
ઠો,8
ઠોં,2
ઠોક,3
ઠોઠ,2
ઠોર,3
ઠોળ,2
ઠ્‌ઠા,4
ઠ્‌યા,3
ઠ્‌યો,2
ડ,19
ડં,6
ડંખ,2
ડંુગ,2
ડક,11
ડકી,2
ડગ,8
ડટ્,2
ડત,3
ડત્,3
ડદ,2
ડપ,5
ડફ,3
ડબ,2
ડમ,4
ડર,5
ડળ,2
ડવું,2
ડસ,2
ડા,45
ડાં,6
ડાંખ,2
ડાંડ,2
ડાઇ,4
ડાઈ,5
ડાઉ,2
ડાક,2
ડાઘ,2
ડાટ,2
ડાણ,2
ડામ,3
ડાર,2
ડાળ,2
ડાવ,8
ડાશ,2
ડાસ,2
ડાહ્યું,2
ડિ,11
ડિક,3
ડિત,3
ડી,103
ડીં,2
ડીલ,2
ડી્ર,2
ડુ,4
ડું,65
ડુંગ,3
ડુક્,2
ડૂ,3
ડૂં,5
ડૂત,3
ડૂબ,3
ડૂસ,2
ડે,3
ડેલ,2
ડો,78
ડોક,2
ડોલ,3
ડોળ,4
ડોવ,2
ડોશ,4
ઢ,2
ઢં,3
ઢંગ,2
ઢગલ,2
ઢણ,2
ઢળ,2
ઢા,2
ઢાર,2
ઢિ,2
ઢી,6
ઢુ,2
ઢું,9
ઢો,4
ઢોલ,2
ણ,12
ણંદ,2
ણક,4
ણછ,2
ણત,3
ણન,2
ણપ,2
ણય,2
ણવ,3
ણવું,2
ણવેશ,2
ણસ,5
ણા,21
ણાં,2
ણાઈ,2
ણાટ,2
ણાત,2
ણામ,3
ણાર્,2
ણાવ,2
ણિ,18
ણિક,5
ણિજ,2
ણિત,3
ણી,68
ણીત,2
ણીય,2
ણીસ,2
ણુ,4
ણું,73
ણૂંક,3
ણે,7
ણેક,2
ણેજ,2
ણેશ,2
ણો,14
ણ્યા,3
ણ્યું,3
ત,89
તં,12
તક,14
તખ,2
તગ,2
તજ,4
તટ,2
તડ,6
તણ,4
તત,4
તત્,2
તત્ત્,4
તન,16
તન્,2
તપ,3
તફ,3
તમ,6
તર,61
તર્,3
તલ,10
તલ્,2
તળ,4
તવ,5
તવ્,2
તસ,2
તા,91
તાં,6
તાંત,2
તાંધ,2
તાક,4
તાગ,2
તાજ,2
તાડ,3
તાણ,3
તાત્,3
તાન,4
તાપ,6
તાબ,2
તાર,9
તાર્,2
તાલ,4
તાળ,3
તાવ,6
તાશ,3
તાહ,2
તિ,87
તિં,3
તિક,6
તિજ,2
તિજ્,2
તિમ,2
તિષ્,2
તી,63
તીક,2
તીક્,2
તીડ,2
તીત,2
તીપડ,2
તીર,2
તીર્થ,3
તુ,20
તું,29
તુક,2
તુચ્,2
તુટ,2
તુર,2
તુલ,2
તુળ,2
તૂ,4
તૂટ,3
તૂત,2
તે,18
તેં,3
તેચ્,2
તેજ,3
તેટ,2
તેડ,2
તેમ,3
તેર,10
તેલ,2
તેહ,2
તૈ,3
તો,20
તોછ,3
તોડ,4
તોત,2
તોપ,2
તોબ,2
તોલ,3
તોળ,2
તોષ,4
ત્ત,2
ત્તર,3
ત્ત્વ,2
ત્ય,4
ત્યં,2
ત્યક્,2
ત્યજ,2
ત્યવા,2
ત્યા,8
ત્યાં,2
ત્યાગ,3
ત્યાર,2
ત્ર,23
ત્રણ,4
ત્રણપ,2
ત્રા,6
ત્રાડ,2
ત્રાસ,3
ત્રિ,5
ત્રિક,3
ત્રી,10
ત્રીસ,5
ત્રું,2
ત્રે,4
ત્રૈ,2
ત્રોફ,2
ત્વ,3
ત્વિક,2
થ,20
થક,4
થડ,3
થડક,2
થણ,2
થન,3
થપ્,2
થમ,4
થર,7
થલ,4
થળ,3
થા,28
થાંભ,2
થાક,2
થાન,2
થાપો,2
થાળ,3
થા્,2
થિ,7
થિલ,2
થી,24
થીગ,2
થીજ,2
થું,3
થૂ,3
થૂંક,2
થે,5
થેપ,2
થો,8
થોક,4
થોથ,2
થોભ,2
થોર,2
થ્થ,3
થ્ય,3
થ્વી,2
દ,60
દં,6
દંગ,2
દંડ,2
દંત,4
દંભ,2
દંશ,2
દક,3
દક્,4
દડ,5
દણ,2
દત,2
દદ,2
દન,13
દબ,2
દમ,4
દય,7
દર,33
દર્,10
દર્ભ,2
દલ,3
દળ,6
દળું,2
દવ,3
દશ,3
દસ,2
દા,60
દાં,3
દાંત,2
દાઈ,2
દાઘ,2
દાજ,2
દાઝ,4
દાટ,2
દાઢ,2
દાણ,2
દાદ,2
દાન,7
દાબ,3
દામ,3
દાય,5
દાર,22
દાર્,2
દાળ,2
દાવ,5
દાસ,4
દાહ,3
દિ,14
દિક,2
દિગ્,4
દિત,4
દિન,3
દિર,3
દિલ,7
દિવ્,2
દી,44
દીક,4
દીન,2
દીપ,3
દીર્,2
દુ,26
દું,10
દુખ,4
દુઝ,2
દુપ,2
દુર્,5
દુશ્,2
દૂ,7
દૂક,3
દૂત,2
દૂધ,2
દૂબ,2
દૂર,4
દૂર્ર,2
દે,30
દેખ,3
દેડ,4
દેણ,2
દેવ,6
દેશ,12
દેહ,5
દૈ,3
દો,28
દોઇ,2
દોટ,2
દોડ,5
દોઢ,3
દોદ,2
દોર,4
દોષ,4
દોસ્ત,2
દોહ,2
દ્ર,4
દ્રઢ,2
દ્રશ્,2
દ્રષ્,2
દ્રા,2
દ્રાક્ષ,2
દ્રી,2
દ્રોહ,2
દ્વીપ,2
દ્વૈ,2
દ્‌ય,3
દ્‌યા,2
દ્‌યો,2
ધ,51
ધં,2
ધક,5
ધક્,3
ધગ,3
ધડ,3
ધણ,5
ધન,10
ધમ,7
ધર,9
ધર્,12
ધલ,2
ધવ્,2
ધસ,3
ધા,37
ધાં,2
ધાક,2
ધાડ,3
ધાત્,2
ધાન,6
ધાન્,3
ધાપ,2
ધામ,5
ધાર,13
ધાર્,2
ધાવ,3
ધિ,19
ધિત,2
ધિન્,2
ધિર,2
ધી,16
ધીન,2
ધીર,3
ધીશ,2
ધુ,11
ધું,6
ધુર,3
ધૂ,5
ધૂં,3
ધૂંધ,3
ધૂંસ,2
ધૂણ,2
ધૂત,3
ધૂન,2
ધૂપ,3
ધૂમ,2
ધૂળ,2
ધે,2
ધેડ,2
ધેર,2
ધો,18
ધોધ,2
ધોળ,2
ધ્,2
ધ્ધાન્,2
ધ્ય,2
ધ્યા,4
ધ્યાત્,2
ધ્યાન,2
ધ્યેય,2
ધ્રુ,2
ધ્વ,3
ધ્વજ,2
ન,85
નં,6
નંદ,4
નક,10
નક્,2
નખ,8
નખ્,2
નગ,3
નગ્,2
નજ,5
નટ,2
નડ,3
નણ,4
નત,3
નથ,2
નદ,2
નન,5
નન્,2
નપ,2
નફ્,2
નબ,3
નભ,3
નમ,7
નમ્,2
નય,4
નર,4
નર્,6
નર્‌,2
નળા,2
નવ,16
નવ્,2
નસ,4
નસ્,3
ના,90
નાઈ,2
નાક,2
નાખ,2
નાગ,5
નાચ,3
નાજ,2
નાણ,3
નાત,3
નાત્,2
નાથ,3
નાન,3
નામ,11
નાળ,3
નાવ,4
નાશ,6
નાસ,5
નાસ્,2
નાહ,2
નિ,75
નિં,2
નિંદ,2
નિક,8
નિત,2
નિત્,2
નિત્ત્,2
નિમ,2
નિય,2
નિર,5
નિર્,19
નિશ્,5
નિષ્,10
નિસ,2
નિસ્,2
ની,51
નીં,2
નીંદ,2
નીક,2
નીચ,2
નીત,2
નીમ,4
નીર,2
નીલ,2
નીશ,2
નુ,18
નું,17
નુક,2
નુષ્ય,2
નુસ,2
નુસ્,2
નૂ,3
નૂર,2
નૃત્,2
ને,14
નેક,3
નેર,2
નેવ્,2
નૈ,7
નો,28
નોંધ,2
નોત,2
નોદ,2
નોમ,2
નૌ,3
ન્,2
ન્મ,2
ન્ય,4
ન્યા,3
ન્યાત,2
ન્યાય,2
ન્યાયી,2
ન્યાસ,2
પ,168
પં,22
પંચ,3
પક,12
પક્,10
પખ,4
પગ,7
પચ,4
પચ્,2
પછ,2
પજ,5
પટ,18
પટ્,4
પડ,18
પણ,15
પત,6
પતિ,2
પત્,17
પત્ર,2
પથ,6
પથ્,2
પદ,4
પધ,3
પન,6
પન્,2
પર,41
પર્,2
પલ,5
પળ,4
પશ્,3
પસ,3
પસ્,3
પા,73
પાં,8
પાંખ,3
પાંચ,2
પાંજ,3
પાંત્,2
પાંદ,2
પાઇ,2
પાઈ,2
પાક,5
પાક્,2
પાછ,2
પાટ,6
પાઠ,2
પાડ,4
પાત,6
પાત્,4
પાદ,2
પાન,4
પાપ,4
પામ,2
પાય,4
પાર,11
પાર્,2
પાલ,3
પાળ,5
પાવ,4
પાસ,7
પિ,11
પિં,2
પિક,2
પિચ,2
પિણ્,2
પિત્,4
પિલ્,2
પિસ્,2
પી,25
પીં,2
પીંખ,2
પીંજ,2
પીટ,3
પીઠ,3
પીપ,3
પીલ,2
પીસ,2
પુ,21
પું,6
પુખ્,2
પુણ,2
પુણ્,2
પુત્,3
પુન,3
પુર,4
પુરવ,2
પુલ,2
પુલ્,2
પુષ્,3
પુસ્,3
પૂ,16
પૂં,4
પૂંછ,2
પૂછ,4
પૂજ,4
પૂઠ,2
પૂત,4
પૂત્,2
પૂર,8
પૂર્,11
પૃ,3
પે,14
પેં,2
પેંત,2
પેક્,4
પેટ,4
પેડ,2
પેલ,2
પેસ,2
પૈ,5
પો,30
પોં,2
પોંક,2
પોક,3
પોટ,2
પોઠ,2
પોઢ,2
પોત,2
પોદ,2
પોપ,3
પોય,2
પોર,2
પોળ,4
પોષ,2
પોહ,2
પૌ,3
પૌત્,2
પૌત્રી,2
પૌષ્,2
પ્ર,104
પ્રક,2
પ્રખ્,2
પ્રત,4
પ્રત્,5
પ્રશ્,3
પ્રસ્,3
પ્રા,11
પ્રાંત,2
પ્રાણ,3
પ્રાથ,2
પ્રાસ,2
પ્રિ,3
પ્રીત,2
પ્રે,3
પ્રેક્,2
પ્રેત,2
પ્રેમ,3
પ્રેર,2
પ્રોત્,2
પ્રૌઢ,2
ફ,33
ફં,4
ફંડ,2
ફક,4
ફટ,5
ફડ,7
ફણ,3
ફત,4
ફર,15
ફરિ,2
ફરી,2
ફળ,10
ફા,24
ફાં,9
ફાંક,2
ફાંદ,2
ફાંસ,2
ફાઈ,2
ફાક,2
ફાટ,4
ફાડ,2
ફાત,2
ફાન,2
ફાય,2
ફાર,2
ફાલ,4
ફાવ,2
ફાશ,2
ફિ,2
ફિક,3
ફિટ,2
ફિલ,3
ફી,6
ફીણ,3
ફુ,5
ફું,3
ફુત્,2
ફુર,2
ફૂ,5
ફૂંક,3
ફૂગ,3
ફૂટ,3
ફૂમ,2
ફૂલ,4
ફે,7
ફેં,2
ફેંક,2
ફેંદ,2
ફેંસ,2
ફેણ,3
ફેદ,2
ફેફ,2
ફેર,2
ફો,5
ફોઈ,2
ફોક,2
ફોજ,2
ફોટ,2
ફોડ,3
ફોત,2
ફોલ,2
ફોલ્,2
ફોસ,3
બ,62
બં,24
બંધ,8
બંસ,3
બક,11
બક્,3
બખ,2
બગ,2
બચ,5
બચ્,2
બજ,3
બડ,12
બણ,3
બત,7
બત્,5
બદ,8
બન,4
બન્,2
બમ,2
બર,19
બલ,2
બળ,11
બસ,2
બસ્,2
બા,47
બાં,2
બાંક,2
બાંધ,2
બાંય,3
બાઇ,2
બાક,2
બાગ,2
બાજ,6
બાટ,3
બાડ,2
બાણ,4
બાદ,2
બાપ,5
બાફ,2
બાર,9
બાલ,2
બાળ,7
બાવ,4
બાશ,2
બાસ,3
બિ,8
બિં,4
બિંબ,2
બિક,2
બિન,4
બિર,2
બિલ,2
બિલ્,2
બિવ,2
બી,30
બીક,2
બીજ,3
બીડ,2
બીન,2
બીબ,2
બુ,7
બું,9
બુંદ,2
બુઠ્,2
બુડ,3
બુધ,2
બુધ્,2
બુમ,2
બુર,2
બુલ,3
બૂ,10
બૂક,4
બૂચ,2
બૂટ,2
બૂત,3
બૂમ,3
બૂર,2
બે,38
બેઉ,2
બેટ,2
બેન,2
બેલ,2
બેવ,2
બેશ,2
બેશુ,2
બેસ,5
બૈ,2
બો,29
બોગ,2
બોજ,2
બોટ,2
બોડ,2
બોધ,5
બોર,2
બોલ,3
બોળ,2
બ્યા,2
ભ,54
ભં,6
ભંડોળ,2
ભક,7
ભક્,3
ભગ,6
ભગ્,2
ભજ,2
ભટ,2
ભટ્,2
ભઠ્,2
ભડ,5
ભણ,4
ભત્,3
ભદ્,2
ભન,3
ભપ,2
ભમ,4
ભમ્,2
ભય,2
ભર,13
ભલ,2
ભળ,4
ભવ,8
ભસ,2
ભા,58
ભાં,4
ભાંખ,2
ભાંગ,4
ભાંજ,3
ભાંડ,3
ભાખ,2
ભાગ,7
ભાગ્,3
ભાજ,2
ભાટ,2
ભાત,4
ભાદ,2
ભાન,3
ભામ,2
ભાર,7
ભાળ,4
ભાવ,13
ભાષ્,2
ભાસ,4
ભિ,16
ભિત,2
ભિન્,3
ભી,8
ભીં,3
ભીંગ,2
ભીંત,2
ભીખ,2
ભીડ,3
ભીર,2
ભીલ,2
ભુ,3
ભું,2
ભુત્,2
ભૂ,23
ભૂં,5
ભૂંક,2
ભૂંગ,2
ભૂંજ,2
ભૂંડ,2
ભૂંસ,2
ભૂક,2
ભૂખ,3
ભૂત,4
ભૂર,2
ભૂલ,4
ભૂસ,2
ભૂસ્,3
ભૃણ,2
ભે,8
ભેગ,2
ભેચ્,2
ભેજ,2
ભેટ,3
ભેદ,6
ભેર,2
ભેળ,5
ભો,10
ભોં,3
ભોંક,2
ભોંય,4
ભોઈ,2
ભોગ,5
ભોગ્,3
ભોટ,3
ભૌ,3
ભૌમ,2
ભ્ભો,2
ભ્રમ,2
ભ્રષ્,2
ભ્રષ્ટ,2
ભ્રા,2
ભ્રાં,2
મ,130
મં,24
મંગ,2
મંડ,3
મંત,2
મંત્,2
મંદ,4
મક,11
મક્,3
મખ,2
મખ્,2
મગ,6
મગ્,3
મચ,3
મચ્,2
મછ,2
મજ,11
મટ,4
મઠ,2
મડ,2
મઢ,2
મણ,14
મણું,2
મત,23
મતા,2
મત્,3
મથ,2
મધ,2
મધ્,2
મન,12
મબ,2
મમ,3
મય,6
મર,21
મર્,9
મલ,8
મળ,9
મશ,3
મશ્,2
મસ,3
મસ્,3
મા,109
માં,8
માંચ,2
માંજ,2
માંડ,2
માંદ,3
માંસ,3
માઇ,2
માખ,2
માગ,4
માછ,2
માજ,5
માણ,8
માત,3
માત્,6
માદ,2
માધ્,2
માન,32
માની,2
માન્,4
માપ,2
માપ્,2
મામ,4
માય,2
માર,12
માર્,3
માર્ગ,3
માલ,10
માળ,5
માવ,7
માશ,2
માષ્,2
માસ,4
મિ,15
મિક,5
મિત,4
મિત્,4
મિથ્,2
મિલ,3
મિષ્ટ,2
મિસ્,2
મી,21
મીં,4
મીણ,3
મીન,3
મીપ,3
મીર,2
મીસ,2
મુ,28
મું,15
મુક,5
મુખ,6
મુખ્,2
મુચ્,2
મુઠ્,2
મુદ્,5
મુદ્દો,2
મુફ,2
મુર,2
મુશ્,3
મુસ્,2
મૂ,17
મૂં,3
મૂંઝ,2
મૂંડ,2
મૂક,2
મૂછ,2
મૂજ,2
મૂઠ,2
મૂઢ,2
મૂત્,3
મૂન,2
મૂર્,3
મૂલ્,3
મૂળ,4
મૃ,2
મૃગ,2
મૃત,2
મૃત્,2
મે,22
મેં,2
મેંશ,2
મેક,2
મેટ,2
મેથી,2
મેદ,3
મેર,2
મેલ,5
મેળ,2
મેશ,3
મેશ્,2
મૈ,2
મો,39
મોં,3
મોંઘ,2
મોક,3
મોકલ,2
મોક્,2
મોગ,2
મોજ,4
મોઢ,2
મોણ,2
મોત,3
મોભ,2
મોર,6
મોલ,2
મોસ,2
મોહ,3
મૌ,2
મૌન,2
મૌલ,2
મ્યાન,2
ય,99
યં,4
યક,10
યજ,2
યજ્,2
યણ,7
યત,9
યત્,2
યન,2
યમ,6
યર,5
યલ,3
યળ,2
યવ,2
યવ્,2
યશ,2
યશ્,2
યસ્,2
યા,65
યાં,3
યાંત્,2
યાણ,2
યાત,13
યાત્,2
યાદ,3
યાન,5
યાન્,2
યાપ્,2
યામ,2
યાય,2
યાર,10
યાર્,2
યાળ,5
યાસ,2
યાસ્,3
યિ,5
યિક,5
યી,2
યુ,6
યું,76
યુક,4
યુગ,2
યુજ,2
યુધ્,2
યુવ,4
યે,4
યેક,2
યેર,2
યેળ,2
યો,54
યોગ,7
યોગ્,3
યોજ,3
યૌ,2
ર,105
રં,23
રંક,2
રંગ,6
રક,18
રક્,6
રખ,9
રગ,2
રઘ,2
રચ,6
રછ,2
રજ,14
રટ,2
રડ,3
રણ,45
રણા,2
રત,18
રત્,3
રથ,4
રદ,2
રદ્,2
રપ,2
રફ,3
રબ,3
રબ્,4
રભ,2
રમ,16
રર્,2
રળ,4
રવ,13
રશ,4
રસ,17
રસ્,9
રસ્ત,2
રહ,4
રા,107
રાંત,5
રાંધ,2
રાઇ,4
રાક,5
રાક્,3
રાખ,3
રાગ,5
રાજ,23
રાજ્,2
રાટ,4
રાડ,2
રાણ,3
રાત,10
રાત્,3
રાદ,2
રાન,3
રાપ,2
રાફ,3
રાબ,4
રામ,17
રાર,3
રાળ,6
રાવ,8
રાશ,6
રાષ્,3
રાષ્ટિય્ર,2
રાસ,2
રાહ,3
રિ,45
રિંગ,2
રિક,6
રિકા,2
રિઘ,2
રિચ્,2
રિત્,4
રિબ,2
રિષ્,2
રિસ્,2
રી,146
રીં,2
રીંછ,2
રીક,2
રીક્,4
રીખ,3
રીત,5
રીફ,3
રીબ,2
રીર,4
રીસ,7
રુ,20
રું,73
રુચ,2
રુડ,2
રુણ,3
રુપ,2
રુષ,4
રૂ,14
રૂઝ,2
રૂઠ,2
રૂપ,6
રે,25
રેક,5
રેખ,3
રેજ,2
રેણ,2
રેલ,3
રૈ,2
રો,100
રોક્,2
રોગ,2
રોગ્,2
રોજ,7
રોટ,3
રોડ,4
રોઢ,2
રોધ,4
રોપ,5
રોળ,5
રોવ,2
રોશ,2
રોષ,2
રોહ,2
રૌ,2
ર્,2
ર્ક,2
ર્ગ,2
ર્ણું,2
ર્થ,2
ર્ય,2
ર્યા,2
ર્યું,5
ર્રીક,2
ર્શ,2
ર્શન,2
લ,52
લં,7
લંક,3
લંગ,4
લંદ,2
લંબ,2
લક,12
લક્,4
લખ,5
લગ,5
લગ્,4
લચ,4
લજ,2
લટ,5
લડ,3
લણ,6
લત,8
લત્,4
લન,11
લપ,9
લપ્,3
લફ,2
લબ,3
લભ,3
લમ,6
લય,6
લર,2
લલ,5
લળ,4
લવ,10
લશ્,2
લસ,3
લા,60
લાં,7
લાંચ,2
લાઇ,2
લાઈ,4
લાઉં,2
લાક,5
લાક્,2
લાખ,2
લાગ,5
લાજ,4
લાટ,2
લાડ,3
લાત,4
લાદ,5
લાધ,2
લાપ,4
લાબ,3
લાભ,3
લામ,6
લાલ,5
લાળ,2
લાવ,10
લાશ,4
લાસ,4
લાહ,3
લિ,13
લિં,5
લિંગ,2
લિક,4
લિજ,2
લિત,3
લિમ,2
લિશ,2
લિસ,2
લી,58
લીં,3
લીંટ,2
લીંપ,2
લીક,2
લીખ,2
લીત,2
લીન,2
લીફ,2
લીમ,4
લીલ,2
લીસ,6
લુ,7
લું,48
લુગ,2
લુચ્,3
લૂ,9
લૂગ,2
લૂછ,2
લૂટ,4
લૂણ,2
લૂન,2
લૂમ,2
લે,18
લેખ,3
લેચ,2
લેણ,4
લેપ,3
લેલ,2
લેહ,3
લો,65
લોં,2
લોક,12
લોટ,4
લોપ,4
લોભ,2
લોળ,2
લોહ,2
લૌ,3
લ્ય,2
લ્લે,2
ળ,5
ળં,2
ળંગ,2
ળંદ,2
ળક,4
ળખ,2
ળગ,3
ળગવું,2
ળચ,2
ળણી,3
ળત,2
ળદ,2
ળવ,8
ળવું,2
ળસ,2
ળા,24
ળાં,2
ળાંક,2
ળાઇ,2
ળાક્,2
ળાટ,2
ળાત્,2
ળાપ,3
ળાવ,5
ળાશ,3
ળિ,18
ળી,49
ળીસ,6
ળું,48
ળે,3
ળેવ,2
ળો,27
ળોટ,2
ળ્યું,2
વ,147
વં,8
વંશ,3
વક,10
વગ,4
વઘર,2
વચ,4
વચ્,2
વજ,3
વજ્,2
વટ,12
વટી,2
વડ,13
વઢ,2
વણ,11
વત,7
વત્,3
વત્‌,2
વદ,2
વદ્,2
વધ,3
વન,18
વપ,2
વય,2
વર,30
વર્,19
વર્ગ,2
વર્ણ,2
વલ,2
વલ્,2
વળ,14
વશ,2
વસ,7
વસ્,8
વા,146
વાં,9
વાંક,3
વાંચ,2
વાંઝ,2
વાંદ,4
વાંસ,3
વાઈ,2
વાક,3
વાગ,2
વાઘ,2
વાચ્,2
વાછ,2
વાજ,7
વાટ,6
વાડ,5
વાઢ,3
વાણ,3
વાત,5
વાત્,3
વાદ,12
વાન,9
વાબ,2
વામ,2
વાય,5
વાર,23
વાર્,4
વાલ,6
વાળ,7
વાવ,4
વાસ,15
વાસ્,5
વાહ,5
વિ,121
વિં,2
વિંગ,2
વિક,7
વિક્,2
વિખ,2
વિખ્,3
વિગ્,2
વિઘ્,2
વિઘ્ન,2
વિચ્,2
વિજ્,4
વિત,2
વિત્,3
વિદ્,9
વિદ્‌,2
વિધ,5
વિપ,2
વિપ્,3
વિવ,2
વિશ્,7
વિષ,3
વિષ્,2
વિસ્,9
વિહ્,2
વી,27
વીં,5
વીંટ,2
વીંધ,2
વીજ,5
વીણ,3
વીન,2
વીર,6
વીર્,2
વીસ,7
વું,771
વુંં,2
વુૂં,2
વૃ,3
વૃક્,2
વૃત્,4
વૃધ્,5
વે,38
વેક,2
વેગ,4
વેચ,2
વેજ,2
વેટ,2
વેઠ,2
વેડ,2
વેદ,3
વેધ,3
વેર,4
વેલ,3
વેવ,2
વેશ,7
વેશ્,2
વૈ,6
વૈજ્,2
વૈદ,3
વૈષ્,2
વો,29
વ્ય,10
વ્યં,3
વ્યક,2
વ્યગ્,2
વ્યર્,2
વ્યવ,7
વ્યસ્,2
વ્યા,7
વ્યાક,2
વ્યાખ્,3
વ્યાજ,2
વ્યાપ,2
વ્યુત્,2
વ્ર,2
વ્રત,2
શ,29
શં,4
શંખ,2
શક,25
શણ,4
શત,2
શત્,2
શદ,2
શન,2
શબ,2
શબ્,5
શમ,3
શય,6
શર,9
શળ,2
શવ,2
શસ્,5
શા,28
શાં,3
શાંત,2
શાક,3
શાખ,3
શાચ,2
શાઢ,2
શાન,5
શાપ,2
શાબ,2
શાબ્,2
શાર,2
શાલ,2
શાળ,5
શાવ,2
શાસ્,10
શાહ,3
શિ,22
શિંગ,3
શિક,3
શિક્,7
શિખ,2
શિર,3
શિર્,2
શિલ્,5
શિવ,2
શિશ,2
શિશ્,2
શિષ,2
શિષ્,6
શિસ્,2
શી,33
શીખ,3
શીત,2
શીલ,3
શીળ,2
શુ,6
શું,2
શુંક,2
શુક્,2
શુધ્,4
શુધ્ધ,2
શુભ,4
શુલ્,2
શૂન્,3
શૂર,2
શૂળ,3
શૃં,2
શે,8
શેક,2
શેઠ,2
શેત,2
શેર,3
શેષ,6
શૈ,3
શો,12
શોક,2
શોખ,3
શોધ,2
શોભ,2
શોર,2
શ્યામ,2
શ્ર,3
શ્રધ્,3
શ્રમ,2
શ્રા,2
શ્રી,2
શ્રેષ્,2
શ્રો,2
શ્લો,2
શ્વ,2
શ્વા,3
શ્વે,2
ષ,20
ષક,7
ષટ્,4
ષડ્,2
ષણ,14
ષદ,2
ષધ,2
ષમ,2
ષય,3
ષર,3
ષષ્,2
ષસ,2
ષા,14
ષાં,4
ષાડ,2
ષાત્,2
ષાત્‌,2
ષાદ,2
ષિ,7
ષિક,4
ષિણ,2
ષિત,4
ષિપ્,2
ષિસ,2
ષી,10
ષે,2
ષેક,2
ષેધ,2
ષેપ,3
ષ્ટિ,2
ષ્મ,2
ષ્મી,2
ષ્ય,2
સ,149
સં,119
સંક,3
સંક્,2
સંગ,4
સંગ્,2
સંત,5
સંદ,2
સંન,3
સંન્,2
સંપ,3
સંભ,2
સંસ્,3
સઈ,2
સક,7
સક્,2
સખ,2
સજ,2
સટ,2
સઠ,9
સડ,2
સણ,5
સત,2
સત્,14
સત્ત્,2
સદ,3
સદ્,11
સધ્,2
સન,8
સન્,5
સપ,4
સપ્,3
સભ્,2
સમ,16
સમચોરસ,2
સમીક્,2
સમૃ,2
સર,36
સર્,21
સર્ગ,2
સર્જ,2
સલ,4
સલ્,2
સળ,4
સવ,4
સસ,4
સસ્,2
સહ,12
સહ્,3
સા,112
સાં,9
સાંક,5
સાંખ,2
સાંજ,3
સાંધ,2
સાંપ્,2
સાંસ્,3
સાઇ,2
સાઈ,3
સાક્,5
સાખ,2
સાગ,2
સાટ,2
સાટે,2
સાડ,2
સાણ,4
સાત,3
સાથ,2
સાદ,5
સાધ,3
સાધ્,3
સાન,4
સાપ,2
સાપ્,2
સાફ,3
સાબ,4
સામ,4
સામ્,3
સાય,2
સાર,7
સાર્,5
સાલ,5
સાલ્,2
સાળ,2
સાવ,6
સાસ,2
સાહ,4
સિ,15
સિં,5
સિંચ,2
સિંહ,2
સિક,8
સિત,3
સિત્,4
સિધ્,4
સિલ,2
સિવ,2
સિસ,3
સી,36
સીં,2
સીઝ,2
સીદ,2
સીબ,3
સીમ,2
સીર,2
સીવ,2
સુ,43
સું,10
સુંુ,2
સુખ,2
સુડ,2
સુત,2
સુદ,2
સુધ,2
સુર,3
સુસ,2
સુસ્,3
સૂ,20
સૂંઘ,2
સૂંઠ,2
સૂંઢ,2
સૂક,2
સૂક્,2
સૂગ,2
સૂજ,2
સૂઝ,2
સૂત્,2
સૂફ,3
સૂમ,2
સૂર,2
સૂર્,6
સૂસ,2
સૃષ્,2
સે,10
સેં,2
સેંક,2
સેડ,2
સેલ,2
સેળ,2
સૈ,4
સો,53
સોંઘ,2
સોંપ,2
સોટ,2
સોડ,2
સોમ,2
સોય,2
સોળ,2
સોસ,2
સૌ,5
સૌં,2
સ્,3
સ્કા,3
સ્કાર,2
સ્કૃ,2
સ્કૃત,2
સ્ખ,2
સ્ત,2
સ્તન,2
સ્તર,2
સ્તા,2
સ્તુ,2
સ્તુત્,2
સ્તોત્,2
સ્ત્રી,3
સ્ત્રૈ,2
સ્થ,2
સ્થળ,2
સ્થા,7
સ્થાન,3
સ્થિ,3
સ્થિર,2
સ્ના,2
સ્નાન,2
સ્નેહ,3
સ્પદ,3
સ્પર્,4
સ્પષ્,2
સ્પષ્ટ,2
સ્ફ,2
સ્ફોટ,2
સ્મ,3
સ્મર,2
સ્મા,2
સ્મિત,2
સ્મૃ,2
સ્વ,13
સ્વચ્,2
સ્વપ્,2
સ્વર,3
સ્વર્,3
સ્વસ્,2
સ્વા,3
સ્વાદ,2
સ્વાર્,3
સ્વાસ્,2
સ્વી,5
સ્સો,2
હ,49
હં,4
હંત,2
હંમ,2
હંસ,2
હક,6
હચ,2
હજ,3
હઠ,4
હડ,5
હણ,5
હત,3
હત્,3
હથ્,2
હદ,3
હન,5
હમ,3
હર,8
હર્,2
હલ,6
હળ,7
હસ,3
હસ્,8
હા,45
હાં,4
હાંફ,3
હાંસ,2
હાક,2
હાગ,2
હાજ,3
હાડ,6
હાણ,3
હાથ,6
હાદ,2
હાય,3
હાર,19
હાલ,7
હાલક,2
હાળ,2
હાવ,2
હાશ,2
હાસ,2
હાસ્,3
હિ,16
હિં,6
હિક,3
હિચ,2
હિજ,2
હિત,5
હિત્,3
હિમ,2
હિલ,2
હિષ્,4
હિસા,2
હિસ્,2
હી,22
હીં,6
હીંચ,2
હીજ,2
હીદ,2
હીન,2
હીબ,2
હીર,2
હુ,13
હું,3
હુક,2
હુમ,2
હુલ્,2
હૂ,3
હૂં,4
હૂંફ,2
હૂબ,2
હૂમ,2
હૂર,2
હૃ,5
હે,38
હેંક,2
હેંચ,2
હેચ્,2
હેજ,3
હેણ,2
હેત,2
હેન,4
હેબ,2
હેમ,2
હેર,8
હેલ,5
હેસ,2
હો,14
હોં,3
હોંચ,3
હોજ,3
હોઠ,2
હોદ્,2
હોન,2
હોમ,2
હોર,4
હોળ,2
હોશ,2
ા,2
િ,6
િત,14
િભે,2
િયત,2
િયું,2
િષ્,2
િષ્ઠ,2
ી,3
ીયાં,2
ુખં,2
ૃ,2
ૃત,3
ૃધ્,2
ેક,2
ેચ્,2
ેશાં,2
ો,2
્,2
્કર્,2
્ગી,2
્ણ,3
્ણા,2
્ણાંક,2
્તેજ,2
્થ,2
્દી,2
્ધન,2
્ના,2
્મ,2
્વાહ,2
્શન,2
્શી,2
્ષક,2
્‌કી,2
‌કમ,2
‌કર,5
‌કસ,2
‌કા,2
‌કી,3
‌કો,3
‌કોણ,2
‌ગ,2
‌ગત,2
‌ગુણ,2
‌ગૃ,2
‌ઘા,2
‌ટ,2
‌ટી,3
‌ટુ,2
‌ટો,3
‌ઠી,3
‌ઠુ,2
‌ઠું,2
‌ઠો,3
‌ડી,2
‌ડો,2
‌ણું,2
‌દર,2
‌દું,2
‌પદ,2
‌ફટ,2
‌બુધ્,2
‌ભ,2
‌ભા,3
‌ભાવ,2
‌ભૂત,2
‌ય,2
‌યા,2
‌યાર્,3
‌યુત,2
‌યો,2
‌વ,2
‌વળ,2
‌વાન,2
‌વૃત્,2
