ંકો,1
ંક્ષા,1
ંખડ,1
ંગ,1
ંછેડ,1
ંતર,1
ંધવ,1
ંપળ,1
ંપો,1
ંશ,1
અ,226
અં,36
અંશ,1
અક,4
અક્,6
અખ,1
અગ,1
અગ્,3
અજ,6
અજ્,2
અટ,7
અઠ,5
અડ,11
અડો,1
અડ્,1
અણ,5
અત્,6
અથ,3
અદ્,1
અદ્ય,1
અધ,3
અધિક,1
અધ્,1
અન,1
અનુ,1
અન્,3
અપ,7
અપ્,1
અફ,2
અબ્,1
અભ્,1
અમ,9
અર,4
અર્,6
અલ,1
અળ,2
અવ,10
અવશ્,1
અૌ,3
અૌપ,1
આ,164
આં,20
આંક,1
આંખ,2
આંગ,1
આંચ,2
આંજ,1
આંત,2
આઇ,3
આઈ,3
આક,2
આક્,5
આખ,1
આગ,6
આગ્,1
આજ,7
આટ,3
આઠ,1
આડ,1
આત,4
આત્,2
આદ,1
આપ,32
આપ્,3
આફ,1
આફ્,2
આબ,3
આભ,1
આમ,8
આમન્,1
આય,1
આર,3
આર્,1
આર્ટસ,1
આલ,1
આવ,19
આવ્,4
આશ,2
આશ્,4
આસ,3
આસ્,3
ઇ,43
ઇં,2
ઇંક,1
ઇંચ,1
ઇક,2
ઇચ્,3
ઇજ,2
ઇઝ,1
ઇઠ,1
ઇઠ્,1
ઇન,2
ઇન્,8
ઇન્ટ,1
ઇન્ડ,1
ઇમ,2
ઇલ,1
ઇશ્,1
ઇસ્,2
ઈ,30
ઈં,1
ઈંચ,1
ઈંટ,1
ઈક,2
ઈકાંગ,1
ઈચ્,1
ઈટ,2
ઈડ,1
ઈદ,2
ઈન,3
ઈન્,4
ઈન્ડ,1
ઈન્ફ્,1
ઈમ,2
ઈલ,2
ઈશ્,1
ઈસ્ટ,1
ઉ,78
ઉં,13
ઉંઘ,1
ઉક,1
ઉગ્,1
ઉઘ,2
ઉચ્,3
ઉચ્ચ,1
ઉછ,1
ઉજ,2
ઉઠ,2
ઉત,1
ઉત્,12
ઉથ,1
ઉદ્,9
ઉધ,1
ઉધ્,1
ઉન,1
ઉન્,1
ઉન્ડ,3
ઉપ,17
ઉમ,2
ઉર્,2
ઉલ,1
ઉલ્,2
ઉશ્,1
ઉસ,1
ઊ,20
ઊં,12
ઊંટ,1
ઊગ,1
ઊજ,1
ઊઠ,1
ઊડ,1
ઊન,1
ઊભ,1
ઊર્,1
ઊલ,2
ઋ,4
ઋણ,1
ઋત્,1
એ,105
એંશી,1
એક,28
એકં,2
એક્,1
એક્ટ,1
એચ,2
એજ,1
એજન્,1
એજ્,1
એટ,5
એડ,1
એન,2
એન્,4
એન્ડ,1
એપ્,2
એફ,2
એમ,7
એર,2
એલ,3
એવ,2
એશ,1
એસ,4
એસ્,1
ઐ,3
ઑફ,1
ઓ,106
ઓક્,1
ઓગ,2
ઓચ્,1
ઓટ,3
ઓઢ,1
ઓન,1
ઓપ,1
ઓફ,1
ઓબામા,1
ઓર,3
ઓર્,1
ઓલ,1
ઓળ,2
ઓસ,1
ઓસ્,4
ઔ,1
ઔદ્,1
ઔર,1
ક,216
કં,16
કંટ્,1
કંઠ,1
કંડ,1
કંપ,13
કઇ,1
કઈ,1
કક્,3
કચ,6
કચ્,2
કજ,1
કટ,5
કડ,8
કડા,1
કણ,3
કત,7
કત્,1
કદ,2
કદ્,1
કન,5
કન્,3
કપ,6
કફ,1
કબ,2
કબ્,2
કમ,8
કયા,2
કયાં,1
કર,52
કરિ,1
કરે,1
કર્,13
કર્ડ,1
કર્મ,6
કલ,17
કલ્,7
કળ,14
કવ,5
કસ,4
કસ્,5
કહ્,3
કા,183
કાં,12
કાંગ,1
કાંસ,2
કાઈ,1
કાક,1
કાગ,1
કાચ,2
કાજ,2
કાટ,2
કાઢ,2
કાણ,3
કાત,7
કાદ,1
કાન,7
કાપ,3
કાફ,1
કાબ,1
કામ,15
કાય,9
કાર,71
કાર્,2
કાર્ડ,1
કાલ,4
કાળ,9
કાવ,6
કાવ્,2
કાશ,6
કાશ્,2
કાષ્,1
કાસ,4
કાહ,1
કિ,10
કિં,2
કિંમ,1
કિક,2
કિટ,2
કિત,2
કિર્,1
કિલ્,1
કિસ્,10
કી,68
કીક,2
કીટ,2
કીત,1
કીદ,1
કીમ,2
કીય,3
કીર,1
કીર્,1
કીલ,1
કીસા,1
કુ,18
કું,33
કુંવ,1
કુદ,2
કુલ,3
કુશ,2
કુસ્,1
કૂ,4
કૂં,1
કૂક,3
કૂટ,2
કૂત,3
કૂથ,1
કૂદ,1
કૂફ,1
કૂળ,5
કૃ,2
કે,49
કેજ,1
કેટ,17
કેડ,1
કેત,1
કેદ,2
કેન્,7
કેપ,1
કેપ્,1
કેફ,1
કેમ,2
કેમ્પ,1
કેર,1
કેલ,5
કેળ,1
કેવ,1
કેશ,3
કેસ,5
કો,116
કોં,1
કોંગ્,8
કોઇ,3
કોઈ,7
કોક,1
કોગ,1
કોચ,3
કોટ,4
કોડ,1
કોઢ,1
કોણ,3
કોત્,1
કોથ,3
કોન્,1
કોપ,2
કોમ,2
કોમ્,1
કોર,10
કોર્,6
કોર્ટ,5
કોર્ડ,1
કોર્પ,1
કોર્સ,1
કોલ,3
કોલેજ,1
કોળ,1
કોશ,1
કોષ,1
કોહ,1
કૌ,3
કૌંસ,1
ક્,3
ક્ટ,1
ક્યા,4
ક્યાં,3
ક્ર,4
ક્રમ,4
ક્રા,1
ક્રિ,10
ક્રી,2
ક્રુ,2
ક્રે,1
ક્રો,2
ક્શેત્,1
ક્ષ,6
ક્ષક,1
ક્ષણ,1
ક્ષત્,1
ક્ષર,3
ક્ષાર,1
ક્ષિ,1
ક્ષી,1
ક્ષેત્,2
ક્ષેપ,1
ક્ષોભ,1
ક્‌કં,1
ક્‌કા,2
ક્‌કાર,1
ખ,56
ખં,7
ખંડ,2
ખક,1
ખખ,1
ખચ,2
ખચ્,1
ખટ,4
ખડ,9
ખણ,2
ખત,5
ખદ,1
ખન,2
ખમ,4
ખર,5
ખર્,3
ખર્ચ,1
ખલ,1
ખળ,4
ખવું,1
ખસ,4
ખસે,1
ખા,58
ખાં,2
ખાંડ,2
ખાઇ,1
ખાઈ,2
ખાજ,1
ખાટ,3
ખાડ,1
ખાણ,5
ખાત,4
ખાત્,1
ખાદ્,1
ખાન,3
ખામ,4
ખાય,3
ખાર,1
ખાલ,1
ખાળ,2
ખાવ,4
ખાસ,1
ખાસ્,1
ખિ,2
ખિત,2
ખિસ,1
ખી,26
ખીચ,2
ખીણ,1
ખીર,2
ખીલ,2
ખીસ્,1
ખુ,5
ખું,15
ખુદ,1
ખુબ,1
ખુર,1
ખુલ્,5
ખુશ,2
ખૂ,4
ખૂં,1
ખૂંચ,1
ખૂંધ,1
ખૂજ,1
ખૂટ,1
ખૂન,1
ખૂબ,1
ખૂલ,1
ખે,25
ખેં,2
ખેડ,1
ખેર,2
ખેલ,3
ખેવ,1
ખો,32
ખોખ,1
ખોટ,2
ખોડ,3
ખોદ,2
ખોપ,1
ખોર,9
ખોલ,1
ખોળ,1
ખોસ,1
ખ્,1
ખ્ય,2
ખ્યા,7
ખ્યું,3
ખ્યો,2
ખ્રિસ્,1
ગ,107
ગં,7
ગંદ,1
ગંધ,2
ગઇ,3
ગઈ,2
ગજ,4
ગટ,5
ગઠ્,1
ગડ,10
ગડી,1
ગઢ,3
ગણ,15
ગણા,2
ગણે,1
ગત,21
ગતિ,1
ગત્,2
ગથ્થુ,1
ગદ,2
ગન,3
ગપ,2
ગપ્,1
ગફ,1
ગભ,3
ગમ,12
ગમ્,2
ગયા,1
ગર,45
ગરટ,1
ગર્,3
ગલ,8
ગલ્,2
ગળ,15
ગવ,1
ગશ,1
ગસ,1
ગસ્,1
ગસ્ટ,1
ગા,53
ગાં,10
ગાંઠ,1
ગાંધીને,1
ગાજ,3
ગાટ,1
ગાડ,4
ગાઢ,1
ગાણ,1
ગાત,1
ગાથ,1
ગાદ,1
ગાન,1
ગાબ,1
ગામ,11
ગાય,2
ગાર,9
ગાર્,1
ગાલ,1
ગાળ,3
ગાવ,2
ગાહ,1
ગિ,10
ગિક,5
ગિજ,1
ગિત,1
ગી,52
ગીત,4
ગીન,3
ગીર,1
ગુ,23
ગું,15
ગુજ,8
ગુણ,2
ગુના,1
ગુન્,1
ગુપ,1
ગુપ્,1
ગુપ્ત,2
ગુમ,1
ગુલ,1
ગૂ,4
ગૂં,2
ગૂંચ,1
ગૂંથ,1
ગૂંદ,1
ગૂઢ,1
ગૂમ,1
ગૂર,1
ગે,19
ગેંગ,1
ગેડ,1
ગેમ,1
ગેર,9
ગેસ,2
ગો,34
ગોં,1
ગોખ,2
ગોટ,2
ગોઠ,1
ગોત,1
ગોદ,2
ગોધ,1
ગોર,1
ગોલ,1
ગોલ્ડ,1
ગોળ,9
ગોવ,1
ગૌ,1
ગૌણ,1
ગ્,6
ગ્ય,1
ગ્યા,4
ગ્યું,2
ગ્ર,5
ગ્રંથ,2
ગ્રહ,7
ગ્રા,7
ગ્રામ,2
ગ્રુપ,2
ગ્લો,1
ઘ,47
ઘં,1
ઘંટ,2
ઘટ,14
ઘટી,1
ઘડ,5
ઘણ,3
ઘન,2
ઘર,19
ઘર્ષ,1
ઘવ,1
ઘસ,3
ઘા,7
ઘાઘ,2
ઘાટ,3
ઘાટી,1
ઘાણ,1
ઘાત,4
ઘાર,2
ઘાલ,1
ઘાસ,1
ઘિ,1
ઘી,5
ઘુ,6
ઘું,5
ઘુત્,1
ઘૂ,4
ઘૂં,2
ઘૂઘ,1
ઘૂમ,3
ઘે,6
ઘેન,1
ઘેર,2
ઘેલ,1
ઘો,11
ઘોર,2
ઘોળ,1
ઘોષ,1
ચ,64
ચં,6
ચક,21
ચકા,1
ચક્,6
ચટ,4
ચડ,12
ચડ્,1
ચણ,5
ચત,1
ચન,12
ચપ,2
ચપ્,1
ચબ,1
ચમ,3
ચય,1
ચર,12
ચર્,5
ચર્ચ,1
ચલ,3
ચલા,1
ચળ,3
ચવ,3
ચસ,2
ચસ્,3
ચા,83
ચાં,2
ચાંદી,1
ચાઇ,1
ચાઈ,3
ચાક,1
ચાખ,1
ચાગ,1
ચાટ,2
ચાણ,3
ચાત,1
ચાપ,2
ચાબ,1
ચામ,2
ચાય,1
ચાર,20
ચાર્,1
ચાર્જ,1
ચાલ,13
ચાલ્,1
ચાળ,1
ચાવ,4
ચાશ,1
ચાસ,3
ચાહ,1
ચિ,10
ચિં,6
ચિંત,1
ચિઠ્‌ઠી,1
ચિત,8
ચિત્,2
ચિન્,1
ચિમ,1
ચિવ,1
ચિહ્,1
ચી,36
ચીંથ,2
ચીંધ,1
ચીક,1
ચીજ,1
ચીડ,1
ચીત,3
ચીન,6
ચીપ,1
ચીફ,1
ચીમ,1
ચીર,1
ચીસ,2
ચુ,2
ચું,21
ચુંટ,1
ચુપ,1
ચુર,1
ચૂ,11
ચૂં,1
ચૂંક,1
ચૂંટ,6
ચૂંથ,1
ચૂંદ,1
ચૂક,4
ચૂક્,2
ચૂગ,1
ચૂપ,4
ચૂમ,1
ચૂસ,2
ચૂસ્,1
ચે,22
ચેક,3
ચેત,3
ચેન,3
ચેપ,1
ચેમ્,1
ચેર,1
ચેવ,1
ચેહ,1
ચૈ,1
ચૈત્,1
ચો,51
ચોં,2
ચોંક,1
ચોંચ,1
ચોક,4
ચોક્,2
ચોખ્,2
ચોગ્,1
ચોટ,2
ચોડ,1
ચોત્,1
ચોથ,1
ચોપ,3
ચોર,4
ચોળ,1
ચોવ,1
ચોસ,1
ચૌ,1
ચૌદ,1
ચૌધ,1
ચ્ચ,1
ચ્ચાર,1
ચ્છ,1
ચ્છન્ન,1
ચ્ય,1
ચ્યા,1
છ,22
છં,1
છક,3
છગ્,1
છટ,2
છઠ,1
છઠ્,1
છડ,1
છણ,3
છત,2
છત્,2
છપ,1
છપ્,1
છબ,1
છમ,2
છર,2
છલ,1
છળ,7
છવ,1
છવ્,1
છા,24
છાં,2
છાંડ,1
છાંય,1
છાટ,1
છાડ,1
છાણ,1
છાત,1
છાપ,3
છાબ,2
છાલ,1
છાળ,1
છાવ,2
છાશ,1
છિ,1
છી,10
છીત,1
છીપ,1
છુ,1
છું,6
છૂ,6
છૂં,2
છૂટ,6
છૂત,1
છે,15
છેક,2
છેડ,2
છેત,2
છેદ,4
છેર,1
છેલ,1
છેલ્,5
છો,10
છોક,3
છોડ,4
છોત,1
છોલ,2
છ્‌યા,1
જ,93
જં,7
જઇ,2
જઈ,3
જક,8
જક્,1
જગ,1
જઠ,1
જડ,6
જણ,4
જણા,2
જત,4
જથ્,1
જન,20
જન્,8
જપ,2
જબ,2
જબર,1
જમ,4
જમ્,1
જય,4
જયા,1
જયાં,1
જયાર,1
જયો,1
જયોત,1
જર,9
જલ,3
જલ્,1
જળ,5
જવ,7
જવા,1
જશ,2
જસ્,4
જા,100
જાં,3
જાઇ,1
જાઈ,3
જાઓ,1
જાગ,3
જાજ,3
જાડે,1
જાણ,6
જાત,6
જાત્,1
જાદ,1
જાન,5
જાન્,1
જાપ,1
જાબ,2
જામ,7
જાય,3
જાર,14
જાળ,2
જાવ,4
જિ,8
જિં,1
જિંદ,1
જિક,2
જિત,1
જિદ,1
જિદ્,1
જિલ્,6
જી,82
જીંદ,1
જીઓ,1
જીક,5
જીત,3
જીત્,1
જીન,1
જીપ,1
જીર્,1
જીલ્,3
જીવ,13
જીવન,1
જુ,34
જું,4
જુએ,1
જુઓ,1
જુક,1
જુઠ્,1
જુન,2
જુબા,2
જુમ,1
જુર,1
જુસ્,1
જુ્,1
જૂ,15
જૂજ,1
જૂઠ,1
જૂથ,2
જૂદ,1
જૂન,1
જૂર,3
જૂસ,1
જે,30
જેટ,8
જેઠ,1
જેમ,5
જેય,1
જેલ,3
જેવ,1
જેશ,1
જૈન,1
જો,58
જોઇ,3
જોઈ,3
જોક,1
જોખ,1
જોગ,5
જોડ,5
જોત,1
જોર,2
જ્,1
જ્ઞ,1
જ્ઞા,6
જ્ય,3
જ્યા,1
જ્યાં,1
ઝ,17
ઝં,4
ઝંખ,2
ઝંપ,1
ઝગ,2
ઝઘ,4
ઝટ,5
ઝડ,8
ઝણ,3
ઝન,2
ઝબ,2
ઝમ,1
ઝર,4
ઝલ,1
ઝળ,3
ઝવ,2
ઝા,16
ઝાં,2
ઝાંખ,1
ઝાંઝ,1
ઝાડ,3
ઝાદ,1
ઝાપ,1
ઝાર,1
ઝાલ,1
ઝાળ,1
ઝિક,1
ઝી,4
ઝીંક,2
ઝીલ,1
ઝુ,1
ઝું,2
ઝૂ,2
ઝૂં,1
ઝૂંપ,1
ઝૂક,1
ઝૂઝ,1
ઝૂડ,1
ઝૂમ,2
ઝૂર,1
ઝૂલ,1
ઝે,2
ઝેબ,1
ઝેર,1
ઝો,1
ઝોક,1
ઝોન,2
ઞ,2
ઞા,5
ઞાન,2
ઞિક,1
ઞી,1
ટ,34
ટં,2
ટંબ,1
ટક,21
ટક્,2
ટચ,3
ટટ્,1
ટણ,3
ટન,10
ટપ,5
ટપ્ર,1
ટમ,3
ટર,22
ટર્ન,1
ટર્સ,1
ટલ,9
ટલું,1
ટળ,2
ટવ,2
ટસ્,1
ટા,43
ટાં,2
ટાઇ,1
ટાઈ,1
ટાક,3
ટાડ,2
ટાઢ,1
ટાદ,1
ટાપ,1
ટામ,1
ટાર,1
ટાલ,1
ટાળ,1
ટાવ,9
ટિ,8
ટિં,1
ટિક,1
ટિત,1
ટિશ,1
ટિસ,2
ટી,69
ટીં,1
ટીંગ,2
ટીક,1
ટીપ,2
ટીમ,5
ટીવ,2
ટીસ,1
ટુ,3
ટું,16
ટુંબ,1
ટુક,3
ટુમ્,1
ટુર્,1
ટૂ,1
ટૂં,3
ટૂંક,2
ટૂંપ,1
ટૂચ,1
ટે,25
ટેક,5
ટેટ,1
ટેન્,2
ટેમ્,1
ટેર,1
ટેલ,5
ટેવ,1
ટેસ્ટ,2
ટો,36
ટોક,1
ટોચ,4
ટોપ,4
ટોળ,3
ટ્,4
ટ્ર,9
ટ્રા,3
ટ્રી,2
ટ્રીઝ,1
ટ્રે,4
ટ્રેક,1
ટ્રોલ,1
ટ્‌ટો,1
ઠ,10
ઠં,5
ઠક,2
ઠક્,1
ઠગ,2
ઠણ,2
ઠન,1
ઠપ,2
ઠપ્પ,1
ઠપ્ર,1
ઠમ,2
ઠયું,1
ઠર,1
ઠલ,1
ઠળ,3
ઠવ,3
ઠસ,2
ઠા,19
ઠાં,2
ઠાંસ,1
ઠાઠ,2
ઠાડ,1
ઠાણ,2
ઠામ,1
ઠાર,3
ઠાવ,1
ઠાશ,1
ઠાસ,1
ઠિ,4
ઠિત,1
ઠી,12
ઠીંગ,1
ઠીક,1
ઠીન,1
ઠું,9
ઠુર,1
ઠૂં,1
ઠૂંઠ,1
ઠે,7
ઠેક,4
ઠેર,3
ઠેલ,1
ઠેશ,1
ઠો,8
ઠોં,1
ઠોક,2
ઠોઠ,1
ઠોડ,1
ઠોર,2
ઠોળ,1
ઠ્‌ઠા,3
ઠ્‌યા,2
ઠ્‌યો,1
ડ,23
ડં,5
ડંખ,1
ડંુગ,1
ડક,11
ડકી,1
ડગ,7
ડટ્,1
ડત,2
ડત્,2
ડદ,1
ડન,3
ડપ,4
ડફ,2
ડબ,1
ડમ,3
ડર,7
ડલ,2
ડળ,2
ડવું,1
ડસ,1
ડસ્,1
ડા,80
ડાં,7
ડાંખ,1
ડાંડ,1
ડાઇ,3
ડાઈ,6
ડાઉ,1
ડાક,2
ડાઘ,1
ડાટ,2
ડાણ,1
ડાન્સ,1
ડામ,2
ડાય,2
ડાર,1
ડાળ,1
ડાવ,7
ડાશ,1
ડાસ,1
ડાહ્યું,1
ડિ,24
ડિક,2
ડિટ,1
ડિત,2
ડી,135
ડીં,1
ડીંગ,1
ડીઓ,1
ડીક,1
ડીલ,1
ડી્ર,1
ડુ,3
ડું,63
ડુંગ,2
ડુક્,1
ડુપ્,1
ડુલ,1
ડૂ,8
ડૂં,4
ડૂત,2
ડૂબ,2
ડૂસ,1
ડે,15
ડેક્શ,2
ડેમ,1
ડેલ,3
ડેવ,1
ડૉ,1
ડૉક્,1
ડો,91
ડોક,2
ડોક્,1
ડોદ,3
ડોલ,2
ડોળ,3
ડોવ,2
ડોશ,3
ડ્,2
ડ્યો,1
ડ્રગ,1
ડ્રા,1
ઢ,2
ઢં,2
ઢંગ,1
ઢગલ,1
ઢણ,1
ઢળ,1
ઢા,1
ઢાર,1
ઢિ,1
ઢી,9
ઢીંચ,1
ઢુ,1
ઢું,8
ઢે,1
ઢેબ,1
ઢો,4
ઢોંગ,1
ઢોક,1
ઢોર,1
ઢોલ,2
ઢોળ,1
ણ,14
ણં,1
ણંદ,1
ણક,3
ણછ,1
ણત,2
ણન,1
ણપ,1
ણય,2
ણવ,3
ણવું,1
ણવેશ,1
ણસ,6
ણા,45
ણાં,6
ણાઈ,2
ણાટ,1
ણાત,1
ણામ,2
ણાય,1
ણાર્,1
ણાવ,2
ણાવવા,1
ણિ,18
ણિક,5
ણિજ,1
ણિત,2
ણી,106
ણીઓ,1
ણીત,1
ણીય,1
ણીસ,1
ણુ,4
ણું,73
ણુંક,1
ણૂંક,2
ણૂક,1
ણે,17
ણેક,1
ણેજ,1
ણેશ,1
ણો,19
ણ્યા,3
ણ્યું,2
ત,117
તં,17
તંક,2
તક,14
તખ,1
તગ,3
તજ,3
તટ,1
તડ,5
તણ,3
તત,3
તત્,3
તત્ત્,3
તદ્,1
તન,16
તન્,1
તપ,2
તફ,2
તમ,7
તર,66
તર્,3
તલ,9
તલ્,1
તળ,3
તવ,5
તવ્,1
તસ,1
તસ્,1
તસ્ક,1
તા,222
તાં,25
તાંત,1
તાંધ,1
તાંય,1
તાક,3
તાગ,1
તાજ,1
તાડ,2
તાણ,2
તાત્,3
તાન,8
તાપ,6
તાબ,1
તામ,3
તાર,14
તાર્,1
તાલ,3
તાળ,3
તાવ,5
તાશ,2
તાહ,2
તાા,1
તિ,118
તિં,2
તિક,6
તિજ,1
તિજ્,1
તિત,1
તિત્,1
તિમ,1
તિષ્,2
તિા,1
તી,107
તીક,1
તીક્,1
તીડ,1
તીત,1
તીપડ,1
તીર,1
તીર્થ,2
તુ,27
તું,43
તુક,1
તુચ્,1
તુટ,1
તુર,2
તુલ,1
તુળ,1
તૂ,5
તૂટ,2
તૂત,1
તે,52
તેં,4
તેચ્,1
તેજ,2
તેટ,3
તેડ,1
તેમ,9
તેર,9
તેલ,4
તેહ,1
તૈ,3
તો,56
તોછ,2
તોડ,4
તોત,1
તોપ,1
તોબ,1
તોય,1
તોલ,2
તોળ,1
તોષ,3
ત્,1
ત્ત,1
ત્તર,2
ત્ત્વ,1
ત્ય,3
ત્યં,1
ત્યક્,1
ત્યજ,1
ત્યવા,1
ત્યા,7
ત્યાં,3
ત્યાગ,2
ત્યાર,2
ત્ર,32
ત્રણ,5
ત્રણપ,1
ત્રા,6
ત્રાડ,1
ત્રાસ,4
ત્રિ,6
ત્રિક,2
ત્રી,13
ત્રીસ,4
ત્રું,1
ત્રે,3
ત્રૈ,1
ત્રો,1
ત્રોફ,1
ત્વ,2
ત્વિક,1
થ,54
થઇ,1
થઈ,1
થક,8
થડ,2
થડક,1
થણ,1
થન,3
થપ્,1
થમ,4
થયા,1
થર,7
થલ,3
થળ,2
થા,35
થાંભ,1
થાક,1
થાત્,1
થાન,4
થાપો,1
થાય,1
થાળ,2
થા્,1
થિ,8
થિક,1
થિત,2
થિલ,1
થી,89
થીગ,1
થીજ,1
થું,2
થુન,1
થૂ,1
થૂંક,1
થે,11
થેપ,1
થો,17
થોક,3
થોથ,1
થોભ,1
થોર,1
થ્થ,2
થ્ય,2
થ્વી,1
દ,75
દં,5
દંગ,1
દંડ,1
દંત,3
દંભ,1
દંશ,1
દઇ,1
દઈ,2
દઉં,1
દક,2
દક્,4
દડ,4
દણ,1
દત,2
દત્,1
દદ,2
દન,17
દબ,1
દમ,3
દમ્,1
દય,8
દર,37
દર્,16
દર્ભ,1
દલ,3
દળ,6
દળું,1
દવ,3
દશ,2
દસ,1
દસ્,1
દસ્ત,1
દા,101
દાં,3
દાંત,1
દાઈ,1
દાખ,1
દાઘ,1
દાજ,1
દાઝ,3
દાટ,1
દાઢ,1
દાણ,1
દાદ,2
દાન,8
દાબ,2
દામ,2
દાય,6
દાર,25
દાર્,2
દાળ,1
દાવ,4
દાસ,3
દાહ,2
દિ,30
દિક,2
દિગ્,3
દિત,3
દિન,3
દિર,5
દિલ,6
દિલ્,5
દિવ,1
દિવ્,1
દી,77
દીક,4
દીઠ,1
દીન,1
દીપ,2
દીય,1
દીર્,1
દીશ,1
દુ,33
દું,9
દુખ,3
દુઝ,1
દુપ,1
દુર,1
દુર્,5
દુલ,1
દુશ્,1
દૂ,7
દૂક,2
દૂત,1
દૂધ,1
દૂબ,1
દૂર,3
દૂર્ર,1
દે,62
દેખ,2
દેડ,3
દેણ,1
દેવ,7
દેશ,21
દેહ,4
દૈ,2
દો,36
દોઇ,1
દોટ,1
દોડ,5
દોઢ,2
દોદ,1
દોર,4
દોષ,3
દોસ્ત,1
દોહ,1
દ્ધ,1
દ્ર,11
દ્રઢ,1
દ્રશ્,2
દ્રષ્,1
દ્રા,3
દ્રાક્ષ,1
દ્રિત,1
દ્રી,2
દ્રોહ,1
દ્વા,1
દ્વીપ,1
દ્વૈ,1
દ્‌ય,2
દ્‌યા,1
દ્‌યો,1
ધ,64
ધં,5
ધક,4
ધક્,2
ધગ,2
ધડ,3
ધણ,4
ધન,9
ધમ,6
ધર,9
ધર્,12
ધલ,1
ધવ્,1
ધસ,2
ધા,70
ધાં,3
ધાઇ,1
ધાઈ,1
ધાક,1
ધાડ,2
ધાત્,1
ધાન,8
ધાન્,2
ધાપ,1
ધામ,5
ધાર,14
ધાર્,1
ધાવ,2
ધિ,28
ધિત,2
ધિન્,1
ધિર,1
ધી,42
ધીન,2
ધીર,2
ધીશ,1
ધુ,14
ધું,7
ધુર,2
ધૂ,4
ધૂં,2
ધૂંધ,2
ધૂંસ,1
ધૂણ,1
ધૂત,2
ધૂન,1
ધૂપ,2
ધૂમ,2
ધૂળ,1
ધે,5
ધેડ,1
ધેર,1
ધો,26
ધોધ,1
ધોળ,1
ધ્,1
ધ્ધાન્,1
ધ્ય,1
ધ્યક્,1
ધ્યા,5
ધ્યાત્,1
ધ્યાન,1
ધ્યે,1
ધ્યેય,1
ધ્ર,1
ધ્રુ,1
ધ્વ,2
ધ્વજ,1
ધ્વા,1
ન,130
નં,7
નંદ,4
નક,11
નક્,3
નખ,7
નખ્,1
નગ,2
નગ્,1
નજ,4
નટ,2
નડ,2
નણ,3
નત,2
નથ,1
નદ,1
નન,4
નન્,1
નપ,1
નફ્,1
નબ,4
નભ,2
નમ,7
નમ્,1
નય,3
નર,5
નર્,6
નર્‌,1
નલ,4
નળા,1
નવ,18
નવ્,1
નસ,5
નસ્,2
ના,392
નાં,9
નાઈ,1
નાઓ,1
નાક,2
નાખ,4
નાગ,6
નાચ,2
નાજ,1
નાણ,2
નાત,2
નાત્,1
નાથ,3
નાન,2
નામ,13
નાર,9
નાલ,1
નાળ,2
નાવ,12
નાવ્,3
નાશ,5
નાસ,4
નાસ્,1
નાહ,1
નિ,105
નિં,2
નિંદ,1
નિક,7
નિટ,2
નિત,1
નિત્,1
નિત્ત્,1
નિફ,1
નિફ્,1
નિમ,3
નિય,1
નિર,4
નિર્,22
નિલ,1
નિશ્,4
નિષ્,11
નિસ,2
નિસ્,1
ની,270
નીં,1
નીંદ,1
નીક,4
નીચ,2
નીત,1
નીમ,3
નીર,1
નીલ,2
નીશ,1
નુ,22
નું,61
નુક,2
નુષ્ય,1
નુસ,1
નુસ્,1
નૂ,3
નૂર,1
નૃત્,1
ને,192
નેક,2
નેચ,1
નેજ,1
નેટ,4
નેર,1
નેવ્,1
નેશ,2
નેસ,1
નૈ,6
નો,111
નોં,9
નોંધ,3
નોજ,1
નોટ,1
નોત,1
નોદ,1
નોમ,1
નૌ,2
ન્,1
ન્ટ,1
ન્ડ,1
ન્દ્,1
ન્દ્ર,1
ન્ન,1
ન્મ,1
ન્ય,4
ન્યા,2
ન્યાત,1
ન્યાય,1
ન્યાયી,1
ન્યાસ,1
ન્યુ,2
ન્યુઝ,1
ન્સ,1
પ,228
પં,33
પંચ,3
પક,19
પક્,18
પખ,3
પગ,9
પચ,3
પચ્,1
પછ,1
પજ,4
પટ,18
પટ્,3
પડ,28
પડ્,2
પણ,19
પત,5
પતિ,1
પત્,25
પત્ર,1
પથ,5
પથ્,2
પદ,3
પધ,2
પધ્,1
પન,6
પન્,2
પપ્,1
પબ્,1
પર,53
પરિ,1
પર્,5
પલ,5
પળ,3
પશ્,2
પસ,2
પસ્,3
પા,134
પાં,8
પાંખ,2
પાંચ,1
પાંજ,2
પાંત્,1
પાંદ,1
પાઇ,2
પાઈ,3
પાક,5
પાક્,1
પાઘ,1
પાછ,2
પાટ,5
પાઠ,2
પાડ,8
પાડ્,1
પાત,5
પાત્,4
પાદ,1
પાન,4
પાપ,3
પામ,1
પામ્,3
પાય,4
પાર,11
પારી,1
પાર્,5
પાર્ટ,1
પાલ,4
પાળ,4
પાવ,3
પાસ,12
પિ,26
પિં,1
પિક,1
પિચ,1
પિણ્,1
પિત,1
પિત્,3
પિલ્,1
પિસ્,1
પી,42
પીં,1
પીંખ,1
પીંજ,1
પીએ,1
પીચ,1
પીટ,2
પીઠ,2
પીપ,2
પીલ,2
પીસ,1
પુ,29
પું,6
પુખ્,1
પુછ,1
પુણ,1
પુણ્,1
પુત્,6
પુન,3
પુર,6
પુરવ,1
પુલ,2
પુલ્,1
પુષ્,2
પુસ્,2
પૂ,19
પૂં,3
પૂંછ,1
પૂછ,5
પૂછ્,1
પૂજ,3
પૂઠ,1
પૂત,3
પૂત્,1
પૂર,13
પૂર્,11
પૃ,2
પે,28
પેં,1
પેંત,1
પેક્,4
પેટ,5
પેટ્,4
પેડ,1
પેન્,1
પેલ,2
પેસ,1
પૈ,8
પો,56
પોં,1
પોંક,1
પોક,2
પોટ,1
પોઠ,1
પોઢ,1
પોત,1
પોદ,1
પોન્,1
પોપ,2
પોય,1
પોર,3
પોર્ટ,6
પોલ,1
પોળ,3
પોષ,1
પોસ્ટ,2
પોહ,1
પૌ,2
પૌત્,1
પૌત્રી,1
પૌષ્,1
પ્,3
પ્ત,2
પ્યુ,2
પ્ર,151
પ્રક,2
પ્રખ્,1
પ્રત,3
પ્રત્,5
પ્રદ,1
પ્રશ્,7
પ્રસ્,2
પ્રા,11
પ્રાંત,1
પ્રાણ,2
પ્રાથ,1
પ્રાસ,1
પ્રિ,3
પ્રીત,1
પ્રે,3
પ્રેક્,1
પ્રેત,1
પ્રેમ,3
પ્રેર,1
પ્રેસ,1
પ્રો,4
પ્રોત્,1
પ્રૌઢ,1
પ્લેટ,1
ફ,46
ફં,5
ફંડ,1
ફક,4
ફટ,6
ફડ,6
ફણ,2
ફત,3
ફતે,1
ફથી,1
ફફ,1
ફર,20
ફરિ,1
ફરી,1
ફર્,2
ફર્સ્ટ,1
ફળ,11
ફા,30
ફાં,8
ફાંક,1
ફાંદ,1
ફાંસ,1
ફાઇ,1
ફાઈ,1
ફાક,1
ફાટ,3
ફાડ,1
ફાત,1
ફાન,1
ફામ,1
ફાય,2
ફાર,2
ફાર્,1
ફાલ,3
ફાવ,1
ફાશ,2
ફાસ્ટ,1
ફિ,2
ફિક,3
ફિટ,1
ફિલ,2
ફિલ્,5
ફિલ્મ,6
ફિસ,2
ફી,7
ફીક,1
ફીટ,1
ફીણ,2
ફુ,5
ફું,2
ફુટ,1
ફુડ,1
ફુત્,1
ફુર,1
ફૂ,4
ફૂંક,2
ફૂગ,2
ફૂટ,3
ફૂડ,1
ફૂમ,1
ફૂલ,3
ફે,14
ફેં,2
ફેંક,1
ફેંદ,1
ફેંસ,1
ફેડ,1
ફેણ,3
ફેદ,1
ફેફ,1
ફેર,4
ફેશ,1
ફો,8
ફોઈ,1
ફોક,1
ફોજ,2
ફોટ,1
ફોડ,3
ફોત,1
ફોન,3
ફોર,1
ફોર્મ,1
ફોલ,1
ફોલ્,1
ફોસ,2
ફ્,1
ફ્યુ,1
ફ્રી,1
બ,123
બં,32
બંગ,2
બંધ,7
બંન્,1
બંસ,2
બઇ,3
બઈ,4
બક,10
બક્,4
બખ,1
બગ,2
બચ,5
બચ્,2
બજ,2
બડ,10
બણ,2
બત,8
બત્,4
બદ,11
બન,12
બન્,5
બમ,1
બર,25
બલ,5
બળ,10
બસ,2
બસ્,1
બા,72
બાં,3
બાંક,1
બાંગ્,1
બાંધ,2
બાંય,2
બાઇ,1
બાક,1
બાગ,1
બાજ,5
બાટ,2
બાડ,1
બાણ,3
બાત,2
બાદ,4
બાન,1
બાપ,4
બાફ,1
બાય,2
બાર,10
બાલ,1
બાળ,13
બાવ,3
બાશ,1
બાસ,2
બાહ્,1
બિ,12
બિં,3
બિંબ,1
બિક,2
બિઝ,1
બિત,1
બિન,4
બિર,2
બિલ,2
બિલ્,3
બિવ,1
બી,44
બીક,1
બીજ,2
બીડ,1
બીન,1
બીબ,1
બીર,1
બીલ,1
બુ,8
બું,9
બુંદ,1
બુક,2
બુઠ્,1
બુડ,2
બુત,1
બુધ,2
બુધ્,1
બુમ,1
બુર,1
બુલ,2
બૂ,10
બૂક,3
બૂચ,1
બૂટ,1
બૂત,2
બૂદ,1
બૂમ,2
બૂર,1
બે,55
બેં,2
બેંક,2
બેંગ્,1
બેઉ,1
બેગ,1
બેટ,1
બેટ્સ,1
બેઠ,1
બેન,2
બેન્,1
બેન્ક,2
બેલ,1
બેવ,1
બેશ,1
બેશુ,1
બેસ,4
બૈ,1
બો,49
બોંબ,1
બોક્સ,1
બોગ,1
બોજ,1
બોટ,2
બોડ,1
બોધ,4
બોમ્બ,1
બોર,2
બોર્,1
બોર્ડ,4
બોલ,5
બોલ્,2
બોળ,1
બ્,3
બ્યા,1
બ્રા,1
બ્રાહ્,1
બ્રિ,5
બ્લો,1
ભ,53
ભં,5
ભંડોળ,1
ભક,6
ભક્,2
ભગ,5
ભગ્,1
ભજ,1
ભટ,1
ભટ્,1
ભઠ્,1
ભડ,4
ભણ,3
ભત્,2
ભદ્,1
ભન,2
ભપ,1
ભમ,3
ભમ્,1
ભય,1
ભર,12
ભલ,1
ભળ,3
ભવ,7
ભસ,1
ભા,57
ભાં,3
ભાંખ,1
ભાંગ,3
ભાંજ,2
ભાંડ,2
ભાખ,1
ભાગ,6
ભાગ્,2
ભાજ,1
ભાટ,1
ભાત,2
ભાદ,1
ભાન,2
ભામ,1
ભાર,6
ભાળ,3
ભાવ,12
ભાષ્,1
ભાસ,3
ભિ,15
ભિત,1
ભિન્,2
ભી,7
ભીં,2
ભીંગ,1
ભીંત,1
ભીખ,1
ભીડ,2
ભીર,1
ભીલ,1
ભુ,2
ભું,1
ભુત્,1
ભૂ,22
ભૂં,4
ભૂંક,1
ભૂંગ,1
ભૂંજ,1
ભૂંડ,1
ભૂંસ,1
ભૂક,1
ભૂખ,2
ભૂત,3
ભૂર,1
ભૂલ,3
ભૂસ,1
ભૂસ્,2
ભૃણ,1
ભે,7
ભેગ,1
ભેચ્,1
ભેજ,1
ભેટ,2
ભેદ,5
ભેર,1
ભેળ,4
ભો,9
ભોં,2
ભોંક,1
ભોંય,3
ભોઈ,1
ભોગ,4
ભોગ્,2
ભોટ,2
ભૌ,2
ભૌમ,1
ભ્ભો,1
ભ્રમ,1
ભ્રષ્,1
ભ્રષ્ટ,1
ભ્રા,1
ભ્રાં,1
મ,210
મં,36
મંગ,1
મંડ,3
મંત,1
મંત્,2
મંદ,3
મક,14
મક્,4
મખ,1
મખ્,1
મગ,5
મગન,1
મગ્,2
મચ,2
મચ્,1
મછ,1
મજ,12
મટ,3
મઠ,1
મડ,1
મઢ,1
મણ,15
મણું,1
મત,28
મતા,1
મત્,2
મથ,2
મદ,1
મધ,1
મધ્,2
મધ્ય,1
મન,20
મનો,1
મબ,1
મમ,3
મમ્,1
મય,13
મર,21
મર્,10
મલ,9
મળ,17
મળ્,3
મશ,2
મશ્,1
મસ,2
મસ્,2
મા,179
માં,303
માંગ,3
માંચ,1
માંજ,1
માંડ,3
માંડ્,2
માંદ,2
માંસ,2
માઇ,1
માઈ,1
માખ,1
માગ,6
માછ,1
માજ,8
માણ,10
માત,4
માત્,6
માદ,1
માધ્,2
માન,36
માની,1
માન્,3
માન્ડ,3
માપ,1
માપ્,1
માફ,1
મામ,6
માય,1
માર,17
માર્,8
માર્ક,1
માર્ગ,2
માલ,10
માળ,4
માવ,6
માશ,1
માષ્,1
માસ,8
માસ્,1
મિ,27
મિક,5
મિત,4
મિત્,5
મિથ્,1
મિર,1
મિલ,3
મિષ્ટ,1
મિસ્,1
મી,41
મીં,3
મીણ,3
મીન,6
મીપ,2
મીર,3
મીલ,1
મીસ,1
મુ,46
મું,23
મુક,6
મુક્,2
મુખ,6
મુખ્,2
મુચ્,1
મુઠ્,1
મુદ્,8
મુદ્દો,1
મુફ,1
મુર,1
મુળ,1
મુશ્,4
મુસ્,2
મૂ,19
મૂં,2
મૂંઝ,1
મૂંડ,1
મૂક,3
મૂક્,1
મૂછ,1
મૂજ,1
મૂઠ,1
મૂઢ,1
મૂત્,2
મૂન,1
મૂર્,2
મૂલ્,2
મૂળ,3
મૃ,1
મૃગ,1
મૃત,1
મૃત્,1
મે,61
મેં,1
મેંશ,1
મેક,1
મેચ,2
મેટ,1
મેથી,1
મેદ,9
મેન,3
મેન્ટ,7
મેર,1
મેર્,1
મેલ,7
મેળ,4
મેળવ,2
મેશ,3
મેશ્,1
મેષ,1
મૈ,1
મો,72
મોં,3
મોંઘ,1
મોક,3
મોકલ,1
મોક્,1
મોગ,1
મોજ,3
મોટર,1
મોઢ,1
મોણ,1
મોત,3
મોભ,1
મોર,6
મોર્,1
મોલ,1
મોસ,2
મોહ,2
મૌ,1
મૌન,1
મૌલ,1
મ્યાન,1
મ્યુ,5
ય,123
યં,7
યક,11
યજ,1
યજ્,1
યણ,8
યત,15
યત્,3
યદ,1
યન,7
યન્સ,1
યબ,2
યમ,10
યર,8
યલ,4
યળ,1
યવ,1
યવ્,1
યશ,1
યશ્,1
યસ્,1
યા,147
યાં,9
યાંક,1
યાંત્,1
યાજ્,1
યાણ,1
યાત,14
યાત્,1
યાદ,7
યાન,4
યાન્,1
યાપ્,1
યામ,1
યાય,1
યાર,10
યાર્,8
યાલ,1
યાળ,4
યાસ,1
યાસ્,2
યિ,4
યિક,4
યી,1
યુ,32
યું,96
યુક,3
યુક્ત,1
યુગ,2
યુજ,1
યુદ્ધ,1
યુધ્,1
યુવ,6
યે,31
યેક,1
યેર,1
યેલ,1
યેળ,1
યો,104
યોગ,9
યોગ્,2
યોજ,6
યૌ,1
ર,164
રં,26
રંક,1
રંગ,5
રક,19
રકમ,1
રક્,8
રખ,8
રગ,1
રઘ,1
રચ,5
રછ,2
રજ,14
રજુ,1
રટ,1
રડ,2
રણ,61
રણા,1
રત,22
રત્,2
રથ,3
રદ,3
રદ્,1
રન,4
રને,1
રપ,1
રફ,4
રબ,2
રબ્,3
રભ,1
રમ,19
રર્,1
રલ,3
રળ,4
રવ,12
રશ,3
રસ,17
રસ્,11
રસ્ત,1
રહ,3
રહે,1
રહ્,4
રા,206
રાં,1
રાંત,4
રાંધ,1
રાઇ,3
રાક,4
રાક્,2
રાખ,12
રાખ્,1
રાગ,4
રાજ,29
રાજય,1
રાજ્,3
રાજ્ય,1
રાટ,3
રાડ,1
રાણ,3
રાત,15
રાત્,7
રાદ,1
રાન,3
રાપ,1
રાફ,2
રાબ,3
રામ,22
રાય,3
રાર,2
રાળ,5
રાવ,13
રાવ્,3
રાશ,5
રાષ્,10
રાષ્ટિય્ર,1
રાસ,1
રાહ,3
રિ,76
રિંગ,1
રિક,6
રિક્,1
રિઘ,1
રિચ્,1
રિત,1
રિત્,3
રિબ,1
રિમ,1
રિલ,1
રિષ્,1
રિસ્,2
રી,254
રીં,1
રીંછ,1
રીઓ,2
રીક,1
રીક્,9
રીખ,2
રીત,4
રીદ,1
રીફ,2
રીબ,1
રીમ,1
રીર,7
રીશ,1
રીસ,6
રુ,25
રું,76
રુચ,1
રુડ,1
રુણ,2
રુદ્ધ,1
રુધ્,1
રુપ,1
રુર,1
રુષ,3
રૂ,34
રૂખ,1
રૂઝ,1
રૂટ,1
રૂઠ,1
રૂણ,2
રૂપ,7
રૂબ,1
રૂમ,2
રૂર,1
રૂા,1
રે,90
રેંક,1
રેક,7
રેક્,1
રેખ,3
રેજ,2
રેટ,3
રેડ,1
રેણ,1
રેન,1
રેન્,2
રેબ,1
રેય,1
રેલ,5
રેલમ,1
રેલ્,1
રેશ,2
રેસ,7
રૈ,1
રો,177
રોક,3
રોક્,1
રોક્ત,1
રોગ,2
રોગ્,2
રોજ,12
રોટ,2
રોડ,10
રોઢ,1
રોધ,4
રોપ,5
રોલ,3
રોળ,4
રોવ,1
રોશ,2
રોષ,1
રોહ,1
રૌ,1
ર્,1
ર્ક,1
ર્ગ,1
ર્ડ,1
ર્ણું,1
ર્થ,1
ર્દી,1
ર્ય,3
ર્યા,1
ર્યું,4
ર્યો,1
ર્રીક,1
ર્વ,1
ર્શ,1
ર્શન,1
લ,59
લં,11
લંક,2
લંગ,3
લંદ,1
લંબ,3
લઇ,2
લઈ,2
લક,12
લકે,1
લક્,6
લક્શ્,2
લખ,4
લગ,6
લગ્,4
લચ,3
લજ,1
લટ,4
લડ,4
લણ,5
લત,9
લત્,3
લન,12
લપ,9
લપ્,2
લફ,1
લબ,2
લબ્,1
લભ,2
લમ,6
લય,7
લયે,1
લર,8
લલ,4
લળ,3
લવ,9
લશ્,2
લસ,2
લા,150
લાં,15
લાંક,1
લાંચ,1
લાઇ,2
લાઇટ,1
લાઈ,6
લાઉં,1
લાક,8
લાક્,1
લાખ,6
લાગ,9
લાગ્,1
લાજ,3
લાટ,1
લાડ,3
લાત,5
લાદ,5
લાધ,1
લાન,2
લાપ,4
લાબ,2
લાભ,2
લામ,5
લાય,4
લાર્,1
લાલ,15
લાળ,1
લાવ,15
લાશ,4
લાસ,3
લાહ,2
લિ,29
લિં,5
લિંગ,1
લિક,4
લિજ,1
લિત,3
લિમ,1
લિશ,1
લિસ,2
લી,120
લીં,3
લીંગ,1
લીંટ,1
લીંપ,1
લીક,3
લીખ,1
લીઝ,1
લીત,1
લીન,1
લીપ,1
લીફ,1
લીમ,4
લીલ,1
લીસ,11
લુ,11
લું,52
લુંડ,1
લુગ,1
લુચ્,2
લૂ,8
લૂં,1
લૂંટ,1
લૂગ,1
લૂછ,1
લૂટ,3
લૂણ,1
લૂન,1
લૂમ,1
લે,61
લેક,1
લેક્,1
લેખ,3
લેગ,1
લેચ,1
લેજ,2
લેટ,2
લેણ,4
લેન્ડ,2
લેપ,2
લેબ,1
લેલ,1
લેહ,2
લો,101
લોં,1
લોક,12
લોટ,4
લોન,1
લોપ,3
લોભ,1
લોર,1
લોળ,1
લોહ,1
લૌ,3
લ્થ,1
લ્ય,1
લ્લે,1
ળ,6
ળં,1
ળંગ,1
ળંદ,1
ળક,5
ળખ,1
ળગ,2
ળગવું,1
ળચ,1
ળણી,2
ળત,1
ળદ,1
ળવ,11
ળવું,1
ળવ્,1
ળવ્યું,1
ળસ,1
ળા,43
ળાં,2
ળાંક,1
ળાઇ,1
ળાક્,1
ળાટ,1
ળાત્,1
ળાપ,2
ળાવ,5
ળાશ,2
ળિ,17
ળી,62
ળીસ,5
ળું,47
ળે,14
ળેલ,1
ળેવ,1
ળો,34
ળોટ,1
ળ્યું,2
ળ્યો,1
વ,207
વં,8
વંજ,1
વંત,1
વંશ,2
વક,12
વગ,3
વઘર,1
વચ,3
વચ્,4
વજ,2
વજ્,1
વટ,11
વટી,1
વડ,13
વઢ,1
વણ,10
વત,8
વતા,1
વત્,3
વત્‌,1
વદ,1
વદ્,1
વધ,11
વધ્,2
વન,23
વપ,2
વય,2
વર,44
વર્,28
વર્ક,2
વર્ગ,3
વર્ણ,1
વર્ષ,1
વલ,4
વલ્,1
વળ,16
વશ,1
વશ્,1
વસ,12
વસ્,11
વા,372
વાં,15
વાંક,2
વાંચ,1
વાંઝ,1
વાંદ,3
વાંસ,2
વાઈ,5
વાક,2
વાગ,2
વાગ્,2
વાઘ,1
વાચ્,1
વાછ,1
વાજ,6
વાટ,5
વાડ,4
વાઢ,2
વાણ,2
વાત,11
વાત્,2
વાદ,20
વાન,12
વાપ,1
વાબ,4
વામ,1
વાય,13
વાર,44
વાર્,4
વાલ,9
વાળ,6
વાવ,3
વાશ,1
વાસ,18
વાસ્,6
વાહ,5
વિ,152
વિં,1
વિંગ,1
વિંદ,1
વિક,8
વિક્,1
વિખ,1
વિખ્,2
વિગ્,1
વિઘ્,1
વિઘ્ન,1
વિચ્,1
વિજ્,3
વિડ,1
વિણ,1
વિત,1
વિત્,2
વિદ્,16
વિદ્‌,1
વિધ,4
વિપ,1
વિપ્,3
વિલ,2
વિવ,1
વિશ્,7
વિષ,2
વિષ્,1
વિસ,2
વિસ્,15
વિહ્,1
વી,89
વીં,4
વીંટ,1
વીંધ,1
વીજ,5
વીણ,2
વીન,1
વીર,6
વીર્,1
વીસ,7
વું,778
વુંં,1
વુૂં,1
વૂડ,1
વૃ,2
વૃક્,1
વૃત્,3
વૃધ્,4
વે,79
વેક,1
વેગ,4
વેચ,3
વેજ,1
વેટ,2
વેઠ,1
વેડ,1
વેદ,3
વેધ,2
વેમ્,2
વેર,4
વેલ,4
વેલ્,1
વેવ,1
વેશ,6
વેશ્,1
વૈ,5
વૈજ્,1
વૈદ,2
વૈશ્,1
વૈષ્,1
વો,48
વોટ,1
વોર્ડ,3
વ્ય,11
વ્યં,2
વ્યક,1
વ્યક્,7
વ્યગ્,1
વ્યર્,1
વ્યવ,6
વ્યસ્,1
વ્યા,7
વ્યાક,1
વ્યાખ્,2
વ્યાજ,1
વ્યાપ,1
વ્યાસ,1
વ્યુ,1
વ્યુઝ,1
વ્યુત્,1
વ્ર,1
વ્રત,1
શ,67
શં,6
શંખ,1
શક,31
શક્,8
શખ્,3
શખ્સ,1
શણ,8
શત,1
શત્,1
શદ,1
શન,13
શબ,1
શબ્,6
શમ,4
શય,5
શર,8
શર્,2
શળ,1
શવ,1
શસ્,5
શા,53
શાં,5
શાંત,1
શાક,2
શાખ,2
શાચ,1
શાઢ,1
શાન,5
શાપ,1
શાબ,1
શાબ્,1
શાર,1
શાલ,2
શાળ,4
શાવ,2
શાશ્,1
શાસ્,9
શાહ,6
શિ,26
શિંગ,2
શિંગ્,1
શિક,2
શિક્,10
શિખ,1
શિણ,1
શિત,1
શિર,2
શિર્,1
શિલ્,5
શિવ,1
શિશ,1
શિશ્,1
શિષ,2
શિષ્,5
શિસ્,1
શી,38
શીખ,2
શીત,1
શીન,1
શીર્,1
શીલ,3
શીળ,1
શુ,5
શું,3
શુંક,1
શુક્,3
શુધ્,2
શુધ્ધ,1
શુભ,3
શુલ્,1
શૂન્,2
શૂર,1
શૂળ,2
શૃં,1
શે,37
શેક,1
શેખ,1
શેઠ,1
શેત,1
શેત્,1
શેપ,1
શેર,7
શેષ,5
શૈ,2
શૈક્,1
શૉ,1
શો,27
શોક,2
શોખ,2
શોધ,3
શોભ,1
શોર,1
શોર્ટ,1
શ્,1
શ્મી,1
શ્ય,1
શ્યામ,1
શ્ર,2
શ્રદ્,1
શ્રધ્,2
શ્રમ,2
શ્રા,1
શ્રી,8
શ્રે,2
શ્રેષ્,1
શ્રો,1
શ્લો,1
શ્વ,2
શ્વા,2
શ્વે,1
ષ,21
ષક,7
ષટ્,3
ષડ્,1
ષણ,16
ષદ,2
ષધ,2
ષમ,1
ષય,2
ષર,2
ષષ્,1
ષસ,1
ષા,13
ષાં,3
ષાડ,1
ષાત્,1
ષાત્‌,1
ષાદ,1
ષિ,6
ષિક,3
ષિણ,1
ષિત,4
ષિપ્,1
ષિસ,1
ષી,11
ષે,3
ષેક,1
ષેધ,1
ષેપ,2
ષો,5
ષ્ટ,1
ષ્ટિ,1
ષ્મ,1
ષ્મી,1
ષ્ય,1
સ,200
સં,145
સંક,4
સંક્,2
સંગ,4
સંગ્,1
સંત,4
સંદ,1
સંન,2
સંન્,1
સંપ,2
સંભ,1
સંસ્,3
સઈ,1
સક,6
સક્,2
સખ,1
સગ,1
સજ,1
સજ્જ,1
સટ,1
સઠ,8
સડ,1
સણ,4
સણી,1
સત,1
સત્,15
સત્ત્,1
સદ,6
સદ્,10
સધ્,1
સન,11
સન્,4
સન્સ,1
સપ,3
સપ્,5
સબ,1
સભ્,1
સમ,18
સમચોરસ,1
સમીક્,2
સમૃ,1
સર,58
સર્,30
સર્ગ,1
સર્જ,1
સલ,6
સલ્,1
સળ,5
સવ,4
સસ,4
સસ્,2
સહ,11
સહ્,2
સા,157
સાં,11
સાંક,4
સાંખ,1
સાંજ,3
સાંધ,1
સાંપ્,1
સાંસ્,2
સાઇ,2
સાઈ,3
સાક્,5
સાખ,1
સાગ,1
સાટ,1
સાટે,1
સાડ,2
સાણ,3
સાત,2
સાથ,2
સાદ,8
સાધ,2
સાધ્,2
સાન,4
સાપ,1
સાપ્,1
સાફ,2
સાબ,3
સામ,3
સામ્,2
સાય,4
સાર,8
સાર્,4
સાલ,5
સાલ્,1
સાળ,1
સાવ,5
સાસ,2
સાહ,3
સિ,27
સિં,6
સિંઘ,1
સિંચ,1
સિંહ,3
સિક,8
સિડ,1
સિત,2
સિત્,3
સિદ્,1
સિધ્,3
સિલ,1
સિવ,1
સિસ,2
સિસ્,1
સી,54
સીં,1
સીંગ,2
સીઓ,1
સીઝ,1
સીટ,1
સીદ,1
સીન,1
સીબ,2
સીમ,3
સીર,1
સીલ,1
સીવ,1
સીસ્,1
સુ,64
સું,10
સુખ,1
સુડ,1
સુત,1
સુત્,2
સુદ,1
સુધ,1
સુપ,1
સુપ્,1
સુફ,1
સુમ,1
સુર,2
સુસ,1
સુસ્,2
સૂ,20
સૂંઘ,1
સૂંઠ,1
સૂંઢ,1
સૂક,1
સૂક્,1
સૂગ,1
સૂચ,1
સૂજ,1
સૂઝ,1
સૂત્,4
સૂફ,2
સૂમ,1
સૂર,1
સૂર્,5
સૂલ,1
સૂસ,1
સૃષ્,1
સે,25
સેં,1
સેંક,1
સેકન્ડ,1
સેક્,1
સેક્શ,1
સેક્સ,2
સેટ,1
સેડ,1
સેડવા,1
સેન્,3
સેમ્,2
સેલ,2
સેળ,1
સેશન્સ,1
સેહ,1
સૈ,4
સૈફ,1
સો,79
સોં,1
સોંઘ,1
સોંપ,2
સોટ,1
સોડ,1
સોમ,3
સોય,1
સોલ્ડ,1
સોળ,1
સોસ,1
સૌ,9
સૌં,1
સ્,4
સ્કા,2
સ્કાર,1
સ્કુલ,1
સ્કૂલ,2
સ્કૃ,1
સ્કૃત,1
સ્ખ,1
સ્ટ,2
સ્ટર,1
સ્ટા,1
સ્ટીલ,1
સ્ટે,1
સ્ટેન્ડ,1
સ્ટેમ્પ,1
સ્ટોક,1
સ્ટ્ર,1
સ્ટ્રીટ,1
સ્ત,2
સ્તન,1
સ્તર,1
સ્તા,1
સ્તાન,1
સ્તુ,1
સ્તુત્,1
સ્તોત્,1
સ્ત્રી,5
સ્ત્રૈ,1
સ્થ,8
સ્થળ,1
સ્થા,9
સ્થાન,3
સ્થિ,3
સ્થિત,1
સ્થિર,1
સ્ના,1
સ્નાન,1
સ્નેહ,2
સ્પ,1
સ્પદ,2
સ્પર્,4
સ્પષ્,1
સ્પષ્ટ,1
સ્પેક્,1
સ્પેશ્,1
સ્ફ,1
સ્ફોટ,1
સ્મ,2
સ્મર,1
સ્મા,1
સ્મિત,1
સ્મૃ,1
સ્વ,15
સ્વચ્,1
સ્વપ્,1
સ્વર,2
સ્વર્,2
સ્વસ્,2
સ્વા,5
સ્વાદ,1
સ્વાર્,2
સ્વાસ્,1
સ્વી,5
સ્સે,1
સ્સો,1
હ,71
હં,4
હંત,1
હંમ,1
હંસ,1
હક,5
હકો,1
હચ,1
હજ,2
હઠ,3
હડ,6
હણ,4
હત,2
હત્,6
હત્ત,5
હત્વ,2
હથ્,1
હદ,2
હન,8
હમ,3
હમ્,1
હર,7
હર્,1
હલ,6
હળ,9
હસ,2
હસ્,7
હસ્ય,1
હા,65
હાં,4
હાંફ,2
હાંસ,1
હાઇ,1
હાઈ,2
હાઉ,1
હાઉસ,1
હાક,1
હાગ,1
હાજ,3
હાડ,5
હાણ,3
હાત્,1
હાથ,6
હાદ,1
હાન,1
હાય,2
હાર,23
હાર્ટ,1
હાલ,9
હાલક,1
હાળ,1
હાવ,1
હાશ,1
હાસ,2
હાસ્,2
હિ,28
હિં,8
હિંદ,1
હિક,3
હિચ,1
હિજ,1
હિટ,1
હિત,8
હિત્,2
હિદ,1
હિન્,4
હિમ,1
હિલ,1
હિષ્,3
હિસા,1
હિસ્,1
હી,36
હીં,8
હીંચ,1
હીજ,1
હીદ,1
હીન,1
હીબ,1
હીર,1
હીશ,1
હુ,15
હું,3
હુક,1
હુમ,5
હુલ,1
હુલ્,1
હૂ,2
હૂં,3
હૂંફ,1
હૂબ,1
હૂમ,1
હૂર,1
હૃ,4
હે,98
હેંક,1
હેંચ,2
હેચ્,1
હેજ,2
હેડ,1
હેણ,1
હેત,1
હેન,4
હેન્,1
હેબ,1
હેમ,2
હેર,11
હેલ,5
હેવ,1
હેશ,1
હેસ,1
હૈ,1
હો,37
હોં,4
હોંચ,3
હોંચ્,2
હોઈ,2
હોજ,2
હોઠ,1
હોત,1
હોત્,1
હોદ,1
હોદ્,3
હોન,2
હોન્,1
હોમ,1
હોય,1
હોર,4
હોલ,2
હોળ,1
હોશ,1
હોસ્,4
હ્યુ,1
હ્ય્,2
ા,3
િ,5
િત,13
િભે,1
િયત,1
િયું,1
િષ્,1
િષ્ઠ,1
ી,2
ીંગ,1
ીયાં,1
ુખં,1
ૃ,1
ૃત,2
ૃધ્,1
ેક,1
ેચ્,1
ેશાં,1
ો,1
્,1
્કર્,1
્ગી,1
્ણ,2
્ણા,1
્ણાંક,1
્તેજ,1
્થ,1
્દી,1
્ધન,1
્ના,1
્મ,1
્વાહ,1
્શન,1
્શી,1
્ષક,1
્‌કી,1
‌.ન,1
‌કમ,1
‌કર,4
‌કસ,1
‌કા,1
‌કી,2
‌કો,2
‌કોણ,1
‌ગ,1
‌ગત,1
‌ગુણ,1
‌ગૃ,1
‌ઘા,1
‌ટ,1
‌ટી,2
‌ટુ,1
‌ટો,2
‌ઠી,2
‌ઠુ,1
‌ઠું,1
‌ઠો,2
‌ડી,1
‌ડો,1
‌ણું,1
‌દર,1
‌દું,1
‌પદ,1
‌ફટ,1
‌બુધ્,1
‌ભ,1
‌ભા,2
‌ભાવ,1
‌ભૂત,1
‌ય,1
‌યા,1
‌યાર્,2
‌યુત,1
‌યો,1
‌વ,1
‌વળ,1
‌વાન,1
‌વૃત્,1
