aard,1
vark,1
ab,128
at,224
toir,1
a,2200
ci,185
cus,60
es,275
lo,148
ne,134
tis,48
ba,115
cy,210
be,264
bess,1
bey,8
bot,21
ship,66
bre,16
vi,210
ate,208
tion,762
di,520
cate,70
cat,124
ed,882
ing,2326
ca,324
dom,47
i,3115
nal,132
do,124
men,118
duct,15
duc,47
tor,365
er,3051
rance,5
rant,19
ra,332
hor,25
horred,1
rence,6
rent,16
rer,7
ring,48
ject,13
ly,1657
ness,683
jec,24
jure,5
jured,6
jur,15
to,379
ry,359
ju,63
late,104
lat,103
la,329
tive,247
ti,625
val,78
lu,124
gate,44
gat,43
ga,112
nor,36
mal,96
o,1242
li,400
rig,24
dab,5
ro,182
rupt,15
scess,1
scessed,1
scise,1
scised,1
scis,9
sa,136
sae,1
sas,11
sion,176
scond,2
sence,2
sent,16
sen,53
tee,29
sinthe,1
solve,5
solved,6
solv,12
ble,813
sorb,11
sorbed,2
ent,105
en,617
sorp,5
so,172
lute,14
lut,15
ism,135
ist,160
stain,6
sten,10
ste,12
mi,225
ous,286
sti,32
nence,8
nent,20
stract,4
struse,2
surd,5
ty,582
ace,7
ache,8
ach,7
mat,95
ic,567
act,22
ac,225
deme,1
dem,36
cal,300
de,727
cede,9
ced,20
ence,45
cel,45
om,48
e,867
ter,715
cent,54
cen,81
tu,170
al,791
cept,14
ance,72
bly,157
cess,12
ces,53
si,298
dence,20
dent,36
den,115
tal,162
claim,16
cliv,3
cli,22
mate,38
com,297
mo,235
date,27
da,99
pa,193
nist,14
ni,338
ment,228
ny,123
plice,2
plish,2
cord,26
ant,106
cor,117
on,186
cost,10
count,15
cou,22
co,248
lade,5
cred,16
it,114
crete,7
cret,11
cre,66
crue,2
crued,1
cru,25
curs,8
cuse,5
cused,7
tom,36
tomed,2
cu,154
mu,89
rate,54
bate,12
bat,64
tate,41
tone,12
ton,133
id,82
sis,90
knowl,3
edge,6
me,142
lyte,2
nite,19
quaint,7
quire,7
quired,4
quir,8
quit,12
ted,86
ting,107
qui,31
esce,1
rid,37
ri,435
ics,43
nym,11
pho,55
bi,238
tin,67
um,176
tiv,21
vate,20
vat,24
va,140
my,67
sin,49
tress,12
ize,123
ized,67
ary,2
ar,300
ies,140
y,990
u,613
add,4
adz,1
ad,190
age,131
ap,153
ta,381
mant,2
man,349
tine,35
dend,2
dum,11
der,282
dict,13
dic,33
dle,88
dress,21
ee,36
duce,14
duced,13
ept,5
nine,21
noid,3
noids,1
quate,5
qua,16
here,17
hered,3
her,63
he,56
sive,99
os,74
pose,29
pos,93
ja,20
join,10
journ,4
judge,7
judged,2
judg,7
junct,3
junc,7
just,15
jus,10
tant,27
tan,77
min,73
is,124
trate,15
tra,74
mire,5
mired,2
mir,13
mis,187
mit,68
tance,14
mix,11
ture,89
ral,78
mon,129
ish,205
les,23
re,1393
sor,52
bent,9
brate,8
brat,12
vance,3
vanced,1
vanc,3
van,34
tage,13
taged,2
vent,16
ven,76
tured,24
tur,88
verb,3
verse,18
vert,30
ver,369
sar,25
tise,6
tised,2
vice,12
vise,9
vised,8
vis,51
vo,55
tum,33
aer,22
ie,39
obe,2
ol,61
gist,21
gy,147
bic,16
naut,8
sol,46
space,10
aes,7
thete,1
thet,13
ae,9
gis,9
an,542
aft,1
af,61
fair,12
fairs,1
fa,85
bil,55
fect,21
fec,22
fer,121
fil,36
fin,58
firm,13
fir,9
ma,340
fix,26
fi,151
anced,3
anc,3
vit,16
fla,24
tus,31
flict,3
flic,4
flu,35
ford,14
for,135
est,591
fray,5
front,10
ghan,2
birth,10
care,10
deck,5
glow,6
im,313
life,16
math,6
most,27
noon,6
noons,1
taste,8
ward,58
less,262
ag,77
glu,9
nin,12
gran,23
dize,9
gra,28
vated,1
gres,14
gre,12
grieve,2
grieved,1
griev,6
ile,15
tat,47
nos,20
tic,188
nize,18
nized,8
niz,7
cul,33
nom,35
aid,3
aide,1
ail,4
aim,3
ain,2
air,39
airs,1
bill,14
borne,5
brush,11
craft,15
drome,4
drop,17
dropped,1
field,27
flow,28
foil,7
frame,4
lift,6
line,57
lines,4
lin,83
mail,10
plane,11
port,52
sick,18
speed,14
strip,10
tight,12
waves,3
way,79
wor,25
thy,29
aisle,1
ai,4
grette,1
lan,39
thus,9
ler,71
ak,3
alb,1
ale,5
house,61
hous,21
wife,11
alias,1
all,7
ov,6
spice,3
alms,3
alp,1
alum,1
bam,4
bas,37
core,4
tross,1
nism,11
no,158
bum,7
bu,56
nous,40
zar,2
chem,17
che,24
mist,18
cove,2
hol,26
hyde,3
fal,25
fres,4
gae,2
gal,71
ge,85
bra,35
go,103
rithm,2
ien,9
quant,3
ka,42
lize,18
lized,10
liz,15
loid,6
lay,40
layed,3
lege,5
leged,2
leg,46
lele,1
lel,3
gen,127
gic,6
ley,30
le,193
giance,1
giant,1
gor,18
rist,10
gret,6
gro,9
ia,13
lied,18
lies,5
lit,52
lot,29
py,73
low,76
lowed,2
loy,10
trope,3
trop,11
lude,6
lud,9
lure,3
lured,1
lur,5
ums,18
dine,9
nac,6
might,9
mond,8
oe,3
oes,2
pe,124
pac,21
pen,108
horn,27
stock,26
pha,20
bet,24
pine,16
read,25
tar,99
piece,17
nate,82
nat,63
na,286
though,2
tim,26
tude,36
geth,2
tru,18
ways,6
amp,1
am,118
ranth,1
ryl,3
lis,34
teur,10
tory,3
zon,11
dor,38
ber,159
gris,7
big,19
biv,4
lent,43
enc,2
gu,31
tious,30
bler,34
bro,27
sia,17
sial,2
bush,16
bus,46
cade,9
cad,19
lance,8
lant,24
thyst,1
ide,8
nia,6
nes,19
tied,13
sic,20
or,241
tize,19
tized,10
tiz,9
rous,31
p,4
pere,1
per,391
sand,25
phib,2
phi,14
bole,2
rae,4
ple,75
pli,50
fied,80
fy,158
ply,25
pule,2
pu,74
ster,49
dam,26
let,94
yl,10
ase,1
anal,1
and,6
ron,38
angst,1
ang,3
strom,3
ankh,1
anon,1
arc,6
eat,15
lered,1
like,80
anx,4
ious,8
the,61
chic,9
chism,4
chist,3
chi,51
chy,8
con,618
gram,37
heim,1
log,43
logue,9
lyst,2
lyt,7
lyze,4
lyzed,3
lyz,6
pest,8
pes,18
tral,29
try,62
chor,8
cho,42
ress,8
rite,11
rit,8
vy,16
cient,11
cil,40
lar,176
dan,33
te,137
son,102
drew,5
drog,1
droid,1
drom,5
dro,25
ec,28
dote,3
dot,18
oid,9
eu,27
rysm,1
mom,5
gel,19
gelica,1
fish,60
ger,119
gers,6
gi,107
sperm,3
gle,62
gled,5
gler,23
gles,4
worm,19
gling,4
gli,9
can,143
glo,16
gri,8
gry,2
guish,9
guished,2
hy,89
dride,2
drous,3
ise,6
mad,24
cule,6
mism,5
mos,10
mus,52
seed,17
sette,5
kle,13
klet,1
bone,22
nals,2
nap,14
neal,3
nex,4
lid,15
hi,30
nounce,5
nounced,4
nounc,6
noy,4
nul,10
nulled,1
ling,113
nun,14
nu,71
lus,29
ode,6
od,21
oth,4
dized,3
diz,10
dyne,1
mie,4
rec,60
rex,2
swer,3
tag,15
nis,15
teed,2
ten,148
nae,4
nas,22
bel,59
lum,34
choir,3
lope,6
nult,1
room,42
them,4
ther,53
thol,8
tho,17
thrax,1
thra,2
cite,9
thro,5
poid,1
pol,75
po,171
mor,82
phic,6
tics,13
pate,14
tiph,2
tip,22
dal,37
des,58
tique,6
tiqued,1
tiq,1
ui,28
tith,3
ot,48
bod,33
cline,5
max,17
freeze,4
fun,24
knock,6
bor,34
noise,4
nov,9
el,206
pas,54
tos,4
spi,18
phon,13
pole,11
pope,3
pro,229
quar,29
quat,10
quing,1
sep,28
se,168
rum,26
rums,3
cial,48
tank,5
tox,14
in,1187
trust,13
un,1042
ion,40
war,44
mous,26
nio,1
trum,9
vil,30
how,9
more,13
one,7
place,16
thing,6
time,38
where,19
wise,23
ape,2
aph,6
rism,4
ris,35
apse,2
apt,6
tite,15
tol,33
gee,11
lune,2
plec,2
plex,14
thegm,1
pall,4
palled,1
pal,80
par,179
eled,25
elled,23
nage,8
rat,59
us,44
peal,6
pear,5
pease,1
peased,2
peas,5
pel,43
lee,12
pend,23
dec,35
dix,4
tain,37
plaud,2
plause,1
ples,2
jack,28
sauce,3
plied,9
cant,25
que,10
point,28
poin,5
por,65
posed,21
site,13
praise,5
praised,1
prais,4
pren,2
tice,13
pre,226
hend,5
hen,18
prise,6
prised,3
pris,14
proach,4
prove,6
proved,9
prov,22
prox,7
pri,38
cot,27
aq,9
ua,10
rine,18
planed,4
ue,16
arch,18
arched,1
bish,9
op,75
dea,4
cese,2
duke,4
fiend,5
arcs,1
are,1
ark,2
arm,20
armed,2
arms,1
chair,7
ful,263
hole,19
load,16
pit,29
rest,18
art,16
arts,1
work,75
besque,1
lest,5
trage,1
trag,6
trar,2
trat,8
tae,2
bo,77
cane,4
cha,27
cher,15
type,26
typ,18
chive,2
chives,1
tect,7
tec,16
trave,1
vist,4
chon,7
du,90
gent,36
gil,10
ceous,10
gon,28
got,13
sy,59
gue,8
gued,3
gyle,2
toc,5
tot,11
lian,2
tle,99
zo,26
kan,4
dil,22
ged,16
don,38
stice,3
mored,2
mour,3
nold,1
peg,10
rack,10
raign,1
range,9
ranged,5
rang,12
ras,19
ray,9
rear,5
rears,1
rhyth,5
rive,3
rived,2
riv,20
row,39
rows,3
head,96
root,13
roy,9
gance,3
gant,11
nic,25
ole,8
scle,3
sian,9
thrit,1
thri,1
pod,6
thur,1
tif,11
cer,69
til,28
tiste,2
choke,2
cle,71
fact,3
fice,9
san,40
ascetic,1
ash,11
ashe,1
ville,15
ram,34
tray,7
ask,3
asp,2
ass,6
asth,2
as,221
fet,18
bes,13
cend,7
cet,13
cism,20
cribe,1
cribed,1
crib,6
crip,4
gus,11
pect,10
perse,2
persed,2
pers,8
phalt,1
phal,9
del,47
phyx,3
pic,23
pire,6
pired,4
pir,17
pi,165
dis,349
rin,12
sail,15
sault,3
say,15
sem,54
blage,1
bled,6
sert,12
ser,65
ses,20
sess,9
set,52
sets,1
sev,14
sid,33
sign,21
sig,22
sim,33
sist,27
size,8
siz,6
sort,10
nance,15
nant,22
suage,1
suaged,1
suag,1
sua,5
sume,6
sumed,7
sump,10
sum,41
sure,25
sured,9
sur,78
syr,4
isk,1
oi,2
tig,5
tound,2
khan,3
trin,9
trol,18
tron,17
mer,141
tro,56
labe,1
nauts,1
nau,12
phys,17
tute,8
ymp,2
tote,2
ath,8
ens,9
lete,4
attn,1
vism,5
ier,10
iers,1
las,31
phere,1
pher,19
oll,1
iz,51
phied,1
phy,49
tach,7
tached,5
tack,14
taint,3
ch,3
tempt,12
tend,31
test,20
tes,41
tire,12
tired,5
tir,11
ney,19
tract,13
trac,23
trib,13
ute,9
ut,8
tri,132
tune,15
tuned,2
tun,15
auc,3
eer,10
aught,1
aug,4
auk,1
auld,1
aunt,3
aus,14
pice,3
cious,45
tere,2
auth,1
ess,25
auto,1
aux,2
il,82
au,99
burn,11
dac,9
dit,12
phile,3
gur,3
gust,12
rar,16
ric,40
rif,5
cled,5
then,11
thor,17
thors,1
tism,19
top,35
bahn,1
bahns,1
og,17
clave,4
crat,24
dact,2
graph,33
bile,11
stra,8
tumn,1
ave,1
av,14
lanche,1
rice,4
aged,15
nue,4
awe,4
awed,3
some,65
awk,2
awl,1
awn,2
aw,5
ax,22
tree,11
aye,1
az,7
muth,4
ure,18
back,87
baft,1
ban,51
doned,3
base,15
based,2
bash,7
beam,7
bed,36
bide,3
bid,31
blaze,3
blest,2
bloom,10
board,53
bode,3
bol,28
bom,12
born,17
bort,2
bound,25
bout,8
bove,2
brade,1
brad,5
breast,8
bridge,10
bridged,3
bridg,5
broad,14
bun,18
dance,3
dant,12
buse,2
bused,2
but,37
tals,4
byss,2
bys,3
sal,71
thi,9
cia,11
cerb,1
lene,5
ce,69
chene,1
chieve,1
chieved,1
chiev,3
chil,13
cid,44
lous,40
corn,18
cous,11
crid,1
crop,9
cross,27
cros,2
cryl,1
cute,10
c,1
res,48
dapt,7
dap,7
gio,1
dept,4
dieu,1
dieus,1
dieux,1
dopt,4
dop,8
dore,5
dored,1
dorn,3
dren,3
drift,6
droit,4
dult,5
hood,31
dul,16
far,24
fire,42
cio,1
flame,7
float,4
flut,7
foot,42
fore,78
said,4
foul,7
fraid,2
fresh,14
gain,16
gainst,1
gape,2
gar,77
ve,56
ghast,4
gleam,2
gley,1
glit,2
gog,5
grar,1
gree,11
greed,10
gron,2
ground,14
ha,50
hem,18
hoy,3
ir,54
jar,5
kim,2
kin,29
lac,35
lai,2
larm,5
lem,19
lert,3
lex,7
light,52
lign,4
live,13
loft,9
lone,10
long,32
shore,11
side,55
loof,3
loud,6
nus,18
num,26
m,3
mah,2
main,25
gam,33
mass,11
maze,3
mazed,1
maz,3
mel,36
io,5
mend,12
mends,1
merce,4
merced,1
merc,1
lio,1
mid,54
midst,2
ships,2
miss,9
moe,3
boid,2
mong,2
mongst,1
phous,3
mount,14
muck,10
muse,5
mused,3
nach,4
gous,3
mot,18
nath,1
mize,8
mized,6
nem,3
new,18
mic,25
nil,5
noint,3
non,115
noph,1
ou,12
dad,6
pace,5
pache,1
pach,2
part,21
heid,1
peak,3
pex,2
phe,18
phid,1
plen,8
plomb,1
poc,7
lypse,2
lyp,4
get,19
gize,4
gized,4
giz,8
phize,1
poth,4
car,162
pril,1
pron,3
rach,1
nid,2
right,16
rise,4
rith,2
rose,15
round,16
rouse,4
roused,3
scrib,9
sex,28
shamed,3
sham,13
skance,1
skew,4
slant,3
sleep,15
stern,3
stig,4
stir,8
ston,10
stound,1
strad,3
stray,3
stride,3
sun,45
swarm,2
sym,21
met,67
thirst,5
thwart,2
tilt,2
toned,2
troc,1
troph,3
twit,4
vail,7
vast,4
vaunt,4
venge,6
venged,4
veng,4
verred,1
viar,1
vid,23
vion,1
trix,6
void,12
vouch,5
vow,10
vowed,1
vun,1
wait,7
wake,4
waked,3
wak,7
ware,28
wash,30
weigh,6
while,5
whirl,6
woke,2
wry,4
yah,1
zal,2
ea,11
baa,3
baas,1
babe,2
babel,1
bab,9
bitt,2
bling,14
lon,35
bach,1
lor,15
backed,3
backs,1
bit,35
bite,8
fired,2
hand,71
lash,7
logged,2
pack,17
slide,3
slid,4
spaced,1
spin,17
stage,9
stairs,4
stop,14
stretch,7
stroke,10
swept,3
track,8
up,103
wards,4
wa,49
wood,55
woods,5
yard,23
bac,9
lau,7
chus,2
bad,10
bade,2
badge,1
badg,1
naged,1
lands,8
baf,4
fle,23
fler,6
fling,7
bag,22
bagh,1
bags,2
telle,1
gage,11
ging,55
pipe,10
pipes,3
pip,10
bah,3
baht,1
bail,8
bails,1
iff,3
wick,11
out,186
bairn,1
bait,2
baize,1
bai,2
bake,3
shop,13
bak,8
ers,35
sheesh,1
bald,5
win,38
bale,4
balk,6
ball,30
balls,1
play,41
balm,8
bal,56
brig,8
gan,56
chin,9
dash,9
dric,2
lad,9
last,6
lets,5
mane,9
loon,7
hoo,10
sam,10
tered,14
trade,3
boo,12
zle,19
zler,5
band,23
bands,1
box,25
mas,65
stand,23
wag,19
width,3
bane,10
bang,4
bangs,1
kok,1
desh,1
bank,16
banks,1
book,47
roll,14
banns,1
bans,1
deau,1
role,8
died,7
dits,1
coot,4
leer,7
dy,105
gui,7
ters,10
jo,20
ner,69
ning,48
nock,1
quet,19
quette,5
shee,1
tam,19
yan,2
zai,1
bap,13
tist,18
bar,119
barb,2
barbed,1
bard,5
bare,10
faced,10
barge,1
barg,1
bark,9
barn,3
storm,13
barque,1
barred,4
bart,1
lett,1
dos,10
rize,13
rized,7
bell,14
cue,7
cued,3
fly,28
ite,28
keep,18
ken,22
maid,18
et,132
racks,1
rage,8
raged,4
rag,18
trous,8
rel,39
reled,3
relled,2
ren,34
rens,1
rette,3
rio,1
rios,1
stool,5
bask,1
bass,5
bast,6
baste,2
alt,3
lisk,2
ket,27
net,60
soon,7
tard,17
tioned,1
batch,1
bates,1
bath,15
bathe,2
lith,16
robe,6
tub,9
bats,2
ries,7
tled,7
tler,18
wom,51
baud,1
baux,1
bau,1
bawd,7
bawl,2
baw,1
dry,18
bay,8
bied,2
boon,5
by,71
gasse,1
guette,1
ker,27
ke,11
lite,13
kla,2
leen,3
nan,14
r,6
rom,5
roque,1
rouche,2
salt,14
sil,34
teau,5
thos,4
tik,1
yonne,1
zaar,1
zoo,4
beach,3
bead,7
beak,4
bean,9
bear,22
beard,6
ings,19
skin,29
beast,4
beat,16
nik,2
beau,13
beaut,1
beaux,1
lais,2
mont,6
cian,26
bea,7
beck,4
beds,1
bug,16
clothes,6
ded,24
ding,34
fast,10
fel,16
lam,33
pan,73
post,40
rock,18
sore,7
spread,8
spring,15
stead,16
bee,11
beech,3
nut,26
beef,8
burg,13
bur,61
steak,2
been,1
beep,2
beer,2
beers,1
bees,1
wax,11
beet,1
beeves,1
hive,2
beg,6
uine,2
beige,1
bei,3
rut,9
belch,1
belle,2
boy,23
hop,14
weth,2
belt,5
fry,8
gian,3
gium,1
grade,8
lig,15
ham,38
cose,7
lows,5
ached,1
dere,1
bench,3
mark,22
bend,8
bends,1
bene,1
ben,32
fac,37
fit,31
ciar,1
thal,11
thic,2
zene,1
ze,18
drine,1
zine,3
caine,3
berg,4
berke,1
berth,1
ceuse,1
nard,4
ried,24
serk,1
tha,9
ine,24
best,4
tial,50
bete,1
beth,3
bev,10
bez,3
calm,4
calmed,1
came,3
cause,4
cloud,13
come,13
daub,3
daz,5
dev,18
iled,6
illed,5
dew,17
dim,13
dimmed,2
ming,39
zen,15
drag,10
fall,21
fell,4
fog,11
fogged,2
friend,10
fud,3
dler,26
gin,22
grime,2
grimed,1
grim,14
grudge,2
grudged,1
grudg,4
guile,4
guiled,1
guil,5
guine,4
gum,12
gun,30
half,9
have,3
haved,2
hav,7
ior,10
held,4
hest,1
moth,15
hind,7
hold,36
hoof,2
hoove,1
hooved,1
hoov,1
jew,14
l,6
lea,3
guer,8
lie,10
lief,6
lieve,3
lieved,3
liev,5
lov,9
moan,2
mock,8
neath,3
nef,1
nev,5
lence,23
night,27
nign,2
nig,11
numb,5
queath,1
quest,7
reave,1
reav,1
reft,1
ret,32
rets,1
seech,3
seeched,1
seem,8
sides,2
siege,2
sieged,1
sieg,2
smear,6
smirch,3
som,23
sot,7
sought,3
span,11
spat,7
speak,10
spoke,2
spo,7
sprin,4
stirred,2
stow,7
strew,3
strewn,2
strid,3
take,11
tak,18
tel,54
thes,2
think,9
thought,6
tide,9
tid,11
times,2
took,6
troth,3
trothed,1
tween,1
twixt,1
wail,4
wared,1
wigged,1
wil,18
witch,6
yond,1
bhang,1
bhu,1
bia,2
bib,11
bibliog,1
bing,40
bick,3
bier,1
bight,1
gest,16
gie,5
gish,10
horns,1
mouth,13
wig,13
bike,2
bik,1
bilge,1
bilk,2
fold,23
liard,2
liards,1
lings,2
lion,17
lionth,3
bin,20
bind,13
weed,16
binge,1
oc,58
lars,1
birch,3
bird,26
brain,14
lime,9
day,35
stone,41
bir,1
bisque,1
bis,16
cuit,4
marck,1
sau,11
bitch,4
tern,17
sweet,14
acked,1
ased,3
assed,2
sing,17
cam,35
ceps,6
chlo,12
ride,9
cave,4
vex,6
pid,19
cler,9
clist,2
det,13
fo,55
cals,2
fur,37
jou,2
rie,15
ki,25
gual,2
lism,8
lic,32
month,5
cide,18
med,28
cist,15
sphere,11
ped,29
sect,9
sec,35
sta,43
stros,2
valve,3
week,11
year,9
zarre,2
blab,3
black,25
moor,7
guard,13
list,23
smith,11
thorn,7
blade,2
blad,2
blain,2
blame,4
blamed,1
blam,4
blanch,2
blanche,1
blanc,1
mange,2
bland,3
blank,3
blan,4
dish,18
blare,1
blar,2
blast,5
off,27
blas,5
pheme,2
phemed,1
phem,4
blath,1
blat,1
blaz,3
bla,5
bleach,3
bleak,4
blear,4
bleat,1
bleed,4
bleep,1
blem,3
blench,2
blend,4
blent,1
bless,5
bles,9
blew,1
blight,1
blimp,1
blind,7
blink,5
blinks,1
blintz,1
blintze,1
blin,1
ders,2
blip,1
bliss,4
blis,1
blithe,5
blith,1
blitz,3
krieg,1
bliz,1
zard,3
bloat,3
blob,2
bloc,1
block,16
blocked,2
ade,10
bust,6
bloke,1
blond,2
blonde,1
blood,21
hound,10
ied,28
shed,7
shot,14
stream,14
bloomed,1
bloop,1
bloo,1
blos,3
blot,5
blotch,4
blouse,1
blous,3
blou,1
blow,14
blown,4
blows,1
blowz,3
torch,2
blub,3
bludg,1
eon,9
blue,18
blues,1
bon,48
gill,3
grass,7
nose,5
print,17
bluff,3
blunt,3
blun,2
blur,3
blurb,1
blurt,1
blush,4
blus,3
blu,5
boar,1
walk,19
boast,6
boat,26
swain,3
bob,19
bobs,1
socks,1
sox,2
link,4
sled,6
tail,36
white,13
bock,3
boc,1
cie,3
ice,23
bog,5
boil,8
boiled,1
bois,1
bold,8
face,18
boll,2
bolt,3
var,36
vars,1
she,8
vik,3
bomb,6
proof,18
shell,10
sight,16
b,4
dier,6
bond,9
bonds,1
boned,3
bong,1
ho,50
jour,12
nie,6
sai,3
soir,1
zer,7
case,17
mak,24
plate,10
sel,29
shelf,2
store,7
boom,3
town,13
docks,1
dog,37
boor,3
boost,2
boot,17
booth,3
boots,2
legged,1
lick,10
strap,5
booze,1
booz,5
bop,3
ping,81
bore,5
borsch,1
borscht,1
deaux,1
dered,4
land,84
ough,8
stal,11
zoi,2
bosh,2
bosk,3
boss,9
bos,9
well,13
botch,6
both,3
swa,4
neck,16
toms,2
bouf,1
fant,2
bough,1
bought,2
bouil,1
boule,2
boules,1
vard,3
boul,3
bounce,1
bounc,4
bounds,1
boun,7
bourn,1
bour,6
geois,2
geoi,1
sie,3
bou,12
doir,1
niere,2
ere,5
bow,26
bowd,2
bowed,2
bowl,5
bowls,1
knot,15
sprit,1
string,9
cott,2
gey,3
ros,14
liv,33
via,1
gna,3
za,27
rax,3
vine,10
brace,4
brack,4
bract,1
brac,3
brae,1
brag,4
gart,1
braid,6
braille,1
child,11
pow,21
braise,1
brais,1
brake,5
brak,1
bram,2
bran,9
branch,5
brand,5
brash,3
brass,6
bras,4
s,4
siere,1
wurst,4
brave,3
brav,5
brawl,2
brawn,6
bray,2
braze,1
braz,3
vu,5
zier,5
zil,4
ian,8
zi,37
breach,1
bread,8
breadth,1
fruit,14
stuff,10
break,27
down,55
through,4
bream,2
breas,1
breath,9
breathe,1
brec,1
bred,12
breech,2
breed,8
breeze,2
breez,6
breth,1
breve,1
brev,2
brew,7
vet,17
bribe,2
brib,6
brick,7
bride,3
brides,1
groom,3
brid,7
brief,6
briefs,1
bright,6
bril,4
liance,1
liant,1
brim,5
brine,1
bring,4
brink,2
brin,9
dled,5
brisk,3
bris,8
tly,6
britch,1
brit,4
bri,30
gade,2
oche,1
och,6
broach,2
broads,1
cast,25
cloth,16
loom,4
sword,5
broc,1
brogue,1
broil,3
broke,1
bronze,1
bronz,2
bron,7
chit,5
saur,3
brooch,1
brood,5
brook,6
brooks,1
lyn,2
broom,4
stick,22
broth,6
brought,1
brough,1
brou,1
brow,8
brown,9
browse,1
brows,2
chette,1
chure,2
mide,1
mine,19
bruise,1
bruis,2
bruit,1
brunch,1
bruns,1
brunt,1
brushed,2
brusque,2
brus,1
sels,1
brut,4
brute,1
bru,11
nette,3
br,1
bub,6
bli,3
buck,26
bucked,1
bucks,1
eye,27
saw,20
skins,1
tooth,13
wheat,3
buc,1
neer,8
bud,13
budge,2
budg,11
dha,2
dhism,1
dhist,1
buff,3
buf,11
loed,1
fets,1
foon,3
bugs,1
build,8
built,1
bulb,4
bulge,2
bulg,1
bulk,6
bull,18
dogged,1
doze,2
dozed,1
doz,10
fight,12
finch,4
frog,5
ock,2
bul,15
rush,10
wark,1
bump,8
bunch,5
bung,2
bunk,6
bunt,3
kum,4
buoy,4
burgh,4
burl,2
burned,2
burns,2
burnt,3
burp,1
burr,2
burred,1
burst,5
dened,2
dock,9
geon,6
gess,3
glar,4
gla,16
lap,14
lesque,1
mese,2
nish,18
noose,2
bushed,1
whack,4
busi,2
buss,1
butch,5
butt,2
butte,2
cup,12
fat,21
milk,11
tock,3
tons,1
hook,12
bux,2
buy,5
buzz,2
buz,1
col,126
jum,4
oy,1
reau,4
reauc,1
reaus,1
reaux,1
cra,27
run,24
tane,3
bwa,1
bye,2
byte,1
byz,1
gone,7
law,25
pass,24
path,19
road,16
street,3
word,18
cab,16
bage,3
driv,12
cache,2
pot,41
cach,1
cack,2
cac,6
toid,4
cadge,1
cadg,2
die,8
cae,6
su,117
caf,3
feine,1
cage,4
cag,7
ey,31
cairn,1
cairns,1
cais,1
cai,2
tiff,5
cake,10
cak,1
calf,2
call,7
calve,1
calves,1
calv,1
boose,2
cic,8
cine,4
cined,1
cin,22
cit,38
mined,4
cut,35
ends,2
dar,20
iph,1
los,13
lused,1
rim,8
vin,23
camp,15
ree,7
bric,3
sole,5
flage,2
mile,6
paign,4
nol,16
phor,7
pus,26
shaft,4
canned,1
cans,1
celed,2
celled,3
did,15
pin,43
pins,3
nel,33
not,20
pied,5
loupe,2
teen,15
thar,4
cles,4
lev,30
ese,5
vas,10
vass,2
yon,5
caou,1
tchouc,1
cap,68
cape,5
caps,1
sized,7
cum,32
stan,14
sule,2
suled,2
sul,30
card,10
cards,1
sharp,10
free,28
worn,7
carp,4
cart,9
carte,2
wheel,15
carve,1
carv,2
cole,2
vel,23
bine,9
dale,7
drate,3
cass,1
fare,8
ib,2
lons,2
vore,2
oled,1
olled,1
tene,1
pet,58
geen,1
riage,4
rot,18
rou,8
lage,10
tog,12
toon,6
tridge,2
ids,2
hard,26
cash,7
ew,6
mere,4
cask,1
casque,1
caste,1
cas,48
dra,20
sock,7
nets,1
catch,14
cath,8
clysm,1
clys,1
comb,9
falque,1
lep,11
ran,41
pult,1
ract,1
stroph,2
pil,30
waul,1
chize,1
chized,1
chu,2
nar,74
gut,11
napped,2
nip,15
sup,39
caught,2
caulk,2
caul,1
dron,8
caus,8
cau,21
cav,20
lier,11
ern,41
caw,2
cay,6
enne,6
use,13
balled,1
chet,8
chets,1
coph,1
dav,6
denced,2
dre,2
hoot,4
hoots,2
jole,2
joled,1
jol,14
tous,15
len,24
liph,1
phate,2
lyx,2
lia,10
pard,2
naan,1
naille,1
noe,3
noed,1
pon,26
price,8
pric,5
rafe,1
reen,3
reer,1
ril,11
sein,3
sus,27
tab,25
tarrh,3
tas,10
dral,3
vort,1
yu,5
cease,5
ceas,3
ceil,1
cell,4
celt,1
brant,3
phane,1
lose,2
cem,4
taph,3
taur,1
pede,5
tric,13
trif,1
trip,9
trist,4
fuge,5
cere,5
cert,6
bral,5
brum,1
vix,5
pool,4
cey,1
cro,27
leb,3
ru,57
cean,6
chab,2
chafe,1
chaff,2
chaf,4
chain,4
chaise,1
chalk,5
chal,12
lah,5
lahs,3
lenge,1
lenged,1
leng,1
champ,1
cham,15
bers,4
lain,13
ois,2
pagne,2
chance,3
chanc,4
change,8
chang,4
chant,11
chan,24
croid,1
neled,3
nelled,3
teuse,1
tey,1
chap,17
chaps,1
oned,2
char,35
chard,4
charge,8
charged,4
charg,5
charles,3
charm,4
chart,3
coal,2
lotte,2
lottes,2
treuse,1
chase,4
chasm,1
chaste,5
chast,2
chas,15
chat,15
laine,2
noo,2
chauf,1
feur,2
chaunt,1
chau,2
grin,5
grinned,1
peau,1
rade,4
rades,1
cheap,5
skate,3
cheat,3
check,18
checked,2
ered,14
ched,1
cheek,7
cheep,2
cheer,11
cheers,1
lead,13
cheese,3
chees,2
chee,3
tah,1
chef,1
ur,45
chert,2
kee,3
ub,1
ubs,1
bim,1
chesh,1
ire,9
chess,3
chest,2
ches,6
peake,1
chev,3
chew,9
chey,1
mise,5
nille,1
chick,6
dee,4
pea,9
chide,1
chid,4
chief,8
chif,3
fon,4
nier,5
chig,2
chill,4
chime,1
chimp,1
chim,3
zee,1
chinch,1
chine,3
chink,1
chintz,4
chip,7
munk,1
chirp,1
chis,7
chiv,2
gnon,5
gnons,1
ll,1
nese,5
nook,3
rop,4
prac,11
chlor,1
dane,3
form,46
phyll,1
chock,1
choc,3
taw,11
choice,1
choic,1
chokes,1
chok,2
chol,7
chomp,1
drite,2
drule,1
choose,1
choos,4
chop,14
chops,1
sticks,2
chord,4
chore,1
chose,1
chow,3
rale,3
roid,4
rus,35
rused,2
chrism,1
christ,3
chris,10
tian,11
tie,8
chrome,2
chrom,1
chron,5
chro,16
chrys,3
chry,1
mum,13
chub,5
chuck,8
led,6
chug,2
chuk,2
chum,7
chump,1
chunk,6
church,10
ill,4
churl,3
churn,3
chute,2
chutz,1
chut,2
ciao,1
cig,2
cinch,1
cinc,3
cinque,1
cirque,1
cir,38
clet,1
cise,10
flex,10
scribe,11
scrip,13
spect,10
stance,6
rhot,1
rho,5
cis,17
scape,6
civ,15
vies,3
clab,1
clack,2
clad,6
clair,3
voy,5
clam,13
clamp,1
clan,4
clang,3
clank,1
clans,3
clap,6
trap,18
claque,1
clar,16
clash,1
clasp,5
class,11
clas,12
sics,3
clat,3
clause,2
claus,3
clav,3
claw,2
clay,5
cla,5
vic,21
vier,2
clean,13
cleanse,1
cleans,2
clear,10
cleat,1
cleave,1
cleav,4
clef,1
cleft,1
clem,8
clench,2
clere,1
sto,16
clerk,4
cleve,1
clev,4
clew,1
click,2
cliff,2
clif,1
climb,4
clime,1
clinch,2
cling,8
clink,2
clin,12
clip,7
clipped,1
clips,2
sheet,4
clique,1
clit,2
tele,1
mac,23
quey,1
quish,5
quy,4
cloak,3
clob,1
clock,5
clod,4
clog,5
clois,3
clone,2
clop,1
close,11
closed,7
clos,10
clot,3
clothe,3
horse,29
press,29
clouds,1
clout,1
clove,1
clown,3
cloy,2
clo,13
leaf,13
club,7
cluck,1
clue,1
clump,2
clum,5
clung,1
clus,2
clutch,1
clut,1
clu,14
coach,4
coarse,3
coars,3
coast,5
coat,16
coax,3
cob,9
blers,1
web,6
webs,1
coch,3
cock,32
cocks,1
too,7
trice,2
crow,8
eyed,7
roach,3
coc,13
cyg,2
cyx,1
ges,22
cod,23
code,3
codg,1
cof,7
fee,9
cog,22
zance,1
zant,1
mens,3
coif,3
fure,1
coil,3
coin,5
coke,2
cold,4
slaw,2
coll,1
colloq,1
colo,2
colt,3
ick,14
lab,13
lapse,5
lapsed,2
laps,5
lard,10
league,2
lect,13
lec,42
giate,1
lide,2
lins,2
loi,3
nade,6
nad,12
ored,4
ors,2
nies,3
rad,14
umn,2
umned,1
comp,2
tose,6
ive,8
bined,3
fort,13
mand,12
deer,6
mem,25
mence,3
menced,1
menc,1
nute,4
mode,4
mod,59
mons,5
weal,2
wealth,7
mune,3
muned,1
mun,8
mute,5
mut,9
pact,5
pare,3
pared,3
pat,44
peer,6
pelled,6
sate,6
pete,1
tence,4
tent,31
pile,6
piled,4
plain,12
plaint,2
plai,1
sant,11
pla,21
plect,1
plete,5
plet,9
plic,10
pline,2
pote,1
pound,10
pressed,3
pres,48
pul,25
pute,6
put,29
conch,1
cone,2
conk,1
cons,3
conserva,1
ceal,3
ceit,4
ceive,5
ceived,4
ceiv,10
cep,22
cern,8
cerned,1
aire,2
cierge,1
erge,1
clude,6
clud,14
coct,1
dat,20
course,7
cres,5
cence,10
cur,66
curred,5
pis,17
demn,3
dense,5
densed,1
dens,5
scend,7
scen,7
dign,2
dole,4
doled,1
dol,24
done,9
duit,1
cive,2
dyle,1
fab,11
fabbed,1
fed,22
ferred,6
fess,2
fes,17
fide,2
fid,8
fig,18
fine,11
fined,8
firmed,1
fis,9
dante,1
found,13
fra,15
frere,1
fron,7
fuse,14
fused,8
fus,22
fute,2
fut,5
fu,71
geal,1
ial,6
glom,1
lese,1
grat,21
gress,15
gru,9
joined,2
joint,7
ror,13
nect,6
nec,12
nive,1
nived,1
niv,4
nois,8
seur,3
note,10
quer,8
quis,8
guin,6
science,1
scious,2
sci,11
script,11
serve,6
serv,29
crate,5
quence,4
quent,11
quen,4
soled,2
spec,33
spic,12
spire,6
spired,5
spir,20
stant,6
stit,2
tut,3
strain,7
straint,2
strict,6
stric,2
struct,9
struc,11
strue,1
strued,1
stru,8
sult,8
tact,8
tained,1
gion,8
gious,6
temn,1
temp,3
tem,46
text,4
tex,9
ued,4
nen,5
tort,9
tour,9
tile,28
trail,3
trast,1
vene,5
tre,13
temps,1
trite,5
trive,1
trived,1
triv,9
bute,1
trolled,3
lesce,2
vect,1
vec,5
vened,4
ient,3
verge,3
verged,2
verg,3
versed,3
vers,9
vey,12
vict,8
vince,2
vinced,2
vinc,3
viv,18
voke,6
voked,8
vok,7
vulse,1
vulsed,1
vuls,1
vul,21
coo,5
cook,16
stove,4
cool,8
idge,1
coon,6
coop,4
coos,1
lidge,1
cop,35
cope,1
copse,1
writ,16
cords,1
cork,9
corked,1
screw,9
corned,1
stalk,5
starch,3
corp,1
corps,2
corpse,1
correl,1
dial,5
roys,1
nell,1
nered,2
nice,6
ralled,2
rect,21
spond,8
rob,13
rode,4
rod,11
rup,16
sage,12
sair,1
tege,1
sone,1
vette,1
cos,24
mog,4
mol,17
mop,10
sack,13
tume,1
tumed,1
cote,2
couch,4
cough,1
could,1
coul,2
coun,32
seled,2
selled,2
feit,3
poise,5
sink,6
spy,4
sunk,3
tess,1
coup,3
coupe,1
coursed,2
cours,4
court,9
cour,11
lomb,2
pler,8
pling,5
geous,5
riers,1
cov,32
ert,11
cow,21
cowl,3
ard,29
girl,10
herd,5
hide,7
poke,3
pox,4
punch,9
slip,11
cox,2
coy,8
ote,1
coz,4
lesced,1
lesc,1
balt,1
cain,1
coa,1
deine,1
dex,11
ef,51
erce,1
erced,1
erc,2
cion,2
ex,417
qual,25
gnac,1
hab,12
heir,5
hort,2
logne,2
lom,4
mes,32
kry,1
nif,9
drum,12
opt,2
tish,11
rol,17
sine,6
zy,16
crab,8
crabs,1
crack,15
cracked,1
cracks,1
crafts,2
crag,6
cram,4
cramp,1
cramped,1
crane,2
crank,8
cran,4
crap,2
craps,1
pie,8
crash,3
crass,3
crave,1
crav,3
craw,3
crawl,5
cray,4
craze,1
crazed,1
craz,1
song,11
dling,12
creak,6
cream,8
crease,3
crea,1
creche,1
its,3
creed,2
creek,2
creel,2
creep,8
creeps,1
cren,2
creole,1
crepe,1
crept,1
cress,2
crest,5
crev,1
crew,5
sote,1
tonne,1
vasse,1
crick,4
cried,2
crime,1
crimp,2
crim,8
cringe,1
cring,1
crin,5
kli,2
kly,2
crisp,8
criss,1
crit,11
cize,8
cized,4
ciz,1
cri,7
croak,5
crock,2
crocked,1
croc,1
dile,1
crois,1
crom,2
crone,1
crook,4
croon,2
crossed,1
bones,3
hatch,10
patch,11
roads,1
talk,9
crotch,3
crouch,1
croup,3
crou,3
crowd,4
crown,4
crowned,2
sier,4
crude,3
crud,2
cruise,1
cruis,2
crul,1
crumb,2
crumbs,1
crum,10
pled,8
crunch,4
crup,1
crush,3
crust,7
crus,5
crutch,1
crux,3
sade,3
sad,16
zei,2
cry,9
crypt,3
cryp,5
crys,5
cub,6
cube,2
cuck,3
old,11
oo,2
cud,3
cudg,5
cues,1
cuff,3
cuffs,3
cui,1
cull,1
cult,7
prit,2
brous,6
bund,3
cun,6
cupped,2
curb,3
curd,1
cure,11
curl,9
curse,1
curst,1
curt,8
sey,8
sied,2
curve,1
curv,5
few,4
lew,1
mudg,1
tains,2
cush,5
cusp,1
cuss,3
cuts,1
lass,3
throat,6
nei,3
prite,1
cyc,2
cyl,2
cyme,1
cym,2
cyn,6
cyp,1
cyst,4
nide,1
clic,1
cloid,1
cloi,1
clom,1
clon,1
clops,1
mose,4
prus,2
plasm,5
czar,4
das,3
cza,1
czech,1
slo,2
dace,1
dachs,1
hund,1
tyl,3
tyls,1
daff,1
daft,3
daf,6
dag,1
dahl,2
dain,11
dair,5
dai,6
dales,1
dame,2
damn,2
damnd,1
damned,2
damp,7
scene,4
danc,3
dank,3
druff,1
iel,2
seuse,2
ube,1
dare,3
dark,9
darn,3
darned,1
dart,2
darts,1
dashed,1
dates,1
lined,7
daugh,3
daunt,3
dau,4
phin,7
n,5
dawn,2
daw,3
days,4
dream,14
lights,3
daze,1
mey,2
ko,13
shi,6
dead,14
lock,29
deaf,5
deal,9
dealt,2
dean,5
dear,6
dearth,1
death,10
watch,14
deb,7
debs,1
debt,3
nair,2
tante,2
decks,1
syl,12
stere,2
deed,3
deem,7
deems,1
deep,4
jay,8
deft,3
def,13
grate,14
deg,1
deign,1
dek,3
delft,2
dell,2
dells,1
delve,1
delv,2
quesce,1
ques,8
uge,3
uged,1
ug,3
gogue,3
god,20
john,6
monde,1
tasse,1
tass,1
selle,2
strate,2
drit,1
dri,8
drol,4
ims,1
frice,1
depth,1
dep,12
lict,1
rick,10
vish,2
desk,1
ig,28
pair,9
pise,1
tined,1
ul,40
deuce,1
deu,3
trose,1
bauch,2
bauched,1
bouch,1
bugged,2
ceased,1
cies,3
clare,1
clared,2
clen,1
clined,3
colle,1
poser,1
page,9
creas,4
cree,2
crep,3
fame,2
famed,2
fam,8
fault,10
feat,6
fend,11
fense,2
fen,7
file,8
filed,5
cien,2
flate,2
flat,32
flect,6
flec,8
formed,8
fraud,4
frock,3
frost,16
funct,1
func,6
gas,29
gassed,1
gauss,3
grad,26
hu,52
drat,3
iced,3
lib,21
lim,41
lir,4
louse,2
loused,1
luxe,1
mar,121
mean,12
tia,10
mesne,1
moc,2
mote,7
mul,42
mur,24
mure,4
murred,1
mys,14
nied,5
noue,1
nude,3
nud,4
ox,31
pict,1
plan,23
plore,3
plored,4
plor,7
ploy,11
pop,28
prave,1
praved,1
prav,2
prive,1
prived,1
priv,6
rail,13
leur,1
rog,9
scent,4
scribed,5
scried,1
scry,2
seg,8
served,8
signed,6
sire,2
sired,2
sir,8
spair,2
spise,1
spised,1
spis,1
spite,4
spoil,7
stroy,2
tailed,2
terred,4
throne,3
throned,2
thron,2
train,9
troit,2
oped,2
voir,2
voirs,1
volve,6
volved,6
volv,5
vote,4
vot,10
vour,2
vout,3
dhole,1
dhow,1
dho,1
dia,3
dib,2
dice,4
dick,6
diel,1
drin,2
dies,5
dif,17
fract,3
dig,25
digs,1
dike,1
dill,1
gence,11
dime,1
mest,6
wit,19
din,17
dink,3
dint,1
ghy,1
dip,15
diph,2
thong,2
tych,2
dire,4
dirge,1
dirk,2
dirn,1
dl,1
dirt,8
dir,4
disc,1
dished,1
tow,15
disk,1
distr,1
burse,2
bursed,2
burs,1
plin,1
coid,3
creet,3
ease,3
eased,1
em,133
gaged,5
teem,4
vor,22
ured,7
gorge,3
gorged,3
gorg,2
grace,8
graced,1
grac,4
grun,2
guise,3
guised,1
guis,2
har,62
bille,1
heart,26
hon,32
liked,1
lik,6
lodge,5
lodged,2
lodg,5
may,17
own,6
blige,2
bliged,2
pense,4
pensed,1
pens,2
placed,5
plac,13
played,2
please,2
pleased,2
rep,27
gard,13
robed,1
sat,32
suade,2
suad,3
taff,2
tanced,1
tanc,1
tich,1
till,9
tilled,2
tinct,5
trait,3
traught,1
tressed,1
trict,2
turb,6
turbed,1
nity,1
nit,20
ditch,2
dith,2
dive,4
div,10
vied,3
nosed,1
aled,3
alled,2
rhe,16
mite,11
gramed,2
grammed,2
mag,50
phragm,1
tribe,2
chot,2
tet,13
ished,9
phism,2
plo,6
rix,1
tions,6
shev,2
ves,23
vest,14
vide,4
vined,1
vorce,1
vorced,1
vorc,1
cee,4
vulge,1
vulged,2
vulg,2
dja,1
kar,7
dob,1
doc,14
trine,4
naire,2
dodge,3
dodg,3
dod,3
doe,3
does,1
doff,2
doge,1
dogs,1
goned,1
trot,6
doi,1
doll,4
dolt,3
drums,1
lop,25
dome,2
domed,1
domes,1
cile,3
ciled,4
noes,1
dong,1
ald,11
key,25
doom,2
dooms,2
door,13
jamb,3
knob,6
step,18
doo,5
dope,2
dorm,1
mouse,4
dose,2
doth,1
doubt,11
douche,1
douch,1
dough,12
doug,1
dour,6
douse,1
dous,4
dou,11
blet,1
bloon,1
dove,6
dov,1
downs,2
hill,16
pour,7
spout,4
state,22
swing,6
trend,3
trod,5
turn,25
wind,39
dowse,1
dows,2
dow,23
itch,7
dox,9
doy,4
ennes,1
enth,3
ions,2
pant,12
drab,5
drach,1
draft,12
drafts,1
drain,5
drake,3
dram,5
drank,1
drape,3
drapes,1
drap,4
dras,2
draught,1
draw,11
drawl,1
drawn,3
dray,2
g,1
goon,5
dread,4
nought,1
dreams,1
dreamt,2
drear,6
dredge,1
dredg,2
dregs,1
drench,2
dres,1
drib,3
dried,2
drill,5
drink,6
drip,3
drive,3
driz,2
zly,3
drogue,1
droll,4
drone,1
drool,1
droop,5
drops,1
dross,3
drought,1
drove,1
drov,1
drown,1
drowse,1
drows,2
drow,5
drub,3
drudge,1
drudg,2
drug,5
drunk,4
drupe,1
dru,1
dryer,1
ads,1
dub,4
duch,3
duck,8
ducks,1
dud,1
dude,1
dudg,1
duds,1
due,7
dues,1
duff,1
duf,2
dug,3
dukes,1
dull,3
dumb,6
dump,7
dumps,1
dun,11
dunce,1
dune,1
dung,2
dunk,3
dup,5
dupe,1
dur,8
dusk,5
dust,12
dutch,1
chesses,1
luth,1
dwarf,3
dwell,5
dwelt,2
dwin,1
dyb,3
buk,2
buks,1
dye,4
dyn,1
dys,11
pep,16
nam,19
each,1
ear,21
eared,1
earl,3
earn,4
earth,19
quake,2
flap,5
muff,2
nest,8
phone,13
plug,6
split,4
east,17
eas,12
eats,1
eaves,3
glet,1
ebb,1
eb,5
ech,9
oed,5
ecol,1
econ,1
logues,1
sys,9
stat,31
zem,1
edg,6
edit,1
educa,1
eel,1
eft,1
fects,1
fem,11
vesce,1
fete,4
gies,1
flo,13
resce,2
fluent,1
flux,3
egg,6
nog,10
plant,10
eg,1
eight,7
eighth,1
een,3
eenth,1
eth,24
ein,2
stein,6
eis,1
tedd,1
fod,3
ei,5
stedd,1
eke,1
ek,1
eld,4
elect,1
elf,2
elk,1
ell,3
elm,1
else,2
elves,1
phant,4
lipse,1
lip,15
soid,1
emp,13
emu,2
goed,1
rass,2
lish,13
braced,1
broi,2
bry,3
ceed,8
grant,12
thize,2
thized,1
nag,5
phat,3
end,18
endemic,1
eng,2
cased,1
ceinte,1
ceph,1
croach,1
deav,1
dorse,2
dorsed,2
dors,3
crine,3
scope,16
scop,8
dued,3
dure,4
dured,1
force,7
forced,4
forc,5
gag,11
gine,2
graft,4
grave,8
graved,1
grav,12
gross,8
gulf,4
hance,1
hanced,1
hanc,1
joy,17
large,6
larged,2
larg,5
mesh,5
nui,2
rap,17
rich,13
rolled,2
sconce,2
sconced,1
sconc,1
sheathe,3
sheathed,2
shrine,2
shrined,1
shrin,1
shroud,3
sile,8
siled,1
slave,3
slaved,2
slav,9
snare,2
snared,1
snar,2
sue,8
sued,4
tente,1
thrall,2
thralled,1
thuse,1
thused,1
thu,4
asm,1
ast,2
ticed,6
tomb,5
tou,7
trails,1
trance,3
tranced,1
tranc,1
trant,5
trapped,1
treat,9
trench,9
twine,3
twined,1
twin,7
rons,2
voi,1
wrap,9
zyme,1
ep,36
cene,3
glot,6
sode,1
sod,10
eq,15
uer,3
ties,2
erg,1
err,4
erst,2
gos,13
mines,1
rand,4
satz,1
dite,6
sip,9
caped,1
pade,1
cort,2
toire,2
cutch,1
drille,2
pouse,1
poused,1
pous,3
trange,1
tranged,1
trang,1
trus,2
etch,3
ane,3
ene,3
chre,1
nuch,1
eve,11
nings,2
ev,37
nesce,2
nesced,2
nesc,1
glade,3
glades,1
green,19
denc,1
zone,4
ewe,1
exec,1
ined,4
cerpt,1
changed,2
cheq,2
cised,5
empt,4
plar,1
gete,1
hale,5
haled,2
hal,25
haust,2
haus,2
hib,12
hil,5
hume,2
humed,1
hum,16
dus,8
pand,6
panse,1
pec,16
lers,2
pert,12
plode,2
plod,11
ploit,2
punge,1
punged,1
pung,1
pur,42
tinc,4
tolled,1
traor,1
trav,16
treme,2
trem,10
trude,6
trud,9
ude,2
ud,3
ult,3
urb,2
eyes,1
glass,19
shade,4
lience,1
lient,2
derm,2
clipse,1
clipsed,1
miz,8
weiss,1
gad,9
gyp,6
jac,9
kis,2
trode,1
lix,5
loped,2
merge,4
merged,3
merg,5
nough,1
pee,6
pergne,1
phed,1
pig,15
piph,2
poch,1
qualed,2
qualled,2
nim,6
quine,1
quip,7
quipped,3
quiv,7
nox,4
rase,1
rased,2
ruct,1
soph,8
thane,3
thyl,2
vac,22
vade,3
vad,9
vap,6
vens,1
voc,4
we,3
fad,8
fade,2
dist,4
fag,5
fahr,1
heit,2
fail,5
faille,1
fain,1
faint,4
faints,1
faith,7
fake,1
fak,3
falls,1
false,4
fals,3
falt,1
chion,2
sies,1
fan,34
fang,2
cied,1
jet,13
farce,1
farm,9
fetched,1
see,17
thest,2
fash,3
fas,15
fate,4
fates,1
fath,5
oms,1
fats,1
find,6
faun,1
faus,1
fau,5
bourg,2
fawn,4
fay,3
ette,19
faze,1
faz,1
ience,2
kir,2
mil,54
iar,3
tigue,1
tigued,1
guing,4
vored,3
vors,1
fear,9
feast,2
feath,9
weight,14
feaze,1
fea,10
feb,2
feck,2
eralist,1
feed,9
feel,5
feet,1
feign,2
feigned,1
feint,1
feints,1
feist,1
feld,1
spar,15
felt,3
heen,1
hin,7
femme,1
fence,1
fenc,2
fens,1
fere,2
fern,4
rule,5
ule,12
fetch,4
feud,1
feu,4
fey,1
fez,3
zes,3
fe,35
brile,1
cund,3
male,4
murs,1
roc,5
fib,5
fiche,3
fich,2
fick,4
fic,9
fidg,2
fie,1
fief,1
fields,1
fierce,3
fierc,2
fier,5
fife,2
fifth,1
fif,4
teenth,7
filch,2
name,11
fill,9
film,10
filth,5
bert,7
trable,1
finance,1
spun,3
fink,1
finned,1
finn,1
cier,2
gered,1
nail,7
works,5
first,6
firsts,1
firth,1
pond,3
fist,5
fitch,1
five,2
fives,1
fixed,1
fizz,1
fiz,1
broid,1
nanced,2
nanc,1
nesse,1
nessed,1
fjord,1
flab,7
gast,1
flack,1
flac,3
ons,2
flag,13
flags,1
eo,1
staff,6
flail,1
flair,1
flak,5
flake,2
throw,6
flam,9
flange,1
flank,3
flan,3
flaps,1
flare,1
flar,1
flash,15
lamp,5
tube,3
flask,1
flats,1
flaunt,2
flau,1
flaw,3
flawed,1
flax,3
flay,2
geo,1
grance,2
flea,4
fleck,2
fled,5
fledge,1
fledg,1
flee,2
fleece,1
fleec,6
fleer,1
fleet,6
flem,2
flesh,10
pots,1
flew,2
flexed,1
flick,2
flied,1
flight,8
flim,6
flinch,2
flint,7
flip,7
flirt,2
flir,2
flit,4
flitch,1
fliv,1
fli,1
floats,1
flock,1
floc,1
floe,1
flog,3
flood,6
floor,4
floo,1
flop,9
flor,4
floss,4
flot,1
flounce,1
flounc,1
floun,1
flour,3
flout,2
flown,2
flub,2
fluc,2
flue,1
fluff,5
fluke,1
fluk,3
flume,1
flung,1
flunk,2
flun,1
ky,7
fluor,2
flur,3
flush,2
flus,1
flute,1
resced,1
speck,3
foal,1
foam,5
fob,3
foe,2
foehn,1
foiled,1
foist,1
foi,1
folk,15
lore,3
fol,7
fond,4
font,1
food,3
fool,9
fools,1
foots,1
loose,5
pad,10
wear,14
fop,3
pish,3
gath,8
know,9
limb,3
mast,6
named,4
seen,5
shad,14
ow,14
stall,6
tast,8
tell,12
told,5
warn,5
wing,10
forge,2
forg,3
fork,5
forked,1
forte,1
forth,6
with,22
fortran,1
much,4
ay,2
eign,4
fei,1
gave,2
give,4
giv,12
int,1
lorn,4
sake,4
sak,3
sook,2
sooth,7
swear,4
sworn,2
syth,1
went,3
fos,7
fought,2
fouls,1
mouthed,2
founda,1
fount,2
foun,3
four,9
fourth,1
score,8
square,4
fou,1
fowl,5
fox,15
foxed,1
glove,2
foy,1
cussed,3
frac,13
frag,7
frail,3
fram,3
franc,1
france,1
frank,13
furt,4
fran,8
chise,1
chised,1
frat,2
fraught,1
fraz,2
zled,2
freak,7
freck,2
fred,2
freed,1
freer,1
freez,3
bie,2
lanced,1
will,8
freight,2
french,2
fren,2
zied,1
fret,6
freud,1
fre,8
fric,5
fried,3
fries,1
frieze,1
fright,4
ened,7
frigid,1
frig,5
frill,2
fringe,4
fring,3
frip,2
frisk,7
frit,2
friv,1
frizz,1
friz,9
zing,4
fri,8
gid,9
vol,22
fro,5
frol,5
icked,2
from,3
frond,1
deur,2
tier,3
tiers,1
froth,6
frou,2
frown,1
frowz,5
froze,3
fruc,3
frump,5
frus,3
fru,4
fuch,1
fudge,1
fudg,1
fuel,1
fugue,1
fuh,1
full,4
filled,2
fume,2
fumed,1
fum,8
fund,4
funds,1
funk,5
goid,1
furl,3
furred,1
furze,1
lough,1
nace,2
fuss,8
fuze,1
fuzz,6
fuz,1
tures,1
gab,14
fest,5
gadg,3
teer,7
gael,1
gaff,1
gaffe,1
gaf,1
gaines,1
gains,1
gait,3
gai,2
galax,1
gale,6
gall,5
mau,4
nule,1
vant,8
lup,3
game,9
boled,1
bolled,1
brel,3
ete,1
ines,1
ins,2
gang,5
plank,5
grene,1
gap,5
gapes,1
garb,1
goyle,1
goyled,1
eed,1
rote,2
gash,1
gasp,1
nome,2
gates,1
gauche,2
gaud,6
gauge,3
gaug,3
gaunt,5
gauze,1
gauz,5
gau,3
d,4
gav,1
gawk,5
gay,5
gaze,2
gaz,3
losh,2
vage,3
votte,1
zelle,1
zette,1
zet,2
gear,7
shift,9
geese,1
gei,2
sha,8
geld,3
gelt,1
gem,12
gems,1
gene,4
gents,1
darme,1
ius,3
teel,3
george,1
geor,1
gia,10
germ,2
rics,6
und,3
geste,1
tys,1
gew,1
gaw,1
stalt,1
sund,1
ghat,1
ghats,1
gher,1
ghet,2
ghost,5
write,7
wrote,5
ghoul,3
gibe,1
gib,15
bons,1
bous,2
gift,2
gig,7
gly,17
gild,7
gills,1
gilt,2
gimp,2
gim,6
bals,1
mick,5
gink,1
ginned,1
snap,12
seng,1
gird,5
girt,1
girth,1
gir,1
raffe,1
glac,2
glad,12
dest,3
glam,4
glance,1
glanc,1
gland,1
glans,1
glan,2
glare,1
glas,1
gow,2
glau,2
glaze,3
glazed,3
glaz,3
ciered,1
glean,4
glebe,1
glee,4
glen,4
glib,5
glide,1
glid,3
glimpse,1
glimps,2
glim,2
glint,1
glis,4
gloam,1
gloat,1
glob,6
globe,2
glock,1
spiel,2
gloom,6
glooms,1
glop,1
gloss,6
glos,3
gloze,1
glue,3
glum,5
glut,6
glyc,5
gnarl,1
gnarled,1
gnash,1
gnat,1
gnaw,4
gnawn,1
gneiss,1
gnome,1
gnom,1
gnos,2
gnu,1
goad,1
goal,4
goat,6
gob,8
gook,2
dess,1
send,5
goes,3
goi,2
gold,13
golf,2
gol,1
gong,1
goo,5
good,12
goods,1
goof,6
goose,3
goos,3
gore,1
gorse,1
gosh,1
hawk,10
siped,1
goth,1
gouge,1
goug,2
gourd,1
gourde,1
gour,2
gout,5
gou,2
gov,11
govt,2
gown,2
grab,3
grack,1
grain,7
grained,2
grains,1
grand,17
neph,4
niece,2
grange,2
ose,4
grape,5
grapes,1
grap,4
grasp,4
grau,1
graves,1
gray,5
graze,2
graz,3
phit,2
vim,2
vure,2
grease,2
paint,8
greas,4
great,7
grebe,1
greece,1
greens,1
sward,1
wich,5
greet,3
greg,1
grem,1
gren,3
dines,1
grew,4
grey,3
grid,3
grief,1
grif,3
fith,1
grill,2
grille,1
grilled,1
aced,4
grind,5
grip,13
gripe,1
grippe,1
grist,2
mill,14
grit,7
grits,1
griz,4
mace,3
groan,1
groat,1
groats,1
grog,6
groin,1
grom,4
grooms,1
groove,1
grooved,1
groov,4
grope,1
grop,2
grosz,2
gros,2
grot,1
grouch,4
group,7
grouse,1
grous,2
grout,1
grouts,1
grou,1
grove,3
groves,1
grov,6
grow,9
growl,2
grown,6
growth,4
schen,1
tesque,1
grub,8
stake,3
grue,2
gruff,3
grump,5
grum,2
grunt,2
gryph,1
guards,2
guar,5
gua,12
gudg,1
guern,1
guess,4
guest,3
guf,1
faw,1
guide,6
guid,10
guild,2
hall,5
guilt,7
gulch,1
gull,1
gulp,1
gul,6
gummed,1
gump,1
shoe,12
gunk,1
gunned,2
guns,1
sling,4
wale,2
gup,1
kha,3
gush,6
guts,3
snipe,2
guy,5
guz,2
gym,9
nast,1
gyr,2
hack,10
neyed,2
hac,1
had,4
haft,1
haf,1
hag,9
hah,1
hail,3
hair,22
style,5
hai,4
ku,6
haj,2
ji,2
jis,1
hake,1
pence,4
halt,4
halve,1
halves,1
halv,1
berd,1
fax,1
jah,3
vah,3
hamp,2
shire,2
mered,1
toe,7
hands,1
capped,3
made,5
pick,19
shake,6
spike,3
wo,5
hang,15
hank,5
han,21
bars,1
kie,2
hap,18
haz,5
hare,6
lipped,2
hark,2
harm,6
harp,5
harsh,3
harts,1
hart,1
quin,11
poon,6
has,6
hash,4
hasp,1
haste,2
hast,6
sle,3
hat,10
hate,3
haugh,4
haul,4
haunch,1
haunt,5
hau,2
berk,1
haw,3
haws,1
hay,14
hays,1
mow,4
stack,5
wire,9
haze,1
tants,1
nuk,1
kah,1
rangue,1
rangued,1
rangu,2
tred,1
wai,2
zel,5
hdqrs,1
heads,3
hunt,8
phones,1
strong,6
heal,3
health,7
heap,2
hear,9
heark,1
hearse,2
hearth,3
hearts,1
strings,1
throb,3
heat,11
heath,6
heave,1
heaves,1
heav,14
hea,4
heck,3
hec,9
tare,2
hedge,3
hog,13
hedg,2
heed,8
heel,4
heeled,1
heft,5
hef,1
heg,1
heif,1
height,2
heist,1
hei,2
hell,8
helm,1
helms,1
help,10
meet,5
hel,14
hemo,1
globin,1
hemp,3
spher,7
stich,1
rhage,1
rhoid,1
stitch,3
hence,2
hench,1
naed,1
peck,4
hep,4
herb,7
herds,1
of,35
hers,1
hertz,4
ore,2
self,16
shey,1
hes,12
het,5
heu,1
hew,4
hewn,2
hex,7
hey,2
phil,12
red,24
hick,4
hicks,1
hic,5
hid,6
hie,2
high,20
hig,1
hike,2
hik,2
hills,1
hilt,1
him,3
hinge,4
hing,3
hint,2
drance,1
hip,13
hipped,1
hug,6
sters,1
hire,3
hir,3
sute,1
his,14
hiss,4
hit,6
hitch,5
hiked,1
hith,2
hives,1
hiv,1
glyph,1
hoard,3
hoarse,3
hoars,3
hoar,5
hoax,2
hoa,2
hob,12
nailed,1
nob,2
nobbed,1
hock,5
hod,1
hodge,1
podge,1
hoe,5
hogged,1
hogs,1
hoist,2
caust,1
stered,1
yoke,3
home,28
hom,16
hone,1
honk,3
eys,2
moon,11
suck,9
kies,1
if,3
hooch,2
wink,3
hoofed,1
hooked,1
ah,7
hoop,3
hoose,1
hooves,1
hope,6
hops,1
scotch,3
horde,1
hord,2
hore,1
horned,1
laugh,8
shoes,1
sho,2
whip,9
hors,6
mone,2
rors,1
hose,1
hosp,1
host,4
hos,15
hot,13
hotch,1
potch,1
hour,3
hours,2
wares,3
hou,3
hove,2
hov,2
howl,3
dah,2
itz,3
hua,1
hub,3
huck,2
hud,3
hue,1
hued,1
huff,5
huge,3
huh,1
hulk,2
hull,4
hul,1
loo,3
hump,3
humph,1
hums,1
hunch,2
hung,5
hunk,2
hunks,1
hunts,3
hun,15
dred,4
dredth,1
hurl,3
hurt,5
hur,12
rah,3
tling,8
hush,1
husk,9
hus,8
tings,1
hut,1
hutch,1
huz,1
zah,1
kind,11
hymn,2
hym,2
hype,1
hyp,7
crite,1
hys,7
sop,9
cinth,4
drant,1
dran,1
gea,1
drau,2
lics,1
drox,1
giene,1
gien,2
phen,4
nuse,1
ides,1
syn,32
yll,1
ifs,1
nore,1
nored,1
ilk,1
git,6
lume,1
imp,6
bibe,1
bibed,1
glio,1
brue,1
brued,1
bue,1
bued,1
meas,13
mense,2
merse,2
mersed,2
mers,3
mov,13
mured,1
pale,4
paled,1
passe,1
tience,3
tient,6
peach,5
pearl,5
pinge,1
pinged,1
plau,3
pov,2
preg,4
prob,9
promp,2
prop,18
pru,13
pugn,3
pulse,3
pure,7
inch,2
ink,9
inn,3
instr,1
insur,1
inter,1
intrans,1
cense,3
censed,4
cens,2
cest,1
cip,8
creased,1
nab,3
doors,2
dulge,1
dulged,1
dulg,2
luc,5
farct,2
farc,1
flamed,2
enced,2
fringed,1
iq,2
tialed,1
tialled,1
laid,5
nards,1
noc,6
sane,5
scru,5
sou,3
stalled,1
stanced,1
stanc,1
still,8
stilled,1
stil,2
stinct,1
stinc,1
tutes,2
sub,165
suf,24
tagl,2
ios,2
teg,3
tense,6
fered,2
lace,7
laced,2
leave,2
mez,2
node,3
nod,11
pret,14
reg,28
sperse,1
view,11
weave,4
gral,2
tran,30
geance,1
trep,3
trigue,1
trigued,1
veigh,1
vei,2
vig,9
vite,4
voice,4
voiced,3
voic,3
wrought,3
ip,3
irk,3
quois,1
ref,13
rev,29
spon,9
triev,4
ving,2
isle,1
isth,5
amb,1
bex,2
clasm,1
clast,1
dlest,1
dly,3
dyll,1
dyl,1
mam,10
dide,1
rish,2
iah,1
soch,1
sos,2
prene,2
therm,1
tope,2
jab,5
jacks,1
napes,1
knife,5
straw,4
straws,1
quard,2
jade,2
jad,5
jag,8
uar,1
jai,1
jail,4
jal,1
jam,8
james,1
jan,11
jape,1
jap,3
jas,4
jaunt,1
jaun,8
diced,2
jave,1
jaw,7
jaws,1
vee,1
jazz,6
mai,3
panned,1
jeal,4
jeans,2
jeep,1
jeeps,1
jeer,2
jef,2
jell,1
jel,6
jen,1
jeop,4
jerk,8
jer,7
jess,2
jest,3
jes,3
je,7
june,2
t,2
jib,3
jibe,1
jiff,1
jif,1
jig,7
jilt,2
jim,4
mied,3
jinn,1
jinx,2
jin,9
rik,1
jit,5
jive,1
jiv,1
job,6
jock,6
joc,4
jodh,3
purs,4
joe,2
jog,4
johns,1
joist,1
joke,1
jok,3
jolt,3
jon,4
than,3
gleur,1
quil,8
jor,6
josh,4
joss,1
jos,1
jot,4
joule,2
jounce,1
jounc,1
joust,1
jowl,2
seph,2
phine,3
jug,9
juice,2
juic,7
jukes,1
juke,1
jul,1
jump,9
junk,2
jun,10
kers,2
jut,4
jute,2
jux,3
jube,1
neau,2
nile,3
kad,1
kai,2
kale,1
kal,1
kame,1
kam,1
roo,1
kap,1
karst,1
kart,1
kul,1
kash,1
kath,1
kay,6
lei,6
pok,9
kedge,1
kedg,1
keel,3
keen,6
keg,3
kelp,1
kel,5
neth,4
tuck,6
kept,2
kep,2
kerf,1
sene,1
kes,1
trel,2
ketch,2
keyed,2
khak,2
khar,1
toum,1
khe,1
kib,5
butz,1
zim,1
kick,8
shaw,4
shaws,1
kid,17
naped,1
kiel,1
guhr,1
kill,7
kiln,2
kilt,1
kil,11
volt,8
watt,4
kine,1
king,22
kings,3
kink,5
kins,4
kip,2
kirk,2
kiss,3
kit,7
kitch,2
kite,1
kith,1
kitsch,1
osk,1
wi,2
kleen,1
knack,3
knap,1
knave,1
knav,4
knead,2
knee,4
kneel,2
knell,1
knelt,1
knew,1
knick,3
knif,1
knight,4
knish,1
knit,5
knives,1
knoll,1
knout,1
known,3
knox,1
knuck,1
knurl,1
knurled,1
kob,1
kohl,1
kook,5
kow,2
sky,19
pek,1
sher,7
kraal,1
kraft,1
kraut,3
krem,2
krish,1
kro,2
kryp,1
kud,1
zu,2
chen,3
lak,1
kwash,1
kor,1
kwa,1
kyat,1
rinth,2
lach,2
lack,5
lag,8
lair,1
laird,2
lake,2
lal,1
lamb,5
lame,4
prey,3
lanc,3
locked,1
lord,14
lub,5
scaped,1
scap,3
lane,3
lank,6
cers,2
guage,1
guor,2
lao,1
larch,1
lark,6
spur,4
gesse,1
ruped,1
ynx,2
yn,4
lashed,1
soed,1
latch,4
lath,4
lathe,1
laud,6
lauds,1
launch,2
laun,5
lave,1
lav,10
liere,1
lawn,2
suit,15
yer,2
lax,12
laze,1
laz,3
beled,5
belled,4
bored,3
crosse,1
love,16
yette,1
gniappe,1
lae,3
ryn,2
leach,2
leafed,1
leagu,1
leak,7
lean,4
leant,1
leap,5
leapt,1
learn,9
learnt,2
lear,1
ned,1
lease,4
leash,2
least,2
leas,6
leath,4
leaved,1
leaves,1
leav,6
lech,4
thin,6
ledge,2
ledg,1
leech,1
leek,1
lees,1
left,8
ginged,1
gings,1
ume,2
leit,2
lek,2
lend,3
length,9
lens,2
leon,1
leop,1
leo,1
chaun,1
leth,2
tuce,1
leu,3
cyte,4
lewd,3
yim,1
lice,3
liech,1
liege,1
lien,1
lieu,4
sav,17
lif,5
lilt,1
lil,8
limbed,1
limn,1
limp,3
linch,1
linked,1
links,1
lint,4
coln,1
guist,1
liq,13
uid,3
uor,1
lisle,2
lisp,3
lists,1
lithe,4
tlest,1
tlish,1
lived,3
lives,1
wort,1
brar,3
bret,4
ege,1
queur,1
quid,3
tchi,1
thog,2
llan,1
lla,3
loads,1
loaf,2
loam,2
loan,4
loath,5
loathe,1
loaves,1
lob,11
lobe,1
lobed,1
loch,3
lode,3
star,20
loge,1
loin,6
loins,1
loll,1
lol,2
longs,1
gev,1
look,6
loop,2
looped,1
loos,6
loot,2
lords,1
gnette,2
loss,1
lost,1
lots,2
lounge,1
loung,2
lout,3
lou,7
vered,2
vre,3
lox,1
loz,1
enge,2
cale,3
cust,1
quac,1
lube,1
luck,13
luff,1
lug,4
luke,2
warm,9
lull,4
lump,7
mox,1
lunch,5
lung,3
lunge,2
lunk,2
lurch,1
lurk,2
lush,2
lust,9
lux,7
cerne,2
cille,1
crous,1
lye,1
lymph,1
lym,6
phoid,3
lynch,5
lynx,3
lyre,1
lyr,6
naise,3
mach,1
macke,1
mack,4
tosh,4
naw,1
roon,5
cosm,2
ame,1
moi,2
mael,2
maes,1
mae,3
mailed,1
maim,1
maimed,1
mains,2
stay,6
maize,1
maj,2
make,4
mall,1
malm,1
malt,3
chite,1
nour,3
tese,1
maned,1
manil,1
manned,2
manse,1
mans,1
drel,2
ners,3
sard,1
slaugh,3
slay,3
map,4
march,5
mare,2
marge,2
marked,3
marks,3
marl,1
marque,1
mars,1
marsh,7
mart,1
schi,1
thon,5
quee,1
quess,1
quise,1
shal,6
shaled,1
shall,3
shalled,1
nique,3
tyr,7
veled,1
velled,1
mash,2
mask,4
masked,2
masque,1
saged,1
sag,9
setts,1
sif,1
mind,9
match,9
mats,1
matte,1
nee,11
thew,1
zoth,1
maud,2
maul,3
maun,2
mauve,1
tius,1
mav,1
maw,1
mawk,2
mayor,3
caque,1
chined,1
cron,3
dei,1
drid,1
hout,1
laise,1
lef,1
neu,19
nure,1
nured,1
nur,5
rac,23
raud,3
jua,1
als,1
zur,1
mba,1
mead,5
meads,1
meal,7
means,1
meant,2
ures,1
meat,10
mea,7
sles,1
sli,4
sly,4
mech,9
meed,1
meek,3
meer,1
schaum,1
meg,13
ohm,4
meis,1
mei,2
meld,1
melt,4
bourne,1
brane,1
oir,2
oirs,1
riz,5
phis,3
pause,2
pau,7
meph,1
stoph,1
dise,3
mess,7
dames,1
quite,4
sei,4
gneurs,1
sieurs,1
metal,1
mete,1
meteor,1
meth,10
amor,1
phosis,1
phose,1
mew,1
mewl,1
mews,1
mex,2
lod,1
ninx,1
ringue,1
tath,2
psy,20
thinks,1
thod,2
mice,1
mich,2
midge,1
midg,1
rib,8
riff,4
term,3
west,21
mien,1
miff,1
miffed,1
mike,2
milch,1
mild,3
miles,1
milled,1
mills,1
race,10
wright,7
milt,1
ond,7
wau,1
mime,2
mim,10
mince,2
minc,2
sweep,7
mink,1
mint,6
minx,2
stro,4
skirt,4
now,4
strel,2
utes,1
mirth,4
misc,1
mish,3
thrope,1
throp,2
chie,1
vous,3
sance,8
heard,4
quote,3
quot,7
ruled,3
rul,4
shape,10
shap,2
sour,7
spell,8
spelt,2
spend,7
timed,1
typed,4
used,5
mitch,1
mitt,1
mitz,1
mixed,2
crobe,1
wave,6
graine,1
sog,6
mne,2
moat,1
mob,2
mobs,1
mods,1
moil,2
moire,1
moist,4
mois,3
mold,8
moldy,1
mole,3
moll,2
molt,2
lusk,1
monk,3
monks,1
gom,1
grel,1
roe,3
sieur,1
gnor,3
strance,3
strous,1
rey,5
moo,3
mooch,2
mood,6
mooned,1
shine,4
shin,21
struck,2
moose,2
moot,1
mope,1
mopes,1
morgue,1
morn,3
mort,6
phol,1
mosque,1
moss,7
mott,1
mould,1
mound,2
moun,8
mourn,4
mousse,1
tache,2
mou,1
move,3
mown,2
moz,1
diste,1
lyb,1
nop,4
raine,1
seyed,1
tored,2
zart,1
rake,2
raked,2
rak,7
mud,10
muen,1
muf,7
mug,6
wump,1
muk,1
luk,1
mulch,1
mulct,1
mule,1
mull,2
lein,3
cand,1
mumps,1
munch,2
murk,2
rain,19
mush,6
musk,7
muss,4
must,1
tang,6
chio,1
mutt,1
muu,2
muz,2
ez,1
zin,2
nich,2
myrrh,1
myr,4
dons,1
myth,3
nain,1
nai,2
nape,1
naph,3
thous,1
sism,2
thex,1
whal,3
nash,2
naught,1
naugh,4
seous,1
nave,1
nav,8
nay,1
naz,2
rene,5
reth,1
celle,1
ked,3
palm,9
stur,7
tium,1
wide,6
neap,1
near,4
neat,3
neb,9
need,11
needs,1
dles,2
neg,12
tived,1
neigh,3
tode,2
nep,3
nerve,3
nerves,1
nerv,8
news,20
reel,3
newt,1
wed,9
next,1
crol,1
crot,1
glect,2
groid,1
gism,3
dym,2
phyte,3
plas,14
phrit,1
phri,1
vus,1
nib,3
nibs,1
niche,1
nick,10
nigh,1
nights,1
shirt,4
spot,16
ninth,1
poop,2
nir,2
nix,5
trog,3
turne,1
noi,5
nonce,1
none,3
nones,1
such,3
ligned,2
pay,24
reil,1
plus,4
plused,1
plussed,1
prof,10
sense,3
skilled,3
smok,7
strik,3
suc,21
tax,20
nope,1
norm,2
north,16
nosh,2
tril,6
notch,3
notes,1
pap,6
noth,2
nouak,1
chott,1
noun,2
nou,1
els,1
noz,1
blesse,1
vem,1
nub,2
nudge,1
nudg,2
nug,2
null,1
skull,4
nup,3
tials,1
nurse,4
nurs,5
nuts,2
nuz,1
clide,1
nymph,1
oaf,3
oak,3
oaks,1
oar,2
oared,1
oars,2
oat,4
oath,1
oa,1
ob,82
lique,2
scure,1
scu,2
quies,1
stet,7
strep,3
tuse,1
sions,3
tave,2
odd,7
odds,1
ys,2
oeu,2
vres,1
shoot,5
oft,1
fing,1
oil,9
oink,1
oint,1
ok,1
ives,1
garch,1
gop,1
ome,2
lette,4
buds,1
once,1
slaught,1
yx,1
oomph,1
ooze,1
ooz,4
oph,1
opp,2
orb,1
orch,1
ord,2
orts,1
ange,4
elle,1
gasm,1
nelle,1
tund,4
phan,8
ost,3
trich,1
world,7
oua,1
ouch,1
ought,1
ounce,1
our,3
ours,1
selves,3
oust,2
cropped,1
dodged,1
raced,2
rank,6
reach,3
rea,8
scored,1
scor,6
sell,11
shone,2
shout,2
skirts,1
smart,5
sold,6
swam,2
swim,5
swum,2
wore,2
yell,2
over,1
owe,1
owl,4
oys,3
bese,1
blig,3
blique,1
bliq,1
blit,1
bliv,2
boe,1
seus,1
kra,1
paque,3
grazed,1
lapped,1
paid,6
priced,2
prompt,8
ripe,5
roast,4
seas,1
sexed,3
vere,7
slept,2
spent,4
stayed,1
stuffed,2
topped,1
trick,11
whelm,2
vip,2
vum,1
pab,2
paced,1
thread,8
fism,1
pae,1
pag,9
eant,2
pail,2
pain,6
pained,1
pains,2
pairs,1
pais,2
frey,1
sest,1
sades,2
pam,5
phlet,1
pane,3
pang,1
pants,2
waist,6
loons,1
mimed,1
parch,2
park,6
pars,4
parse,1
parts,1
leled,1
digm,1
guay,1
keet,2
phrase,3
sit,13
troop,4
troops,1
fait,1
leyed,2
ysm,1
queted,1
sons,1
terre,1
tridg,1
passed,1
past,9
paste,3
tiche,1
tille,1
paul,1
paunch,4
paus,1
pave,3
pav,3
paw,4
pawl,1
pawn,3
cif,7
maed,1
nache,1
ya,4
pist,4
poose,1
rab,15
roled,1
tris,1
peace,7
peaked,1
pears,1
peat,9
peb,3
peek,1
peel,4
peen,1
peep,3
peeve,1
peeved,1
peev,2
wee,4
tit,14
peign,1
pelf,1
pelt,4
pem,1
penn,1
pent,7
cilled,2
noned,1
peon,1
peo,3
perch,3
perk,4
perm,2
mance,3
haps,1
phras,4
plexed,1
pesk,1
petrol,1
pew,2
liar,2
koe,1
riph,2
rique,1
ruse,2
tits,1
yo,13
pfen,1
phae,1
phage,1
phag,1
rope,3
tasm,1
phar,11
ceu,1
poe,2
phase,2
lanx,2
pheas,1
philol,1
philos,1
ph,1
pics,1
phlegm,1
phleg,1
phle,2
phlox,1
phlo,1
phoe,6
phoo,1
phos,8
photog,1
neme,1
phra,1
phren,2
phre,2
phyl,1
sique,1
piaz,1
pia,1
picked,2
axe,1
pock,8
resque,1
yune,2
nicked,1
esque,2
pidg,1
piec,1
pier,1
pierce,2
pierc,2
pierre,1
pif,1
pigs,1
sty,7
pike,4
pik,1
piles,1
pill,2
pills,1
pils,1
grims,1
laged,1
lared,1
sner,1
pimp,1
pim,4
pinch,3
pines,1
pink,6
pint,1
prick,7
stripe,2
squeak,5
pique,1
piqu,1
pitch,7
blende,1
pith,3
pitts,2
piv,3
pix,4
piz,3
zas,1
broch,1
laf,1
noch,1
pette,1
quan,8
nha,1
sces,1
plack,1
plague,1
plaid,1
plains,2
plait,2
plaque,1
plash,1
plat,14
eau,2
guey,1
plea,1
plead,4
pleas,10
pleat,1
plebe,1
plebs,1
pleb,1
scite,1
pledge,1
pledg,2
pleis,1
pleth,1
pleu,1
nums,1
plight,1
plinth,1
plop,2
plot,3
plov,1
plow,7
share,4
pluck,6
plum,9
plumb,4
plume,1
plump,2
plunge,1
plung,2
plunk,1
plun,1
plush,3
plu,13
plym,1
outh,1
pneu,3
poach,2
pocked,1
poet,1
pog,4
poi,6
poign,3
poised,2
pois,1
polit,1
poll,2
polled,3
tesse,1
tick,11
wog,1
troon,1
yp,1
tech,11
nyl,2
pome,1
pomp,3
pom,11
meled,3
melled,3
pone,2
pons,1
iard,2
pooch,1
pooh,1
pools,1
poor,3
poo,4
pops,1
porce,1
porch,1
pore,2
pork,5
ports,1
ridge,3
taled,3
talled,2
tiere,1
tiered,1
coed,2
trai,3
guese,1
posh,1
poned,1
sea,31
sessed,2
sherd,1
pouch,1
pouched,1
poult,1
poul,5
pounce,1
pounc,1
boire,1
pout,2
wow,2
lyg,4
lyph,1
prae,3
prague,1
prag,3
prai,1
pram,1
prance,1
pranc,3
prank,2
prate,1
prat,3
prawn,1
pray,3
prayer,1
pra,7
preach,7
preb,2
prec,4
piced,1
pred,6
preen,2
pree,1
pref,9
prej,3
prelim,1
prel,3
prem,7
prep,4
ents,1
ident,1
tige,2
prev,2
prex,2
cinct,3
cincts,1
lims,1
miere,1
miered,1
mier,1
planned,2
puce,2
req,7
school,14
shrunk,3
sift,4
pride,4
priest,4
prig,2
prim,11
prime,1
primp,1
prince,6
prink,1
prin,5
prism,1
prith,1
prize,2
priz,1
vates,1
probe,3
proc,8
prod,6
uct,1
prog,5
proj,1
ect,1
prom,12
ised,1
prone,2
prong,2
proph,6
ets,4
pros,19
prose,1
prot,1
proud,3
erb,1
erbs,1
ince,1
prow,2
prowl,2
ceeds,1
cras,1
cured,3
fane,2
faned,1
fessed,1
gramme,1
phet,1
rogue,2
rogued,1
rogu,1
sce,5
tac,17
tein,1
prude,1
prud,3
prune,1
prun,2
pry,3
psalm,3
psalms,1
psal,2
pseud,1
pseu,2
pshaw,1
pso,1
psych,3
psyche,1
ptar,1
ptol,1
pto,2
maine,2
pub,17
puck,3
pudg,2
pud,4
pueb,3
puff,7
puf,1
pug,7
puke,1
puk,1
pull,4
pulp,5
puls,2
chri,1
pump,3
pum,7
pun,12
punc,8
punk,1
punt,3
cheon,2
pup,6
purge,1
purg,2
purl,1
purr,1
purse,1
push,9
pushed,1
puss,7
tule,1
putsch,1
putt,2
puz,4
zling,1
litz,1
tres,4
trid,3
pyg,2
pyre,1
pyr,1
pyx,1
thrin,1
rox,2
nics,1
thag,1
quack,2
quad,20
quadrilat,1
eral,1
rille,1
quaff,2
quag,1
quail,1
quak,5
qualm,3
quark,1
quart,1
quartz,2
quash,1
quay,1
quea,5
queen,3
queens,1
queer,1
quell,2
quench,3
queue,1
queu,1
bec,2
quib,3
quiche,1
quick,10
nunc,1
quill,2
quilt,4
quince,1
quint,1
quirk,5
quirt,1
quits,1
quix,1
quiz,5
quo,6
quoin,1
quoit,1
quoits,1
quon,1
quor,1
quoth,1
raff,3
raft,2
raf,5
fles,4
rags,1
raid,2
rains,2
bows,1
raise,2
raised,3
rais,3
rai,5
ramp,1
paged,1
shack,5
ranch,3
rape,1
rapt,1
proche,1
scal,12
rare,4
rash,3
rasp,8
ratch,1
rates,2
rath,1
rats,2
snake,5
raun,1
rau,3
wol,2
rave,1
rav,20
raw,5
raze,1
razz,2
tazz,1
raz,2
bies,2
ceme,1
sonde,1
leigh,1
tio,1
zor,2
realm,1
ream,2
reap,2
soned,2
reb,2
reck,5
luse,1
reed,6
reef,3
reek,3
reeve,1
reev,1
refer,1
reign,1
rein,2
reins,1
ict,1
rem,13
nisce,1
nisced,1
rend,3
ais,1
dez,1
rere,1
resp,1
pite,1
tau,6
retch,1
nued,2
eil,1
kja,1
lious,1
buke,1
buked,2
ceipt,1
cluse,1
nais,3
cruit,2
desce,1
demp,2
dound,1
ducer,1
dyed,2
forged,1
frain,1
framed,2
galed,1
gauged,1
gime,1
glued,1
hanged,1
hearsed,1
hears,3
hemmed,1
hinged,2
hired,1
joice,1
joiced,1
joic,1
leased,1
brance,1
morse,2
moved,3
nege,1
nown,1
nowned,1
paved,2
phrased,1
pined,1
pinned,2
prieve,1
prieved,1
priev,1
probed,1
pulsed,1
route,2
rout,6
sale,5
sched,3
scind,1
seal,7
search,7
seat,5
shuf,3
sound,14
source,3
sow,4
sowed,1
splend,1
sponse,1
staged,3
stag,15
stamp,3
start,4
sting,6
stored,1
stor,6
strung,3
stud,16
styled,1
styl,7
taught,3
teach,6
touch,13
trace,3
traced,2
trans,61
tread,6
tried,3
trieve,1
trieved,1
vamp,2
veal,3
veil,6
ual,3
vile,6
viled,1
vive,3
vived,2
vue,1
weav,3
weld,4
wired,2
wir,5
wound,5
zoned,1
rhap,4
rhet,2
rheum,2
rheu,3
rhine,1
rhi,4
zome,1
rhodes,1
rhom,4
rhu,1
rhyme,2
rhym,1
rhythm,1
mics,1
rhy,1
ett,1
ridg,2
culed,1
riel,1
rife,2
rift,1
rights,1
eous,1
rile,1
rill,1
rime,1
rind,2
ringed,1
rink,1
rinse,1
rins,1
rip,11
risk,5
ritz,6
bose,2
poste,1
valed,2
valled,2
yadh,1
yal,1
roam,1
roan,1
roar,4
roch,1
roent,2
roil,1
roist,3
rois,1
romp,3
rood,1
roof,7
rook,4
roost,3
rouge,1
rough,12
shod,7
roug,1
roun,1
roust,2
rove,1
rov,3
manc,1
tors,1
rub,10
rube,1
ruck,2
rude,4
rud,6
rue,3
ruff,4
ruffed,1
ruf,7
rug,6
ruin,1
rules,1
rump,1
mage,2
maged,2
rune,1
rung,1
runt,5
rusk,2
rust,6
ruth,4
rwan,1
rye,2
sab,7
sac,19
sanct,1
safe,8
saf,2
saint,7
saith,1
sales,6
salis,1
salm,2
salts,1
salve,1
salv,1
vaged,1
vag,5
same,3
sanc,10
bagged,1
sang,1
sank,1
sans,2
sap,13
phire,2
sarge,1
casm,1
sash,1
sass,1
katch,1
wan,15
fras,1
satch,1
urn,2
sauc,2
sauer,1
saun,1
save,3
iour,2
sawn,1
sax,4
frage,2
cral,1
gac,1
laam,1
rong,1
shay,2
vants,1
nah,2
scab,9
scaf,1
scald,1
scale,2
scaled,2
scales,1
scalp,2
scamp,2
scam,1
scan,9
scant,8
scar,13
scarce,3
scarc,2
scare,2
scarf,1
scarp,1
scarves,1
scat,7
scathe,1
scath,1
scav,2
sca,6
scep,4
scheel,1
scheme,1
schem,2
scher,1
sche,4
schil,1
schism,1
schist,1
schis,3
schiz,3
schlepp,1
schle,1
miel,1
schlock,1
schmaltz,1
schmo,1
schnau,1
schnook,1
schol,1
schools,1
marm,1
schoon,1
scho,1
schuss,1
schwa,1
scientif,1
scil,1
scim,1
scin,2
sors,1
entist,1
scoff,4
scold,2
scone,2
scoop,1
scoot,2
scopes,1
scorch,2
scorn,4
scots,1
scotts,1
scot,5
scoun,1
scour,2
scourge,1
scourg,2
scout,4
scow,1
scowl,3
sco,4
scrab,3
scrag,2
scram,5
scran,1
scrap,11
scrape,1
scratch,5
scrawl,2
scrawn,3
scream,2
screech,2
screed,1
screen,5
screwed,1
scrim,4
scrimp,4
scrive,1
scrod,1
scrof,2
scroll,1
scrooge,1
scroung,1
scro,2
scrub,7
scruff,4
scrump,1
scrunch,1
scud,3
scuff,1
scuf,1
scull,2
sculpt,1
sculp,5
scul,2
scum,4
scup,1
scurf,1
scur,6
scutch,1
scut,1
scythe,1
sealed,2
seam,8
stress,5
sear,1
sedge,1
sedg,1
sed,8
seek,3
seep,2
seer,3
seethe,1
seeth,1
seign,1
seine,2
seis,6
ogy,1
seize,1
seiz,2
gnior,1
zure,1
selt,1
semp,1
phore,1
blance,1
nole,1
sens,1
tenced,1
tenc,1
tiently,1
sere,1
serf,2
serge,2
aphs,1
phim,1
geant,1
sew,5
sewn,1
tup,1
cond,1
chral,1
quel,1
quined,1
quoi,1
ragl,2
raph,1
sfor,1
zan,1
shab,5
shades,1
owed,1
shag,7
shah,2
speare,1
spear,5
shak,9
shale,1
shalt,1
shame,4
pooed,1
shan,4
shang,3
haied,1
shank,1
tung,4
shaped,1
shard,1
shark,2
shar,1
shat,2
shave,1
shav,4
shawl,1
shays,1
sheaf,1
shear,3
sheared,1
shears,1
sheath,2
sheave,1
sheaves,1
sheen,5
sheep,6
sheer,2
sheers,1
sheik,2
shei,1
shelled,1
shelve,1
shelves,1
shelv,2
shel,1
shep,1
shew,1
shib,1
shied,1
shield,4
shill,1
shil,2
lagh,1
shim,7
wreck,4
shirk,2
shirr,1
shir,1
shiv,4
shoal,1
shoat,1
shock,5
maker,2
shoo,2
shook,1
shorn,2
short,20
shorts,1
shor,1
should,1
shoul,1
shove,1
shov,7
show,19
shown,1
shrank,1
shrap,1
shred,4
shreve,1
shrew,2
shrewd,3
shriek,1
shrift,1
shrike,1
shrill,2
shril,1
shrimp,1
shrink,4
shrive,1
shriv,1
shrove,1
shrub,3
shrug,2
shuck,2
shucks,1
shud,3
shun,3
shunt,2
shush,1
shut,10
shy,8
sib,10
boards,1
swipe,2
swiped,1
swip,2
wall,9
sieve,1
siev,1
sigh,2
naled,1
nalled,1
silk,7
sill,2
silt,5
simp,1
plis,1
since,1
singe,2
sins,1
phus,2
six,8
sixth,1
penc,1
gno,4
lenced,2
lenc,2
skat,3
skeet,1
skein,1
skel,1
skep,4
sketch,5
ski,2
skid,1
skied,1
skiff,1
skill,4
skil,1
skim,2
skimp,4
skinned,1
skip,5
skir,2
skit,4
skiv,1
skoal,1
skulk,2
skunk,1
dived,1
slab,1
slack,5
slacks,1
slag,1
slain,1
slake,1
slak,1
slam,2
slang,5
slan,1
slap,6
slash,2
slat,6
slate,1
slath,1
sla,2
slea,5
sledge,2
sleek,2
sleeps,1
sleet,4
sleeve,2
sleigh,1
sleight,1
slen,3
sleuth,1
slew,1
slice,2
slick,5
slic,2
slier,1
sliest,1
slight,4
slim,8
slime,1
slink,5
slit,2
slith,2
sliv,1
slob,3
sloe,1
slog,2
sloop,1
slop,8
slope,1
slosh,4
sloshed,1
slot,3
sloth,2
slouch,4
slough,2
slov,2
slow,5
sludge,1
sludg,3
slue,1
slug,6
sluice,1
sluic,1
slum,6
slump,2
slung,2
slunk,1
slur,3
slurp,1
slush,5
slut,2
smack,3
small,3
smash,3
smashed,1
smat,1
smell,7
smelt,2
smel,1
smid,1
smile,1
smil,2
smirk,3
smite,1
eens,1
smit,2
smi,1
smock,2
smog,1
smoke,5
smol,1
smooch,1
smooth,4
smor,1
bord,1
smote,1
smoth,2
smo,1
smudge,1
smudg,1
smug,7
smut,5
smuts,1
snack,1
snaf,1
snag,3
snail,2
snak,5
snarl,5
snatch,2
snaz,1
sna,1
sneak,8
sneer,4
sneeze,1
sneez,1
snick,1
snide,2
snid,2
sniff,3
snif,4
snig,1
snip,9
snips,1
snitch,1
sniv,1
snob,3
snoop,5
snoot,6
snooze,1
snooz,3
snore,1
snort,2
snor,2
snot,2
snout,1
snow,16
snub,3
snuck,1
snuff,1
snuf,4
snug,6
soak,2
soap,7
soar,3
sob,4
soc,2
soft,7
sof,2
soil,3
soi,1
emn,3
taire,1
what,5
soot,4
soothe,1
ghum,1
souf,1
sough,1
soul,5
soup,5
souse,1
sous,1
south,19
brette,1
sov,2
sown,1
soy,2
quize,1
pran,2
spa,9
spac,1
spade,2
spank,2
spans,1
spare,3
spark,2
sparks,2
sparse,3
spars,2
kler,3
spasm,1
spas,2
spate,1
spathe,1
spav,2
spawn,2
spay,1
spea,1
specs,1
trom,4
tros,1
sped,1
speech,2
spends,1
thrift,8
spen,1
sper,1
spew,1
spe,14
sphag,1
sphe,3
roi,1
sphinc,1
sphinx,3
sphin,1
spiff,4
spif,1
spig,1
spik,3
spill,4
spilt,1
spine,2
dli,2
spires,1
spit,9
raled,1
chete,1
splash,6
splat,2
splay,2
spleen,2
splen,4
sple,1
splice,1
splic,2
splint,1
splin,2
splits,1
splotch,1
splurge,1
splut,1
spoils,1
spoilt,1
sport,6
spokes,1
sponge,1
spong,1
spoof,1
spook,4
spool,1
spoon,8
spoor,1
spore,1
sports,4
spor,2
spouse,1
spous,1
kane,1
sprain,1
sprang,1
sprat,1
sprawl,1
spray,2
spree,2
sprig,1
spright,1
springs,1
sprink,1
sprint,1
kling,3
sprite,1
spri,2
sprock,1
sprout,1
spruce,1
spruc,3
sprung,2
spry,4
spud,1
spume,1
spunk,5
spurn,1
spurred,1
spurt,1
sput,2
spu,6
squab,6
squad,2
squall,1
squal,4
squan,1
squar,4
squash,5
squat,5
squaw,1
squawk,1
squeal,2
squeam,1
squeeze,1
squeez,2
squee,1
squelch,2
squib,1
squid,1
squig,2
squint,3
squire,2
squirm,4
squirt,1
squir,2
squish,1
stab,2
stacked,1
stac,1
staffs,1
staid,2
stair,4
stak,1
stale,4
stalked,1
wart,6
stam,8
stanch,1
stank,1
staph,2
stare,1
stark,4
starred,1
starve,2
starv,1
stash,1
states,3
staunch,1
stave,1
staves,1
stav,1
stays,1
steal,3
stealth,4
steam,7
steed,1
steel,3
steels,1
steep,3
steer,2
steers,1
stee,2
steg,1
stel,1
stem,4
stemmed,2
stench,1
steppe,1
steppes,1
steth,1
stew,4
stewed,1
stiff,4
stile,2
stilt,2
stim,5
stink,3
stint,4
stin,5
stip,5
stoat,1
stocks,1
brok,1
holm,1
stodg,3
stoke,1
stokes,2
stok,2
stole,1
stol,2
stomp,2
stom,3
stoned,1
stones,1
stood,3
stooge,1
stoop,1
stopped,2
stops,1
stores,1
stork,1
stout,4
strafe,1
straf,2
strag,1
straight,5
strait,3
strand,2
strange,2
strang,2
stran,4
strat,7
strays,1
streak,5
strength,1
stren,1
strick,1
strife,1
strike,1
strin,1
striped,1
tease,2
strive,1
striv,2
stri,6
strobe,1
strode,1
strok,1
stroll,2
stron,1
strop,2
strops,1
strove,1
strug,2
strum,3
strut,3
strych,1
stub,9
stuck,1
stuc,3
stul,2
stump,5
stum,2
stun,2
stung,1
stunk,1
stunt,1
stut,1
stu,14
styg,1
styp,2
suave,2
suav,1
limed,1
orn,1
sucks,1
tash,1
cumb,2
suds,1
sud,3
suede,1
ficed,1
gette,1
sug,10
ared,1
sui,1
suite,1
sulk,4
fite,1
phur,2
sung,3
bathed,1
dae,1
dries,1
vale,2
tans,1
super,1
supt,2
surf,4
surge,2
surg,1
tout,2
sut,1
crose,1
perb,2
sede,1
sory,1
preme,2
svelte,1
svelt,2
swab,2
swad,1
swag,4
swage,1
swal,2
swamp,4
swan,2
swank,4
swans,1
swap,3
swarth,3
swash,1
swas,1
swat,5
swatch,1
swath,1
swathe,1
swats,1
sway,2
sweat,9
swed,1
sweeps,1
swell,3
swel,2
swerve,1
swe,2
swift,5
swig,2
swill,2
swine,1
swin,4
swipes,1
swirl,2
swish,1
switch,6
switz,1
swit,1
swiv,5
swiz,1
swol,1
swoon,1
swoop,1
swords,1
swore,1
swung,1
syb,3
syc,5
syd,1
sylph,1
symp,2
sync,1
syph,1
ringe,1
leau,1
leaux,1
tad,3
taf,3
tai,6
tails,1
lored,1
pei,1
talc,1
tale,4
tall,2
tally,1
tame,2
tamp,2
tanked,1
gier,1
tao,1
tap,11
tape,2
taps,1
tarn,2
tarp,1
tart,3
task,2
sall,1
tooed,1
taunt,3
taupe,1
taut,2
tav,1
taws,1
tay,1
booed,1
chom,1
tea,9
teak,2
teal,1
team,4
tear,11
tears,1
teas,3
teat,1
teens,1
tees,1
teeth,2
teethe,1
tef,1
tek,1
phoned,1
scoped,1
blor,1
pered,2
tens,3
tenth,1
dril,1
tep,2
terms,1
terp,2
terr,1
terse,2
tiar,1
tetch,3
teth,1
teu,1
hran,1
leph,1
tram,9
thai,1
thank,6
thanks,2
that,2
thatch,3
thaw,1
thee,1
theft,1
their,1
theirs,1
theme,1
thence,2
there,17
bouts,1
peu,1
these,1
they,1
thick,8
thief,1
thieve,1
thiev,3
thigh,2
thim,2
thine,1
third,2
thir,4
this,4
thith,2
thomp,1
thom,1
those,1
thou,3
sandth,1
thrash,3
threat,3
three,4
thren,1
thresh,3
threw,1
thrice,1
thrill,3
thrive,1
thriv,1
throe,1
throes,1
throm,3
throng,1
throt,2
throve,1
thrown,1
thrum,2
thrush,1
thrust,3
thru,1
thud,4
thug,2
thumb,4
thump,2
thun,6
thurs,1
thwack,2
thyme,1
tib,4
wat,2
tights,1
wad,10
tiled,1
bered,2
tinge,1
tink,1
tinned,1
tint,2
toed,3
titan,1
tithe,1
glon,1
toad,6
toast,3
tod,3
tof,1
toil,2
toi,3
toll,4
tome,1
tong,1
tongs,1
tongue,2
tongued,1
tongues,1
tool,6
toot,2
toothed,1
toots,1
tops,1
toque,1
tore,1
torn,1
torque,1
doed,1
toise,2
toss,2
touched,2
tough,5
tours,1
towns,3
hee,1
toy,2
gaed,1
paz,1
tracks,1
trades,1
trad,1
traf,4
ficked,1
traipse,1
traips,1
tramp,1
sept,1
sience,1
sient,1
sien,1
traps,1
zoid,1
pings,1
trash,2
trau,4
erse,1
ersed,1
trawl,2
peze,1
treach,2
treas,8
trea,5
treed,1
trek,3
tren,1
phined,1
tribes,1
une,2
trig,3
trill,1
lium,1
trim,5
tripe,1
trit,7
reme,1
umph,1
vir,24
virs,1
dyte,1
troi,1
troll,2
trough,1
trounce,1
trounc,2
troupe,1
troup,1
seau,1
trout,1
trou,8
sers,1
trove,1
trow,1
troy,2
pism,1
truce,1
truck,7
truc,3
trudge,1
trudg,1
true,5
truf,2
trump,2
trumps,1
pets,1
trunk,1
trunks,1
trun,6
truss,3
trussed,1
truth,4
tryst,1
tsar,1
tsa,1
tset,1
tsu,2
tubes,1
tuc,1
tues,2
tuft,3
tug,4
tulle,2
tuque,1
turf,2
turk,1
quoise,1
tusk,2
tux,2
bule,2
mult,1
twad,2
twain,2
twang,1
tweak,1
tweed,5
tweet,2
tweeze,1
tweez,2
twee,1
zers,1
twelfth,1
twelve,2
twen,2
twerp,1
twice,1
twid,2
twig,3
twill,1
twinge,1
twinned,1
twins,1
twirl,2
twist,3
twitch,1
twi,2
two,5
tyke,1
tym,2
typo,1
tyrant,1
phoon,1
ugh,1
ultra,1
violet,1
ump,3
brage,1
laut,1
unc,4
unit,1
univ,2
aimed,1
aired,1
loyed,1
asked,1
bashed,1
dorned,1
larmed,1
baked,1
knownst,1
loved,2
bleached,1
blessed,1
bruised,1
cashed,1
sored,1
chained,1
chilled,1
claimed,1
cleaned,1
cleared,1
clogged,1
combed,1
cooked,1
couth,1
cover,1
curbed,1
damped,1
croft,1
cayed,1
mayed,1
draped,1
dreamed,1
dressed,1
earned,1
ployed,1
riched,1
omed,1
feared,1
fledged,1
erned,1
guent,1
guen,1
harmed,1
hatched,1
healed,1
horsed,1
housed,2
paired,2
roned,1
kempt,1
kissed,1
learned,1
looked,1
loosed,1
marred,1
matched,1
mourned,1
liged,1
scured,1
dained,1
ganized,1
owned,1
pened,2
pledged,1
plowed,1
plugged,1
plumbed,1
quenched,1
newed,1
pealed,1
turned,2
vealed,1
rhymed,1
saved,1
scarred,1
scathed,1
schooled,1
screened,1
shared,1
shaved,1
slaked,1
snapped,1
soiled,1
soothed,1
spoiled,1
stained,1
stamped,1
starched,1
strained,1
stressed,1
swayed,1
swerv,1
tamed,1
tanned,1
tapped,2
trained,1
trimmed,1
vexed,2
want,3
warmed,1
warned,1
washed,1
watched,1
waxed,1
weak,11
weaned,1
wea,13
wel,6
wept,2
wield,3
willed,2
wished,1
won,10
wont,4
worked,2
wove,2
wrapped,2
wrin,3
yield,3
zeal,7
zip,6
zipped,1
urge,1
urg,1
ush,3
ux,2
biq,2
kase,1
krain,1
lys,1
thral,1
surp,2
vague,3
vain,4
valse,1
iance,1
iant,2
vam,2
vane,2
vase,1
vaude,1
vault,3
vau,1
lise,1
moosed,1
moos,1
pors,1
veep,1
veer,3
veg,6
veiled,1
vein,2
veld,1
veldt,1
vend,4
verve,1
meil,1
loc,2
lour,1
vibes,1
ualed,1
ualled,1
uals,1
vie,1
vint,1
gule,1
tue,1
vista,1
viz,1
gnett,1
gnet,2
vod,1
vogue,1
voile,1
vole,1
vom,1
voo,1
safed,1
vox,1
yeur,2
wab,1
wack,4
wade,3
waft,1
waf,2
wage,1
waif,1
wain,6
waive,1
waiv,2
wales,1
waltz,2
wal,12
wam,2
wand,1
wane,1
wap,1
warmth,1
warp,2
was,3
wasp,6
waste,5
wast,4
watts,1
waved,1
wav,6
wean,1
weap,3
weath,7
webbed,1
wedge,1
wedged,1
wedg,1
wednes,1
weeds,1
ween,1
weep,6
weft,1
weir,2
weird,4
wells,1
welsh,3
welt,1
wench,1
wend,4
were,2
wolf,5
wert,1
wes,1
wet,9
whale,3
whales,1
wham,2
wharf,3
wharves,1
wheal,1
wheeled,1
wheels,1
wheeze,1
wheez,5
whee,2
whelk,1
whelp,1
when,3
whence,1
wher,2
whet,5
wheth,1
whew,1
whey,2
which,2
whiff,1
whiles,1
whil,1
whim,3
whine,1
whin,7
whips,1
whir,2
whisk,3
whist,1
whis,7
whit,13
whites,1
whith,1
whiz,2
who,6
whoa,1
whole,6
saled,1
whol,1
whom,3
whoop,2
whoops,1
whoosh,1
whop,2
whore,1
whorl,1
whorled,1
whor,1
whose,1
why,1
widg,2
wid,8
wie,2
wight,2
wagged,1
wild,7
wile,1
wills,1
wilt,1
wilts,1
beest,1
liam,1
waw,1
wim,2
wince,1
winch,1
winc,1
wine,2
winged,1
wins,1
wipe,1
wip,1
wish,4
wisp,4
wist,2
wis,5
wits,1
wive,1
wives,1
wiz,3
woad,1
wob,4
woe,5
wok,2
wold,1
wolfs,1
wolves,1
womb,1
woo,1
woof,2
wool,6
wooz,5
worces,1
words,1
worms,2
worse,1
worst,1
wors,1
worth,4
shiped,1
shipped,1
sted,1
would,1
wrack,1
wraith,1
wran,2
wrasse,1
wrath,3
wreak,1
wreath,2
wreathe,1
wren,2
wrench,1
wrens,1
wrest,2
wres,3
wretch,3
wrig,5
wring,3
wrist,4
writhe,1
writh,2
wri,2
wrong,8
wrung,1
wy,2
dotte,1
xen,6
phobe,1
xe,6
roph,1
xy,2
yacht,2
yak,3
yam,2
yang,1
yank,2
yap,4
yarn,1
yar,2
yaw,1
yawl,1
yawn,3
yawp,2
yaws,1
yeah,1
yean,1
yearn,2
yeast,2
yelp,1
yel,4
yen,1
yeo,2
yes,3
yet,2
yew,1
ye,1
yid,1
yin,1
yip,3
yod,1
yoga,1
yok,1
yolk,1
yore,1
york,2
you,1
young,5
youngs,1
youn,1
your,2
yours,1
youth,3
yowl,1
deled,1
delled,1
gurt,1
yt,2
yuc,1
yule,1
yurt,1
zam,1
zap,2
zea,1
zeb,1
zed,1
zeit,1
geist,1
ith,1
zeph,1
yr,1
zest,3
nith,2
roed,1
zig,3
zag,2
zagged,1
zilch,1
zinc,1
zir,2
zith,2
zlo,1
zom,1
zonked,1
zoom,1
zos,1
zounds,1
zoy,1
zuc,2
zwie,1
gote,1
