in,3019
re,1684
un,1657
a,1422
de,1248
con,1197
dis,1162
an,949
o,932
ex,897
e,896
en,774
im,721
di,592
pro,587
al,537
per,534
pre,524
sub,493
ar,465
mis,462
com,455
be,440
ac,438
hy,436
as,380
par,376
co,371
i,369
su,352
ca,342
ad,342
pa,339
ap,338
u,325
or,311
am,309
em,306
tri,296
ma,288
ab,278
car,278
mo,274
out,272
bi,272
cor,267
pol,255
me,241
ob,234
ep,228
mon,226
au,217
for,216
man,210
po,205
la,205
se,202
pen,194
pe,192
vi,192
mar,188
col,186
mi,182
ver,177
sem,176
sa,175
at,173
so,168
li,167
fore,167
ir,166
trans,166
es,165
cal,161
os,160
non,160
pan,160
ra,158
can,154
cir,152
met,148
syn,147
si,145
eu,144
pho,142
ho,139
pi,138
up,137
pal,137
ne,133
bar,133
tu,133
ter,132
pu,130
mu,129
af,127
oc,126
ge,126
the,124
sur,121
ru,121
fu,119
mul,119
ba,119
no,118
ag,118
to,117
lu,116
va,115
cat,115
mes,114
cu,113
he,113
mal,111
il,110
ox,109
cy,106
te,104
sal,104
op,104
gal,104
coun,103
na,102
her,101
ni,101
ce,101
ro,100
el,99
mor,99
fa,98
pyr,97
my,96
mel,95
gen,94
du,93
ef,93
cen,92
hem,92
ten,92
rec,88
ec,88
sen,88
ju,88
cap,87
mag,87
mer,87
le,87
nu,86
sol,86
quad,86
ve,86
tet,86
tar,85
fi,85
min,84
des,84
sep,83
er,83
ha,83
ser,83
tur,83
por,83
ta,82
post,82
mus,82
gas,82
het,82
san,80
do,80
bo,80
tor,79
lo,79
tra,78
sar,78
bal,77
ther,77
res,77
sin,76
cam,75
fer,75
pur,74
har,74
cer,73
cas,73
cur,72
pla,72
sup,72
py,72
den,71
tel,71
fe,70
pul,70
pin,70
sul,70
mas,69
pas,68
men,66
phy,66
hu,66
cre,66
quin,66
suc,65
ga,65
ste,64
dec,64
chi,64
tran,63
neu,63
lac,63
bur,63
sac,63
pet,62
gar,62
ven,62
wa,62
vol,60
char,60
cos,60
mac,60
om,59
plu,59
ben,59
tan,59
lin,59
sil,59
pri,59
hol,58
rep,58
mil,58
back,58
del,58
hi,58
on,57
pos,56
ti,56
fo,55
val,55
sym,55
ped,55
ka,54
hex,54
pres,54
lith,54
sus,54
vo,53
spi,53
tes,53
ul,53
lam,52
dif,52
red,52
chro,52
ev,52
lan,52
ri,52
sta,51
dem,51
lat,50
tem,50
pros,50
sun,50
bu,49
spec,49
hel,49
um,49
der,49
cul,49
flu,48
ich,48
xy,48
hyp,48
fil,47
sper,47
vul,47
plat,47
ban,47
mod,47
sim,46
bib,45
da,45
hep,45
gra,45
sor,45
bel,45
far,45
pseu,45
his,45
sex,45
hor,45
ol,44
bat,44
hand,44
rhi,44
war,44
fur,43
sec,43
mat,43
cau,43
black,43
tro,43
lar,43
ram,43
phil,43
suf,43
ple,43
arch,42
pec,42
pic,42
som,42
cock,42
mam,42
lit,42
cho,42
vis,42
cha,42
head,42
bas,41
vir,41
ves,41
cli,41
ful,40
tin,40
bed,40
cop,40
lep,40
sea,40
foot,40
wood,40
reg,40
id,40
cow,40
fan,40
dip,40
ster,40
dep,40
eth,40
bac,40
land,39
lim,39
pon,39
pel,39
fal,39
dog,39
hal,39
of,39
ty,39
pis,39
go,39
sap,38
med,38
win,38
gran,38
pop,37
sig,37
sty,37
phys,37
is,37
fin,37
ur,37
xan,37
cog,37
eye,36
pot,36
cov,36
cra,36
bro,36
cin,36
rev,36
vil,36
sci,36
qui,36
heart,36
mid,36
syl,36
but,35
log,35
ja,35
phi,35
meg,35
cru,35
cross,35
tal,35
cot,35
ed,35
vin,35
ci,35
ly,35
dan,35
quar,34
lev,34
nec,34
pil,34
ig,34
fla,34
pat,34
fis,34
dy,34
vit,34
gym,34
leg,34
south,34
ger,34
rat,34
mad,34
gam,33
plan,33
chlo,33
psy,33
with,33
cro,33
bil,33
sat,33
hip,33
lap,32
nar,32
zo,32
cel,32
pneu,32
gy,32
white,32
bon,32
phos,32
hom,32
fire,32
bor,32
leu,32
moon,32
flo,31
pleu,31
bul,31
bran,31
ant,31
av,31
dig,31
glu,31
mol,31
ceph,31
ros,31
fac,31
spon,31
tau,31
book,31
ber,30
horn,30
star,30
pes,30
spin,30
myr,30
ren,30
ear,30
hon,30
ran,30
sto,29
gly,29
aph,29
ret,29
pha,29
green,29
phyl,29
ses,29
ham,29
lig,29
down,29
dev,29
phar,29
spir,29
doc,28
pep,28
gor,28
cus,28
sel,28
nom,28
plas,28
bra,28
dor,28
tre,28
spo,28
ker,28
van,28
gem,28
fas,28
blood,28
horse,28
work,28
ax,27
pap,27
sau,27
pick,27
bot,27
sco,27
phe,27
top,27
cham,27
trip,27
dom,27
spar,27
earth,27
lon,27
bow,27
tab,27
fun,27
flat,26
cou,26
wind,26
big,26
tam,26
stat,26
port,26
bit,26
rap,26
def,26
sca,26
che,26
blue,26
dam,26
vac,26
stu,26
north,26
whit,26
tit,26
dys,26
rab,25
ze,25
pig,25
tol,25
cav,25
tim,25
lib,25
oe,25
cit,25
cab,25
meth,25
house,25
sum,25
blas,25
len,25
draw,25
wal,25
wan,25
hog,25
jo,25
aft,25
wit,25
hen,24
prop,24
lau,24
pun,24
chal,24
pom,24
hum,24
noc,24
ton,24
az,24
spa,24
jac,24
bom,24
jack,24
gan,24
fig,24
fos,24
long,24
cri,24
phan,24
rib,24
fel,24
ship,24
mem,24
punc,24
rhe,24
tax,23
dim,23
pod,23
dar,23
glos,23
pter,23
mur,23
lab,23
there,23
god,23
pru,23
brach,23
hos,23
set,23
aus,23
sphe,23
pit,23
bun,23
rough,23
gut,23
gun,23
chan,23
glo,22
y,22
dil,22
yel,22
wor,22
where,22
mun,22
dic,22
vas,22
tech,22
bab,22
vic,22
spe,22
ki,22
thi,22
hard,22
bis,22
dex,21
scu,21
bron,21
thun,21
rus,21
ko,21
cut,21
gram,21
way,21
dra,21
serv,21
play,21
hes,21
stone,21
ring,21
chon,21
gi,21
cryp,21
jan,21
nem,21
vel,21
ref,21
var,21
gon,21
tap,21
hab,20
rav,20
lus,20
bru,20
dol,20
sad,20
stom,20
low,20
thal,20
jus,20
rel,20
dun,20
coc,20
fes,20
turn,20
proc,20
tox,20
tip,20
gos,20
rem,20
free,20
sax,20
fri,20
prov,20
light,20
sti,20
dou,20
main,20
sys,20
guard,19
sev,19
sav,19
hair,19
hob,19
chris,19
kin,19
shin,19
broad,19
fru,19
prac,19
chap,19
king,19
rock,19
gold,19
bull,19
hun,19
ces,19
glad,19
night,19
new,19
slip,19
round,19
nig,19
dul,19
nor,19
squa,19
wil,19
son,19
liq,19
mold,19
sy,19
stra,19
may,19
wag,18
shop,18
hay,18
mys,18
let,18
bri,18
plum,18
fat,18
grand,18
grav,18
don,18
wash,18
ath,18
rho,18
gla,18
bush,18
scle,18
high,18
pad,18
snow,18
tom,18
breast,18
sis,18
flag,18
buck,18
rum,18
dow,18
sweet,18
crys,18
gin,18
home,18
salt,18
sam,18
whip,18
sanc,18
chas,18
nau,18
rad,18
qua,18
sand,18
gad,18
jun,18
chrys,18
right,17
plac,17
trib,17
hag,17
plow,17
dead,17
sou,17
rig,17
tea,17
trap,17
school,17
cac,17
sulph,17
nun,17
church,17
saw,17
whis,17
fish,17
fron,17
us,17
splen,17
gib,17
neg,17
sug,17
air,17
flow,17
quick,17
sid,17
stan,17
za,17
door,17
hec,17
here,17
tho,17
pau,17
sag,17
tac,17
tooth,17
prin,17
four,16
bird,16
clas,16
herb,16
div,16
hop,16
thor,16
vag,16
short,16
clar,16
by,16
bus,16
beau,16
pow,16
tru,16
catch,16
naph,16
corn,16
cic,16
nat,16
feu,16
kil,16
bare,16
fre,16
child,16
run,16
bou,16
check,16
cys,16
fra,16
prom,16
cad,16
ke,16
deu,16
hus,16
hur,16
bos,16
rud,16
all,16
stock,16
zy,16
din,15
bum,15
tow,15
mos,15
cob,15
et,15
fen,15
dac,15
chol,15
law,15
prog,15
num,15
scru,15
til,15
ai,15
prox,15
hys,15
hat,15
nut,15
gel,15
bin,15
prod,15
scor,15
scan,15
sleep,15
stel,15
spring,15
off,15
wel,15
cath,15
wad,15
mount,15
lux,15
lex,15
bob,15
crus,15
pris,15
cher,15
han,15
ges,15
lum,15
ou,15
row,15
span,15
won,15
rid,15
wea,15
wool,15
fau,15
fran,15
sheep,15
whim,15
mit,15
shad,15
je,15
gua,15
diph,15
weath,15
trich,14
fum,14
neck,14
prick,14
mug,14
rose,14
pam,14
thy,14
fus,14
chron,14
life,14
jer,14
spit,14
cour,14
tex,14
sab,14
pref,14
day,14
bag,14
fem,14
scar,14
quer,14
scal,14
hell,14
prim,14
dew,14
vap,14
liv,14
buf,14
fox,14
has,14
stag,14
fol,14
xe,14
drop,14
prof,14
crim,14
syr,14
gain,14
flesh,14
side,14
frost,14
drag,14
fon,14
strat,14
flam,14
glan,14
lob,14
sick,14
kid,14
eq,14
boot,14
quan,14
stri,14
trun,14
show,14
good,14
time,14
chev,14
fet,14
rob,14
lec,14
sic,14
tee,14
chem,14
hot,14
we,14
riv,14
path,14
cla,14
it,14
ey,13
twin,13
oph,13
fly,13
sha,13
gyn,13
civ,13
dry,13
oil,13
how,13
state,13
grat,13
ach,13
ques,13
maid,13
lock,13
bear,13
sten,13
club,13
bod,13
step,13
flux,13
pleas,13
gob,13
ut,13
kit,13
stand,13
plen,13
clear,13
glau,13
stal,13
kar,13
seed,13
jar,13
tym,13
rag,13
lor,13
sir,13
gov,13
det,13
cler,13
cred,13
moth,13
ron,13
nos,13
mud,13
phlo,13
chat,13
ky,13
gu,13
tat,13
neb,13
mum,13
west,13
chil,13
coe,13
stip,13
hack,13
boy,12
trick,12
nee,12
skel,12
trig,12
trin,12
some,12
bap,12
bet,12
chy,12
nas,12
scrip,12
heav,12
saint,12
clam,12
dread,12
thick,12
ei,12
scis,12
glob,12
pub,12
lem,12
tun,12
whirl,12
gre,12
pte,12
tus,12
fool,12
pass,12
pav,12
ric,12
cod,12
cof,12
gum,12
jug,12
fab,12
blan,12
prob,12
tail,12
zyg,12
trav,12
wom,12
hin,12
ner,12
syc,12
brown,12
ya,12
priest,12
sword,12
court,12
veg,12
fam,12
lip,12
jew,12
grad,12
ruf,12
tram,12
mea,12
mock,12
net,12
swin,12
rub,12
viv,12
milk,12
ground,12
flex,12
pip,12
fruc,12
qual,12
bail,12
glass,12
schiz,12
cum,12
plant,12
cheer,12
arc,12
strep,12
death,12
scho,12
pli,12
rhab,12
poi,12
nick,12
wheel,12
gray,11
ale,11
bond,11
birth,11
spher,11
touch,11
dark,11
bog,11
clan,11
pock,11
rhom,11
fix,11
ech,11
dram,11
sail,11
gur,11
stir,11
blow,11
self,11
stam,11
fair,11
stink,11
love,11
roy,11
lamb,11
sharp,11
graph,11
quak,11
phre,11
drift,11
boat,11
farm,11
pred,11
fic,11
arm,11
prel,11
yes,11
spoon,11
nod,11
jes,11
blind,11
dal,11
stig,11
stru,11
pach,11
storm,11
pipe,11
cole,11
rack,11
thu,11
fed,11
moor,11
seis,11
snap,11
hatch,11
pret,11
lei,11
block,11
buc,11
fruit,11
sky,11
gyp,11
neph,11
straight,11
art,11
wap,11
box,11
nep,11
sib,11
spur,11
lav,11
stern,11
slav,11
ku,11
health,11
toad,11
part,11
put,11
dough,11
tid,11
psal,11
mech,11
nov,11
doubt,11
frank,11
ea,11
steg,11
sple,11
wax,11
scler,11
prince,11
dot,11
not,11
chop,11
stem,11
rip,11
zinc,11
beg,11
syph,11
mir,11
mau,10
bol,10
frus,10
well,10
tres,10
sooth,10
mast,10
rest,10
laugh,10
deb,10
trem,10
ras,10
frig,10
frac,10
yo,10
drum,10
ink,10
bour,10
wrong,10
jin,10
stro,10
max,10
pyth,10
cloud,10
ash,10
peg,10
trea,10
stran,10
end,10
phal,10
slum,10
scur,10
cox,10
glyc,10
tha,10
crab,10
pitch,10
lym,10
jet,10
ward,10
bread,10
beam,10
quit,10
break,10
scin,10
pack,10
stib,10
sed,10
jab,10
triv,10
lach,10
sham,10
pup,10
fir,10
dai,10
gab,10
lag,10
gig,10
feath,10
swine,10
seem,10
lay,10
fine,10
eb,10
bre,10
press,10
slat,10
lead,10
eight,10
still,10
hea,10
nip,10
point,10
scab,10
weigh,10
nine,10
vex,10
wid,10
bug,10
crow,10
room,10
mill,10
rha,10
nim,10
heel,10
sow,10
bark,10
reed,10
tyr,10
clav,10
six,10
sport,10
bea,10
pour,10
caus,10
loath,10
jas,10
sit,10
tract,10
track,10
thread,10
watch,10
brick,10
mot,10
pea,10
fit,10
hap,10
form,10
scat,10
vig,10
tot,10
proph,10
wild,10
word,10
wick,10
dur,10
whin,10
pay,10
heb,10
priv,9
thorn,9
crin,9
quid,9
forth,9
trump,9
bride,9
hed,9
brin,9
ot,9
hang,9
oth,9
zir,9
xen,9
dream,9
suck,9
crit,9
mim,9
bone,9
slight,9
cis,9
trust,9
fash,9
pim,9
gno,9
eg,9
swan,9
loc,9
bill,9
cil,9
soc,9
stud,9
shov,9
sight,9
mix,9
half,9
phleg,9
sweep,9
pud,9
stub,9
male,9
sign,9
web,9
crap,9
leaf,9
cran,9
spell,9
pinch,9
nym,9
weak,9
game,9
speed,9
speech,9
breath,9
scam,9
tris,9
spear,9
nul,9
shal,9
tum,9
sack,9
cuck,9
bald,9
pith,9
read,9
pus,9
slug,9
gay,9
cous,9
knot,9
shak,9
tick,9
field,9
zin,9
hir,9
floc,9
bloom,9
ded,9
string,9
nour,9
pyc,9
keel,9
scrib,9
sas,9
shell,9
gaud,9
strength,9
join,9
joint,9
xiph,9
lop,9
chlor,9
tach,9
muck,9
stream,9
soph,9
cook,9
duc,9
tag,9
aux,9
tith,9
band,9
ice,9
case,9
mov,9
bry,9
shep,9
jour,9
sher,9
cyn,9
cyp,9
queen,9
teg,9
kal,9
wig,9
rou,9
las,9
seg,9
stew,9
wis,9
brag,9
ware,9
snake,9
zeal,9
yt,9
wish,9
tec,9
lord,9
stick,9
chick,9
stil,9
burgh,9
both,9
typ,9
aq,9
prol,9
stop,9
smith,9
sting,9
mort,9
trac,9
sew,9
das,9
toy,9
dash,9
sour,9
rain,9
tour,9
nic,9
shi,9
turf,8
boast,8
tou,8
town,8
sound,8
writ,8
prot,8
spot,8
spor,8
coal,8
gri,8
coach,8
rail,8
hid,8
gir,8
chei,8
raf,8
waste,8
mop,8
pearl,8
bind,8
grind,8
bud,8
wol,8
stim,8
ches,8
shift,8
mai,8
foe,8
hav,8
train,8
dust,8
lad,8
base,8
stiff,8
quo,8
whig,8
los,8
bid,8
lack,8
toll,8
road,8
clot,8
chief,8
grave,8
rush,8
hym,8
math,8
chin,8
pole,8
close,8
bad,8
grip,8
change,8
last,8
guil,8
blush,8
seign,8
dit,8
jol,8
gris,8
dear,8
clod,8
nose,8
flit,8
cym,8
ic,8
monk,8
like,8
les,8
caf,8
branch,8
rim,8
harp,8
friend,8
gro,8
plau,8
cord,8
fric,8
ris,8
laud,8
frag,8
curl,8
float,8
dru,8
flut,8
vat,8
woo,8
rod,8
spat,8
raw,8
hind,8
steer,8
steep,8
baw,8
deer,8
stead,8
ridge,8
stron,8
silk,8
skin,8
bard,8
taw,8
trim,8
scot,8
paint,8
broth,8
stay,8
mez,8
cry,8
fec,8
flor,8
lax,8
skim,8
elf,8
nyc,8
fear,8
blun,8
sod,8
wield,8
crown,8
ken,8
cim,8
thau,8
rea,8
pac,8
lis,8
scy,8
poul,8
sho,8
mob,8
fresh,8
lov,8
cram,8
fid,8
scant,8
crot,8
trou,8
tub,8
rom,8
boun,8
owl,8
puck,8
puff,8
crook,8
jam,8
shoe,8
drain,8
pug,8
goat,8
slop,8
hood,8
key,8
bee,8
found,8
myth,8
scratch,8
grap,8
soap,8
drear,8
snob,8
fou,8
malt,8
leath,8
bank,8
brit,8
bridge,8
fault,8
brig,8
creep,8
rhyn,8
care,8
boo,8
shear,8
egg,8
root,8
cres,8
kick,8
live,8
crib,8
myx,8
bay,8
pend,7
pra,7
prag,7
swag,7
thim,7
sche,7
sheath,7
sure,7
stage,7
hedge,7
sphyg,7
hod,7
fort,7
brim,7
bril,7
cart,7
pie,7
swal,7
wed,7
prat,7
fleet,7
squir,7
phthal,7
wing,7
clean,7
leav,7
phren,7
eel,7
piece,7
vice,7
nan,7
roof,7
bak,7
fea,7
slim,7
front,7
preach,7
cris,7
fret,7
viz,7
vet,7
rit,7
one,7
seam,7
crock,7
spic,7
brew,7
wine,7
cause,7
young,7
hook,7
jag,7
ghost,7
pound,7
dress,7
mut,7
staph,7
gate,7
void,7
squam,7
scaph,7
starch,7
hai,7
slick,7
swim,7
bla,7
stul,7
trop,7
knap,7
bell,7
rear,7
start,7
throat,7
troop,7
vom,7
siz,7
od,7
pump,7
scap,7
pine,7
pink,7
scrap,7
knee,7
alms,7
troch,7
vein,7
wee,7
vow,7
trit,7
rhyth,7
dove,7
east,7
knight,7
length,7
bev,7
bead,7
clin,7
search,7
knob,7
will,7
schis,7
floor,7
limp,7
boom,7
brow,7
tril,7
steam,7
wound,7
knock,7
neat,7
gloss,7
christ,7
plain,7
gim,7
need,7
heal,7
mass,7
cun,7
meet,7
steel,7
cup,7
spu,7
puz,7
flash,7
shut,7
cost,7
shel,7
scum,7
cork,7
song,7
drunk,7
glyp,7
sculp,7
soo,7
chaf,7
gui,7
beast,7
wain,7
joc,7
clo,7
loop,7
brush,7
waist,7
slab,7
neigh,7
maw,7
note,7
cush,7
muf,7
zon,7
lil,7
sop,7
scep,7
john,7
wall,7
psi,7
plec,7
meas,7
small,7
duck,7
match,7
tent,7
chit,7
faint,7
shab,7
bach,7
dish,7
coo,7
sort,7
fright,7
praise,7
bys,7
rant,7
chip,7
que,7
brain,7
scol,7
hill,7
bord,7
brah,7
dab,7
chant,7
flab,7
fad,7
charge,7
nerv,7
maz,7
emp,7
full,7
sip,7
kai,7
gul,7
hau,7
lump,7
peer,7
trai,7
tongue,7
joy,7
pee,7
dull,7
moun,7
quartz,7
dum,7
rac,7
brack,7
sing,7
dusk,7
dod,7
damp,7
scrag,7
grin,7
wast,7
trad,7
frit,7
rick,7
rot,7
news,7
huff,7
tas,7
rhap,7
nid,7
func,7
grim,7
rut,7
scro,7
seer,7
coch,7
smooth,7
sole,6
boil,6
brac,6
stitch,6
gou,6
fund,6
dap,6
aid,6
wart,6
scrub,6
warm,6
slack,6
fell,6
bawd,6
grog,6
pluck,6
hurl,6
mach,6
whore,6
wail,6
stor,6
bras,6
huck,6
rere,6
gros,6
griev,6
skunk,6
stich,6
flight,6
flint,6
breech,6
flip,6
pok,6
vouch,6
vor,6
shuf,6
might,6
get,6
slid,6
pleth,6
bret,6
strap,6
froth,6
goose,6
mind,6
plead,6
load,6
lix,6
view,6
bris,6
mist,6
zym,6
wide,6
bath,6
reck,6
stein,6
hov,6
list,6
slow,6
venge,6
scom,6
vend,6
zu,6
rop,6
help,6
brook,6
moi,6
poor,6
gue,6
frog,6
cud,6
yield,6
vault,6
stealth,6
hou,6
mole,6
lime,6
guess,6
fro,6
crust,6
guid,6
rash,6
moo,6
bolt,6
rich,6
mood,6
guilt,6
bend,6
ral,6
rak,6
lust,6
pou,6
frisk,6
wry,6
bulb,6
smok,6
smol,6
berg,6
ug,6
moss,6
stur,6
type,6
skit,6
bless,6
burn,6
lick,6
lic,6
worm,6
twist,6
eph,6
sua,6
twig,6
mous,6
eng,6
gyr,6
twelve,6
bound,6
crip,6
suit,6
eld,6
skil,6
musk,6
sump,6
mark,6
snip,6
bish,6
nail,6
fluc,6
cash,6
sut,6
scape,6
sketch,6
edge,6
snuff,6
stack,6
hock,6
find,6
stab,6
cren,6
wretch,6
nap,6
leap,6
sock,6
crea,6
swart,6
swash,6
nav,6
soft,6
biv,6
quest,6
hoar,6
bif,6
naz,6
yar,6
laz,6
phoe,6
hare,6
did,6
youth,6
weed,6
sweat,6
cras,6
laun,6
firm,6
phle,6
whisk,6
swell,6
soot,6
trench,6
aw,6
wreck,6
sore,6
apt,6
phen,6
swift,6
tread,6
trawl,6
charm,6
loy,6
rul,6
nes,6
lard,6
prev,6
flush,6
quas,6
coy,6
mean,6
nev,6
jig,6
gav,6
count,6
dung,6
couch,6
toss,6
lance,6
gna,6
chel,6
lamp,6
torch,6
dump,6
nit,6
tack,6
hawk,6
print,6
botch,6
cool,6
noon,6
tai,6
fraud,6
chiv,6
mawk,6
haz,6
tis,6
spare,6
blame,6
spark,6
tale,6
comb,6
dob,6
glut,6
tight,6
yu,6
chor,6
peas,6
fog,6
spas,6
rust,6
wolf,6
noy,6
know,6
drow,6
yard,6
peace,6
tic,6
tib,6
thym,6
knit,6
chu,6
teach,6
nurs,6
knick,6
bam,6
grass,6
droll,6
nymph,6
oak,6
tear,6
oar,6
drink,6
patch,6
och,6
share,6
foun,6
lug,6
she,6
herd,6
sai,6
glis,6
clap,6
tell,6
kind,6
lyr,6
thin,6
tempt,6
fork,6
saf,6
blus,6
glow,6
dos,6
clois,6
tend,6
spike,6
heir,6
spleen,6
clem,6
clerk,6
blast,6
drab,6
splanch,6
glot,6
blat,6
doz,6
thank,6
pale,6
strid,6
aug,5
gloom,5
helm,5
pain,5
glom,5
pail,5
than,5
keep,5
pai,5
spine,5
pag,5
palm,5
term,5
clev,5
pso,5
splay,5
tep,5
ow,5
parch,5
force,5
wiz,5
ket,5
safe,5
thes,5
grape,5
dop,5
clay,5
scrimp,5
ry,5
clau,5
thirst,5
sith,5
ost,5
maud,5
woe,5
clothes,5
clown,5
spoil,5
clum,5
thrash,5
claim,5
foul,5
sphac,5
threat,5
glid,5
aun,5
flax,5
old,5
og,5
drib,5
thrift,5
bick,5
scop,5
odd,5
teem,5
drill,5
jut,5
knav,5
folk,5
pum,5
mak,5
grasp,5
driv,5
pawn,5
dro,5
fold,5
coast,5
ny,5
foist,5
churl,5
dron,5
heath,5
proud,5
shame,5
wreak,5
thumb,5
heat,5
pax,5
jump,5
speak,5
thwart,5
hear,5
purs,5
spout,5
taunt,5
make,5
spath,5
prompt,5
wrath,5
tide,5
tast,5
tie,5
tart,5
chow,5
drug,5
now,5
cold,5
tame,5
spright,5
till,5
diz,5
shag,5
luck,5
kra,5
noth,5
tink,5
barge,5
gral,5
come,5
balk,5
comp,5
pyx,5
rup,5
him,5
jolt,5
spade,5
quack,5
peo,5
beef,5
blub,5
chill,5
toil,5
noi,5
weight,5
say,5
coop,5
nin,5
chess,5
blad,5
sylph,5
sov,5
bez,5
shit,5
pew,5
grain,5
job,5
lung,5
coup,5
tough,5
lank,5
dup,5
cheap,5
meal,5
nib,5
mash,5
trag,5
bale,5
switch,5
rin,5
spy,5
squab,5
wise,5
rug,5
dye,5
craft,5
beer,5
jest,5
crag,5
treas,5
treat,5
crank,5
pren,5
tree,5
weep,5
prem,5
hart,5
chalk,5
latch,5
late,5
scale,5
squar,5
lath,5
roll,5
jeop,5
wran,5
chaff,5
meat,5
wire,5
preg,5
beard,5
near,5
jel,5
triph,5
cem,5
celt,5
poach,5
eat,5
prec,5
boul,5
jeal,5
dib,5
soil,5
phor,5
phra,5
sof,5
lea,5
cream,5
phthis,5
lean,5
squire,5
skep,5
learn,5
trow,5
jaw,5
cast,5
soak,5
crem,5
name,5
snug,5
swain,5
jaun,5
crest,5
swad,5
marl,5
surf,5
truck,5
great,5
whet,5
ski,5
lech,5
bes,5
trunk,5
zeu,5
lee,5
truth,5
try,5
quir,5
card,5
cant,5
muz,5
hold,5
shor,5
camp,5
anx,5
fim,5
tuft,5
calm,5
ek,5
sei,5
sulk,5
wher,5
tung,5
lend,5
blend,5
turk,5
quod,5
pied,5
had,5
twad,5
gild,5
sneak,5
skip,5
mow,5
crisp,5
stall,5
mouth,5
twi,5
world,5
pier,5
hoo,5
mouse,5
wring,5
mourn,5
bash,5
butch,5
wear,5
frin,5
stanch,5
march,5
twit,5
whale,5
pike,5
flour,5
smug,5
mou,5
gust,5
lie,5
gus,5
pill,5
buoy,5
when,5
flos,5
crotch,5
bulk,5
lieu,5
croup,5
stun,5
stump,5
smoke,5
gog,5
awn,5
dek,5
stuff,5
mah,5
smit,5
more,5
rake,5
gout,5
gag,5
zi,5
ramp,5
smil,5
scen,5
lut,5
gull,5
fight,5
use,5
who,5
ush,5
smelt,5
bub,5
states,5
gall,5
friz,5
wealth,5
vain,5
raph,5
crum,5
rare,5
rar,5
host,5
struc,5
smart,5
guide,5
ix,5
rasp,5
deg,5
wife,5
cte,5
rath,5
mec,5
fif,5
molt,5
pork,5
strong,5
add,5
shred,5
fiend,5
fall,5
vaunt,5
place,5
moist,5
guer,5
rous,5
strob,5
frol,5
sear,5
flock,5
rope,5
slub,5
strip,5
brom,5
ip,5
roun,5
slov,5
vent,5
plash,5
mne,5
miz,5
whap,5
inch,5
debt,5
vest,5
vict,5
stric,5
gourd,5
fast,5
shrink,5
shriv,5
fib,5
grum,5
gru,5
ghast,5
bright,5
what,5
brief,5
bau,5
grub,5
rei,5
vint,5
poll,5
grid,5
grout,5
blithe,5
yoke,5
straw,5
brev,5
cyst,5
shroud,5
deaf,5
strain,5
frow,5
dea,5
mic,5
rhiz,5
strag,5
mich,5
stow,5
dag,5
gross,5
voy,5
fee,5
rent,5
daw,5
shrub,5
loft,5
dain,5
lone,5
mete,5
store,5
wheat,5
look,5
baf,5
stilt,5
wait,5
hunt,5
ston,5
plumb,5
wak,5
stint,5
rheu,5
bowl,5
slave,5
loph,5
slaugh,5
schol,5
want,5
daub,5
warn,5
plump,5
plun,5
poe,5
slap,5
rham,5
daph,5
hump,5
wat,5
mei,5
bronz,5
rout,4
slan,4
gril,4
grit,4
griz,4
grom,4
sleek,4
sleeve,4
fern,4
feel,4
sleight,4
rend,4
fest,4
feb,4
feat,4
sli,4
grov,4
grow,4
fath,4
rhon,4
rhym,4
reef,4
grunt,4
bate,4
guar,4
reach,4
ray,4
false,4
fald,4
sly,4
fail,4
rank,4
smick,4
rais,4
wrist,4
gush,4
smoth,4
skir,4
skirl,4
elv,4
else,4
elk,4
quiz,4
sneer,4
sneeze,4
greek,4
filth,4
greed,4
quix,4
hail,4
snig,4
barn,4
skid,4
quill,4
snot,4
ye,4
quib,4
sob,4
eaves,4
greas,4
solv,4
eas,4
quench,4
ease,4
earl,4
first,4
queer,4
sot,4
quat,4
dwarf,4
haugh,4
haul,4
haus,4
haut,4
haw,4
duke,4
quag,4
year,4
due,4
wreath,4
yearn,4
push,4
punch,4
risk,4
drive,4
drip,4
spend,4
dri,4
pulp,4
dreg,4
spew,4
pull,4
draught,4
flan,4
heed,4
spice,4
flap,4
grant,4
dox,4
bane,4
splash,4
splin,4
yeo,4
pry,4
doom,4
roar,4
prud,4
flaw,4
doo,4
balm,4
hey,4
dock,4
roc,4
sprin,4
dirt,4
dir,4
prig,4
beech,4
graft,4
roe,4
dire,4
graf,4
wrap,4
roist,4
squash,4
squat,4
squaw,4
romp,4
hith,4
die,4
dick,4
preb,4
squin,4
squint,4
pray,4
stain,4
stair,4
stale,4
stalk,4
pout,4
hope,4
dei,4
stau,4
stee,4
deep,4
hous,4
shy,4
steen,4
deed,4
pome,4
gour,4
deal,4
flick,4
steth,4
stic,4
hud,4
stoi,4
flim,4
goth,4
stol,4
hurt,4
dad,4
stout,4
bip,4
plex,4
strait,4
stram,4
pledg,4
cyc,4
ill,4
imp,4
curt,4
yon,4
curs,4
inn,4
curd,4
planch,4
cunc,4
ire,4
flood,4
aye,4
cui,4
gom,4
feod,4
strom,4
gol,4
cub,4
itch,4
rov,4
iz,4
strych,4
stuc,4
crou,4
stum,4
bir,4
cros,4
crop,4
stut,4
pile,4
shot,4
croft,4
croc,4
jap,4
shore,4
crimp,4
pid,4
shoot,4
beck,4
surd,4
crew,4
crev,4
bdel,4
crep,4
swarth,4
gnath,4
jen,4
jerk,4
swing,4
crac,4
crack,4
coz,4
flus,4
shoal,4
phas,4
phag,4
syb,4
jock,4
awe,4
wont,4
jog,4
taf,4
glyph,4
pelt,4
blade,4
foam,4
pei,4
taint,4
compt,4
shim,4
talk,4
tall,4
tank,4
peb,4
shield,4
peak,4
jum,4
task,4
foil,4
peach,4
tav,4
coat,4
shew,4
team,4
cni,4
paw,4
clyp,4
fond,4
kam,4
kan,4
glum,4
kant,4
kat,4
kay,4
food,4
clog,4
clock,4
cloak,4
test,4
keen,4
teu,4
pair,4
fop,4
pains,4
climb,4
thane,4
click,4
pab,4
auc,4
own,4
thence,4
kev,4
cleav,4
kib,4
kie,4
think,4
kill,4
thir,4
class,4
kim,4
sage,4
thom,4
thou,4
kins,4
kip,4
kir,4
clair,4
oo,4
kitch,4
three,4
zam,4
glib,4
zan,4
thresh,4
glee,4
asp,4
oes,4
knack,4
gle,4
thriv,4
wive,4
zar,4
shape,4
throw,4
glaz,4
yak,4
knead,4
shan,4
chuff,4
nurse,4
numb,4
chub,4
chry,4
thys,4
glar,4
bleach,4
shake,4
chou,4
tile,4
frail,4
fram,4
koo,4
nou,4
shaft,4
choke,4
choice,4
notch,4
kre,4
tire,4
tir,4
shack,4
witch,4
glair,4
toast,4
chirp,4
tod,4
kyr,4
chim,4
save,4
toi,4
nog,4
chic,4
nob,4
cheese,4
cheat,4
lang,4
zem,4
trades,4
traf,4
neth,4
chart,4
trash,4
treach,4
gip,4
chance,4
scald,4
freight,4
beat,4
tren,4
trep,4
chain,4
fren,4
cess,4
sens,4
french,4
gilt,4
wir,4
trist,4
blear,4
leak,4
cay,4
troth,4
trout,4
nam,4
nag,4
tryp,4
tube,4
tuck,4
tug,4
calk,4
murk,4
cai,4
tut,4
less,4
scarce,4
much,4
zig,4
gil,4
cach,4
blen,4
buzz,4
burst,4
two,4
bunch,4
bump,4
scath,4
morn,4
unc,4
seel,4
scav,4
sce,4
buff,4
see,4
budg,4
moot,4
scene,4
ux,4
sect,4
scent,4
lift,4
lik,4
valv,4
vam,4
gid,4
vast,4
mois,4
vec,4
link,4
broom,4
broid,4
alm,4
lithe,4
miss,4
mish,4
vine,4
mint,4
xer,4
loan,4
ak,4
bloat,4
mile,4
scythe,4
mild,4
bren,4
scher,4
lode,4
geor,4
breed,4
loi,4
scutch,4
breadth,4
lol,4
lom,4
brawn,4
scup,4
brawl,4
brat,4
loo,4
scul,4
schi,4
loos,4
mere,4
geld,4
loose,4
walk,4
wam,4
fub,4
bram,4
mend,4
fud,4
wang,4
melt,4
bract,4
warp,4
was,4
yacht,4
lou,4
gaz,4
loud,4
wave,4
gaze,4
meek,4
wean,4
weap,4
lox,4
mead,4
scir,4
boss,4
maund,4
fuss,4
wen,4
lull,4
gaunt,4
wer,4
wet,4
beak,4
marsh,4
wharf,4
boll,4
scoff,4
bold,4
bois,4
scold,4
lymph,4
bock,4
act,4
gath,4
board,4
gast,4
whence,4
whey,4
whif,4
blunt,4
bluff,4
blu,4
scorn,4
mail,4
blot,4
scour,4
whole,4
blos,4
maf,4
steal,4
oath,3
hut,3
gang,3
gant,3
whor,3
gait,3
scoun,3
whoop,3
gap,3
scotch,3
scram,3
gape,3
mab,3
whith,3
maim,3
whir,3
mais,3
maj,3
gail,3
boar,3
whew,3
bode,3
mane,3
lyd,3
gai,3
lych,3
scream,3
whang,3
map,3
screech,3
bomb,3
whack,3
screw,3
lurch,3
gauf,3
boodh,3
lur,3
mask,3
lun,3
sclav,3
gaul,3
scrim,3
were,3
bore,3
bosh,3
wend,3
furze,3
funk,3
wench,3
scil,3
bosk,3
welt,3
scrof,3
lud,3
welsh,3
luc,3
weld,3
geck,3
schorl,3
welch,3
xi,3
zos,3
lub,3
loz,3
weet,3
bought,3
week,3
boule,3
wedge,3
frump,3
weav,3
scurf,3
weald,3
scut,3
lous,3
schil,3
frown,3
yaf,3
scyl,3
germ,3
meed,3
schem,3
meer,3
bourn,3
wav,3
seal,3
brab,3
watt,3
frond,3
lot,3
loss,3
braise,3
seat,3
wald,3
brand,3
wake,3
friv,3
brank,3
brass,3
brave,3
aim,3
brav,3
waft,3
bray,3
seep,3
loll,3
mex,3
frip,3
lodg,3
breeze,3
vot,3
lodge,3
scare,3
loch,3
volt,3
sein,3
frib,3
seiz,3
seld,3
aj,3
lobe,3
brest,3
semp,3
voice,3
milt,3
sense,3
brib,3
ging,3
vix,3
serf,3
brid,3
lla,3
scaf,3
freez,3
blis,3
mirk,3
mirth,3
brisk,3
frec,3
vid,3
freak,3
mith,3
gird,3
girl,3
vetch,3
saun,3
gis,3
git,3
giv,3
bliss,3
brock,3
fraught,3
frat,3
sauce,3
frap,3
verse,3
shade,3
zink,3
vers,3
lisp,3
sash,3
moc,3
broil,3
foy,3
lir,3
blink,3
moe,3
yah,3
shank,3
veil,3
veer,3
wier,3
glean,3
limb,3
month,3
shard,3
brute,3
vague,3
same,3
shark,3
urn,3
blight,3
lif,3
build,3
salm,3
ud,3
sale,3
most,3
burg,3
glen,3
gli,3
lid,3
burr,3
lich,3
shaw,3
alt,3
glim,3
butt,3
bux,3
buz,3
twen,3
move,3
ford,3
leth,3
glit,3
tusk,3
shed,3
sheel,3
globe,3
lent,3
bec,3
sheer,3
mump,3
sheet,3
caj,3
tune,3
call,3
sheld,3
wim,3
came,3
shem,3
muse,3
shend,3
mush,3
ruth,3
foin,3
mute,3
blem,3
myc,3
myd,3
myn,3
caout,3
shirk,3
tryst,3
myt,3
ledg,3
carp,3
shirt,3
true,3
shiv,3
rump,3
truce,3
bleed,3
wink,3
shock,3
lease,3
shod,3
gnat,3
cawk,3
leas,3
trot,3
troph,3
natch,3
gneis,3
gnom,3
nath,3
naugh,3
flun,3
gnos,3
tromp,3
trol,3
flue,3
nay,3
flout,3
flot,3
troll,3
trog,3
bleat,3
tripe,3
cent,3
cere,3
goi,3
flop,3
trid,3
cet,3
shrew,3
needs,3
flook,3
chafe,3
chair,3
tress,3
flog,3
trek,3
treg,3
champ,3
goos,3
lass,3
trau,3
lash,3
flirt,3
nerve,3
lark,3
fling,3
large,3
tral,3
flinch,3
chaste,3
trail,3
trade,3
chauf,3
chaunt,3
shunt,3
towns,3
nice,3
nigh,3
lame,3
roost,3
flem,3
gow,3
gowd,3
wist,3
chest,3
rook,3
lak,3
grab,3
lake,3
grace,3
chew,3
too,3
sigh,3
tomb,3
noise,3
nois,3
rol,3
lace,3
chid,3
rok,3
flee,3
tog,3
kym,3
toc,3
chis,3
rogu,3
tiv,3
chok,3
wy,3
flec,3
tilt,3
noun,3
wur,3
fleck,3
knowl,3
nub,3
knop,3
flea,3
chuc,3
sink,3
thump,3
roast,3
nup,3
thug,3
thrust,3
thrush,3
kneel,3
thrum,3
rix,3
through,3
ask,3
flame,3
siv,3
oat,3
throm,3
chyl,3
chym,3
knar,3
knag,3
ripe,3
thrill,3
oft,3
klip,3
rink,3
cist,3
five,3
fitch,3
cith,3
rind,3
fist,3
thren,3
kiss,3
finn,3
kirk,3
skew,3
ope,3
asth,3
thra,3
thought,3
kink,3
ore,3
clasp,3
film,3
fill,3
greet,3
greg,3
ridg,3
thith,3
gren,3
kilt,3
filch,3
this,3
clat,3
oua,3
third,3
claw,3
kha,3
clep,3
fidg,3
oys,3
rhy,3
thatch,3
wo,3
rhyme,3
thanks,3
cling,3
clink,3
grey,3
few,3
kel,3
kelp,3
tew,3
skulk,3
grief,3
skull,3
clip,3
kee,3
kec,3
pang,3
keck,3
pant,3
rhet,3
teph,3
tenth,3
park,3
temp,3
clos,3
cloth,3
slang,3
pars,3
slant,3
rhae,3
cloy,3
kaf,3
slash,3
fence,3
passe,3
felt,3
teen,3
sla,3
clump,3
clu,3
paul,3
jux,3
rew,3
sle,3
just,3
clus,3
teat,3
clys,3
june,3
blank,3
feign,3
sleet,3
coarse,3
coax,3
bland,3
req,3
payn,3
coen,3
feed,3
feck,3
grot,3
taste,3
feast,3
coif,3
slide,3
coin,3
group,3
coke,3
blanch,3
fay,3
rein,3
growl,3
tape,3
coll,3
reichs,3
fawn,3
slit,3
colo,3
peck,3
tang,3
grudg,3
peel,3
slob,3
grun,3
blanc,3
peep,3
tamp,3
slog,3
tak,3
jos,3
yp,3
slope,3
pell,3
tagl,3
slot,3
tact,3
sloth,3
slouch,3
slough,3
pent,3
coon,3
coot,3
perch,3
cope,3
pert,3
belt,3
symp,3
pest,3
corse,3
cosh,3
jib,3
woold,3
swinge,3
crafts,3
rave,3
slut,3
swill,3
phel,3
cramp,3
rau,3
swel,3
faith,3
swe,3
rate,3
ratch,3
jem,3
swear,3
phlor,3
craw,3
jef,3
crawl,3
smat,3
smear,3
guild,3
sway,3
jeer,3
cray,3
guile,3
fag,3
creas,3
jay,3
sward,3
creek,3
smell,3
awk,3
surge,3
crick,3
crime,3
styp,3
jak,3
jad,3
stunt,3
pimp,3
crud,3
ew,3
crude,3
strut,3
crump,3
smirk,3
eux,3
strum,3
etch,3
rai,3
pir,3
crush,3
cten,3
plague,3
plaid,3
plaint,3
cull,3
raft,3
ere,3
striv,3
plait,3
curb,3
strin,3
plank,3
strik,3
strig,3
snag,3
strict,3
strick,3
snar,3
curst,3
ent,3
strew,3
snarl,3
snatch,3
stretch,3
street,3
worth,3
wrig,3
elm,3
hac,3
cyl,3
pledge,3
stre,3
plei,3
strange,3
berth,3
quiv,3
cyr,3
czar,3
cza,3
strad,3
stove,3
husk,3
hush,3
snipe,3
quirk,3
plo,3
sniv,3
hall,3
plod,3
halt,3
plot,3
stoop,3
plug,3
quilt,3
damn,3
ee,3
badg,3
dane,3
plume,3
hunch,3
edg,3
barm,3
stoke,3
hul,3
wres,3
hull,3
dart,3
hug,3
soke,3
beth,3
dat,3
stin,3
soon,3
poign,3
harm,3
earn,3
poin,3
dau,3
harsh,3
daugh,3
daunt,3
poke,3
daz,3
wot,3
quea,3
hub,3
dean,3
hoy,3
pomp,3
howl,3
bai,3
pond,3
would,3
dwell,3
deck,3
poo,3
soul,3
dure,3
pool,3
haunt,3
hour,3
hound,3
pope,3
yid,3
stayed,3
deft,3
yez,3
hors,3
stark,3
dumb,3
hoop,3
quaint,3
dense,3
dent,3
dug,3
hoof,3
duf,3
space,3
spad,3
spae,3
dud,3
depth,3
stamp,3
dern,3
dub,3
stake,3
spank,3
poy,3
bake,3
yeast,3
hoist,3
sparse,3
drudg,3
hoi,3
drown,3
staid,3
heap,3
prais,3
drought,3
staff,3
hoe,3
pran,3
prank,3
hoarse,3
hearse,3
hoard,3
pure,3
hit,3
dross,3
dros,3
squeak,3
droop,3
square,3
punk,3
squan,3
prep,3
drom,3
squall,3
hiss,3
spel,3
spen,3
sperm,3
pulse,3
drench,3
squal,3
sphag,3
dray,3
heck,3
squad,3
ding,3
draughts,3
sput,3
prey,3
pric,3
wraw,3
price,3
hire,3
draff,3
pride,3
spum,3
height,3
spig,3
prime,3
disc,3
dith,3
spil,3
spill,3
bang,3
priz,3
pty,3
sprig,3
spread,3
spray,3
hick,3
ball,3
doge,3
prone,3
prong,3
hemp,3
doub,3
dole,3
hew,3
yer,3
dorr,3
spous,3
hence,3
prowl,3
split,3
prus,3
spod,3
psalm,3
pryt,3
xyst,2
dooms,2
splotch,2
prun,2
spoils,2
spoke,2
sponge,2
domes,2
hern,2
dome,2
hench,2
prow,2
spool,2
dolt,2
doll,2
sports,2
heu,2
yelp,2
dote,2
prose,2
psit,2
spouse,2
splat,2
sprad,2
proof,2
doit,2
spite,2
spitch,2
promp,2
spis,2
doff,2
proll,2
doeg,2
douce,2
pti,2
doe,2
hide,2
dout,2
ptol,2
hig,2
dodg,2
doch,2
pto,2
sprint,2
hight,2
sprit,2
prize,2
doy,2
sprite,2
dive,2
pritch,2
hilt,2
hek,2
ditch,2
disk,2
prink,2
sprunt,2
drach,2
bier,2
drad,2
dirk,2
spul,2
hinge,2
hint,2
spume,2
pue,2
dirge,2
hipe,2
spunk,2
prie,2
prid,2
heg,2
spurge,2
heft,2
spick,2
drake,2
spurn,2
puis,2
dras,2
puk,2
drawl,2
prest,2
drein,2
speke,2
driz,2
drone,2
dight,2
pung,2
punt,2
prej,2
prehn,2
speck,2
squeal,2
hearth,2
hitch,2
squeam,2
hive,2
yest,2
squea,2
squeez,2
dice,2
squi,2
squil,2
spay,2
squill,2
prayer,2
deut,2
prax,2
purl,2
hoax,2
squirt,2
prate,2
wrack,2
hoc,2
heark,2
spawn,2
stac,2
dette,2
purse,2
stadt,2
spawl,2
spav,2
prai,2
desk,2
stahl,2
drouth,2
drub,2
pye,2
pyg,2
wox,2
staith,2
drup,2
haze,2
hone,2
duch,2
derm,2
pov,2
dere,2
duct,2
spake,2
quaff,2
bij,2
dulce,2
quail,2
have,2
demp,2
bile,2
yew,2
hore,2
delft,2
quake,2
starve,2
dej,2
sowl,2
deign,2
poth,2
potch,2
bait,2
sout,2
deic,2
stave,2
staves,2
porte,2
qualm,2
quam,2
pore,2
bim,2
sous,2
dunce,2
stean,2
steed,2
dunt,2
poop,2
yean,2
soup,2
deem,2
dutch,2
steers,2
pont,2
quash,2
dwin,2
hate,2
quave,2
quay,2
bey,2
stench,2
stent,2
dysp,2
hua,2
steph,2
queach,2
sos,2
hash,2
each,2
sorn,2
dav,2
huc,2
sorb,2
ean,2
queint,2
poind,2
quell,2
queme,2
somp,2
hue,2
pog,2
date,2
hark,2
sog,2
stith,2
poc,2
dase,2
hulch,2
wrest,2
baff,2
hulk,2
soar,2
darn,2
sny,2
stoc,2
ply,2
plush,2
dare,2
snuf,2
hance,2
dansk,2
dank,2
snout,2
snort,2
snor,2
hame,2
eft,2
hunk,2
stool,2
dame,2
ploy,2
quince,2
hunts,2
stoor,2
stope,2
snood,2
dah,2
daft,2
hals,2
eh,2
snift,2
sniff,2
splut,2
hutch,2
plight,2
badge,2
plic,2
eighth,2
hyb,2
hymn,2
snick,2
czech,2
eke,2
haft,2
haf,2
hyr,2
ples,2
sned,2
cyph,2
strath,2
hadj,2
stray,2
sneck,2
quoif,2
streak,2
ell,2
cyg,2
pleb,2
babe,2
yawn,2
yold,2
gyre,2
please,2
streight,2
cute,2
cutch,2
baa,2
stren,2
stress,2
wright,2
quot,2
platt,2
plate,2
quoth,2
snak,2
snail,2
strife,2
snack,2
cure,2
race,2
guz,2
wrin,2
smutch,2
birch,2
smut,2
raff,2
erg,2
irk,2
smoul,2
irp,2
worst,2
rage,2
york,2
ern,2
ish,2
plack,2
strok,2
cudg,2
ay,2
piz,2
pix,2
piv,2
stroll,2
wors,2
raid,2
isth,2
stroph,2
piss,2
stroud,2
crypt,2
struck,2
erst,2
esch,2
strug,2
you,2
smock,2
crup,2
pinx,2
gump,2
crumb,2
raj,2
ping,2
eves,2
jacque,2
bent,2
crowd,2
smile,2
bass,2
gult,2
birk,2
jade,2
styg,2
crois,2
styl,2
pilch,2
jah,2
jail,2
styph,2
jain,2
smi,2
jal,2
bench,2
croak,2
pif,2
crith,2
pierce,2
suav,2
such,2
sud,2
cringe,2
smerk,2
gulf,2
sunk,2
ranch,2
swab,2
jasp,2
youngth,2
cress,2
jav,2
awl,2
jave,2
your,2
swamp,2
rand,2
face,2
phthon,2
creed,2
phthi,2
range,2
phryg,2
smeg,2
swarm,2
fade,2
swat,2
phrase,2
phras,2
phrag,2
creak,2
swath,2
rape,2
phon,2
fahl,2
fah,2
smash,2
sma,2
smar,2
smalt,2
fai,2
crav,2
yau,2
smack,2
crass,2
phleb,2
crash,2
crape,2
rats,2
yow,2
guf,2
crake,2
guest,2
slutch,2
slush,2
slump,2
pheas,2
swink,2
blab,2
phase,2
cowl,2
fals,2
swob,2
guelph,2
cours,2
swoon,2
swoop,2
swords,2
phac,2
woof,2
jim,2
coul,2
cough,2
woods,2
sluice,2
peu,2
cors,2
yaup,2
fame,2
wong,2
slud,2
coque,2
realm,2
copse,2
cops,2
perk,2
ream,2
guards,2
perce,2
womb,2
reap,2
fang,2
farce,2
jok,2
reb,2
coomb,2
gryph,2
jon,2
cone,2
pem,2
cond,2
fare,2
pelf,2
rede,2
pek,2
ree,2
jot,2
tain,2
joule,2
sloom,2
blam,2
joust,2
slock,2
reek,2
jowl,2
reel,2
fate,2
peek,2
jub,2
faul,2
colt,2
grudge,2
fav,2
growth,2
peat,2
reign,2
slink,2
judge,2
sling,2
judg,2
pear,2
slik,2
juice,2
jui,2
coigne,2
aunt,2
belch,2
sleuth,2
sleigh,2
coel,2
cocks,2
bav,2
feet,2
feh,2
groov,2
retch,2
junc,2
reth,2
groom,2
jur,2
sled,2
slea,2
paus,2
feld,2
ted,2
paunch,2
groan,2
yuck,2
slay,2
slaw,2
grist,2
teel,2
gripe,2
paste,2
past,2
grint,2
cluck,2
slape,2
rhad,2
kak,2
teeth,2
aum,2
clout,2
fend,2
tein,2
slam,2
slake,2
feo,2
grill,2
cloot,2
pare,2
kath,2
wode,2
slag,2
auk,2
grif,2
terce,2
feoff,2
rheum,2
grieve,2
fess,2
pane,2
panch,2
ked,2
yule,2
terp,2
pals,2
yarn,2
palp,2
terre,2
woad,2
tetch,2
pall,2
cliv,2
rhine,2
rhod,2
fetch,2
feud,2
rhu,2
text,2
grew,2
clinch,2
tham,2
rhus,2
kelt,2
pah,2
clift,2
page,2
kem,2
cliff,2
beet,2
fich,2
clew,2
thaw,2
theft,2
thegn,2
kerb,2
aught,2
rhythm,2
oy,2
gret,2
kern,2
kes,2
them,2
cleft,2
then,2
cle,2
ketch,2
ov,2
cleave,2
thew,2
cleans,2
oust,2
bawl,2
khan,2
our,2
thid,2
thief,2
ound,2
thiev,2
skop,2
thig,2
ought,2
ough,2
thill,2
claus,2
gres,2
rice,2
thirl,2
fifth,2
skirt,2
kiln,2
skink,2
file,2
rif,2
clash,2
clart,2
kine,2
ork,2
clank,2
orf,2
skill,2
ord,2
rift,2
bees,2
orb,2
zaim,2
finch,2
rigs,2
gree,2
thrack,2
rill,2
clamp,2
skeg,2
kist,2
thrall,2
clad,2
clack,2
ciz,2
kite,2
kith,2
skeel,2
graz,2
klep,2
ass,2
skat,2
klick,2
oint,2
oi,2
fiz,2
thret,2
ohm,2
knab,2
blath,2
skald,2
thrice,2
cip,2
cinque,2
flac,2
oen,2
flack,2
cinc,2
blaz,2
ode,2
grate,2
flail,2
skad,2
flak,2
zap,2
throne,2
scowl,2
sixth,2
knave,2
sithe,2
oars,2
throng,2
throp,2
thros,2
oaf,2
knaw,2
nys,2
throt,2
flank,2
churr,2
churn,2
thru,2
flar,2
flask,2
flaunt,2
roam,2
chunk,2
yare,2
knife,2
nur,2
flau,2
thum,2
sio,2
thurgh,2
thurl,2
flay,2
chthon,2
thus,2
nui,2
blea,2
knoll,2
roche,2
thyr,2
fleak,2
tice,2
chres,2
fleam,2
chre,2
knuc,2
knur,2
knurl,2
tier,2
kon,2
tiff,2
tif,2
nous,2
tig,2
silt,2
graff,2
koord,2
kop,2
rog,2
kou,2
tinc,2
tine,2
choc,2
chock,2
wite,2
tint,2
tired,2
kro,2
chlam,2
rogue,2
norse,2
grade,2
kum,2
roil,2
kurd,2
kus,2
chir,2
chink,2
kyd,2
roin,2
chinch,2
kythe,2
none,2
toft,2
fledge,2
nome,2
chime,2
chif,2
roke,2
fleece,2
nol,2
sik,2
rome,2
fle,2
tome,2
tone,2
lade,2
chide,2
tong,2
chich,2
laid,2
lain,2
sift,2
grac,2
laird,2
tool,2
arse,2
nix,2
rood,2
sif,2
cheve,2
nis,2
toon,2
toot,2
ninth,2
fleer,2
toph,2
roomth,2
chert,2
siege,2
cheq,2
nil,2
chek,2
fletch,2
ark,2
chees,2
cheek,2
zed,2
nidg,2
lands,2
tos,2
tourn,2
touse,2
tous,2
bede,2
tout,2
chaw,2
flib,2
shun,2
laps,2
laq,2
nex,2
wisp,2
trace,2
gouge,2
fli,2
larch,2
shud,2
chau,2
shuck,2
nest,2
ness,2
flin,2
got,2
tramp,2
gore,2
shrove,2
trant,2
chape,2
shroff,2
rouge,2
traunt,2
tray,2
flite,2
treb,2
shrimp,2
shrill,2
goo,2
trel,2
trend,2
lathe,2
gone,2
neif,2
shriev,2
tret,2
shriek,2
chab,2
launce,2
bleak,2
cey,2
roust,2
shrap,2
tric,2
ned,2
lave,2
golf,2
zeph,2
shrag,2
trij,2
shove,2
shout,2
lawn,2
gode,2
trod,2
ceil,2
shoul,2
ced,2
floss,2
goar,2
leach,2
fluff,2
trom,2
fluke,2
tron,2
ruc,2
naught,2
trone,2
flur,2
gnaw,2
bleb,2
leam,2
cease,2
rue,2
ruff,2
cax,2
shog,2
nard,2
shode,2
gnash,2
rule,2
least,2
shoad,2
troy,2
trub,2
gnarl,2
truc,2
leave,2
trudge,2
ape,2
flute,2
truf,2
carv,2
nad,2
wyn,2
led,2
ledge,2
rung,2
cark,2
truss,2
runt,2
trus,2
foal,2
cape,2
leech,2
foc,2
shil,2
leer,2
leet,2
fod,2
shiel,2
zeug,2
glump,2
mux,2
cane,2
foi,2
mutch,2
left,2
muss,2
blench,2
font,2
glue,2
shelv,2
shelf,2
lege,2
murre,2
foo,2
tul,2
tump,2
yan,2
calf,2
mung,2
tup,2
munch,2
bech,2
cairn,2
beach,2
mumm,2
cage,2
sheen,2
mull,2
mule,2
leop,2
and,2
ler,2
zie,2
gloam,2
cag,2
muff,2
cadg,2
cack,2
twan,2
cache,2
twat,2
tway,2
tweag,2
letch,2
saeng,2
twee,2
mox,2
leve,2
zil,2
twelfth,2
beaux,2
forge,2
lew,2
twey,2
mousse,2
fosse,2
twight,2
lewd,2
buy,2
sheal,2
sheaf,2
ley,2
fought,2
wile,2
moult,2
busi,2
sain,2
twitch,2
shav,2
shave,2
burl,2
sak,2
typh,2
lief,2
bunt,2
shat,2
bung,2
liege,2
sales,2
gleet,2
wik,2
shas,2
buhl,2
blet,2
wight,2
fount,2
mope,2
budge,2
glebe,2
moose,2
wi,2
shar,2
vail,2
vai,2
vair,2
vaish,2
yam,2
shap,2
mont,2
brus,2
valve,2
brusque,2
vamp,2
brun,2
zinck,2
mom,2
sane,2
vant,2
bruise,2
brows,2
browse,2
vau,2
vaut,2
vav,2
sank,2
gleam,2
linch,2
line,2
ling,2
vehm,2
brot,2
mog,2
lint,2
fourth,2
glav,2
brood,2
bronze,2
fowl,2
sark,2
sarse,2
frab,2
verge,2
frame,2
gland,2
moan,2
shaf,2
sate,2
brog,2
sauf,2
broc,2
frax,2
brob,2
girt,2
fray,2
broach,2
freck,2
fred,2
bring,2
wic,2
misch,2
vim,2
freed,2
seth,2
sess,2
brides,2
scagl,2
wich,2
frei,2
bric,2
loaf,2
loam,2
vive,2
bribe,2
seq,2
sept,2
voc,2
scalp,2
send,2
voi,2
whur,2
scamp,2
brent,2
fres,2
sell,2
volks,2
mign,2
fries,2
seid,2
voo,2
lod,2
breg,2
scarf,2
breez,2
gill,2
fringe,2
seeth,2
aitch,2
brede,2
brec,2
blob,2
wab,2
lok,2
scatch,2
gift,2
mewl,2
breach,2
braz,2
gif,2
whose,2
scaup,2
gie,2
seek,2
mest,2
mess,2
scel,2
fris,2
mesh,2
ail,2
wai,2
loom,2
loon,2
brash,2
frith,2
waiv,2
seck,2
loot,2
frock,2
meph,2
froe,2
lope,2
waltz,2
wand,2
brake,2
zone,2
sean,2
braid,2
wark,2
warmth,2
brace,2
ghoul,2
from,2
wasp,2
gha,2
scheel,2
gey,2
loup,2
frou,2
scheme,2
bourd,2
frounce,2
louse,2
gent,2
ah,2
lout,2
weal,2
schism,2
schist,2
scull,2
gems,2
fry,2
weel,2
scuf,2
scud,2
gei,2
age,2
weft,2
wehr,2
meak,2
bouche,2
weird,2
fuch,2
fuff,2
maze,2
bote,2
gee,2
gear,2
fume,2
wele,2
wels,2
scroph,2
scrog,2
mauv,2
luf,2
maun,2
yac,2
gawn,2
luke,2
maul,2
wem,2
gawk,2
furz,2
fust,2
gauz,2
wep,2
lunch,2
booz,2
gauss,2
booth,2
boost,2
boor,2
scla,2
gauge,2
wes,2
fuzz,2
ae,2
mart,2
scri,2
mars,2
scob,2
wey,2
marks,2
lurk,2
bonds,2
screen,2
mare,2
gau,2
lush,2
lusk,2
adz,2
gael,2
whal,2
whall,2
lute,2
boln,2
gauche,2
gaf,2
scrawl,2
wheal,2
gat,2
mand,2
scraw,2
boc,2
whelk,2
wheth,2
malm,2
lyn,2
scoop,2
which,2
gash,2
whiff,2
scrape,2
lynch,2
scran,2
blond,2
blur,2
gare,2
scorch,2
maa,2
whist,2
blotch,2
beads,2
whiz,2
gair,2
whom,2
scots,2
whop,2
gaol,2
mack,2
whorl,2
howve,1
madge,1
mael,1
mace,1
mage,1
magged,1
maat,1
maad,1
mailed,1
maine,1
lyt,1
lyth,1
lythe,1
lys,1
mains,1
lyre,1
lynx,1
lyne,1
lynde,1
maize,1
mall,1
manche,1
maned,1
lye,1
mang,1
lydd,1
lyc,1
mange,1
lyche,1
mangue,1
luz,1
luxe,1
manks,1
luth,1
manse,1
mant,1
manx,1
marabout,1
marc,1
marge,1
marked,1
lurg,1
lure,1
marque,1
mase,1
lunt,1
masked,1
lunged,1
lunge,1
masque,1
lune,1
mate,1
matt,1
matte,1
matz,1
maule,1
maunch,1
maur,1
luff,1
mauve,1
mav,1
luce,1
mawks,1
meach,1
meant,1
mear,1
mease,1
meath,1
lown,1
lowk,1
lowgh,1
meaw,1
meawl,1
meaz,1
meck,1
mede,1
meech,1
lour,1
loups,1
meeth,1
loun,1
lounge,1
louk,1
lough,1
meine,1
mein,1
loth,1
lote,1
meis,1
lost,1
mekh,1
lose,1
meld,1
lorn,1
lores,1
lore,1
mell,1
mends,1
menge,1
mense,1
ment,1
merce,1
merd,1
meres,1
loord,1
looped,1
merge,1
merk,1
merke,1
lool,1
merl,1
loof,1
looch,1
loob,1
meshed,1
longe,1
mesne,1
mette,1
meute,1
lond,1
lomp,1
meve,1
mew,1
mews,1
loke,1
meyn,1
loir,1
loin,1
mho,1
logged,1
logge,1
loge,1
mhom,1
mhorr,1
loffe,1
loess,1
loel,1
mice,1
lodged,1
midge,1
lodes,1
midg,1
midst,1
mien,1
loche,1
miff,1
mik,1
lobs,1
lobed,1
milch,1
milled,1
loaves,1
loathe,1
mime,1
mince,1
mine,1
minge,1
loads,1
mink,1
loach,1
minx,1
miq,1
liz,1
lixt,1
mire,1
lives,1
lived,1
mise,1
mite,1
mitt,1
mixed,1
lite,1
mixt,1
moat,1
liss,1
moate,1
lisne,1
lisle,1
moche,1
moch,1
mode,1
lipse,1
lipped,1
moeve,1
moff,1
linne,1
links,1
mohr,1
moil,1
moile,1
lind,1
linc,1
moire,1
mok,1
moke,1
limn,1
moll,1
limbed,1
mome,1
monde,1
lilt,1
lill,1
mone,1
mong,1
monks,1
lights,1
mool,1
lige,1
mooned,1
moong,1
morgue,1
morse,1
lieve,1
mosk,1
mosque,1
lieg,1
mote,1
lied,1
motte,1
lidge,1
mouf,1
mought,1
mouil,1
mould,1
lice,1
moule,1
mounch,1
lher,1
mound,1
mourne,1
mour,1
mouthed,1
mowe,1
mown,1
leuke,1
moy,1
letts,1
moyle,1
lete,1
moz,1
muce,1
lest,1
muc,1
lese,1
mue,1
mulch,1
lere,1
mulct,1
mulc,1
mulse,1
lens,1
mumps,1
mund,1
leng,1
lene,1
lends,1
munt,1
mure,1
leme,1
leit,1
leis,1
murr,1
legged,1
legge,1
murth,1
musch,1
must,1
myg,1
leese,1
lees,1
leere,1
myl,1
leep,1
leeme,1
leek,1
leef,1
leed,1
myrrh,1
mythe,1
nab,1
nabk,1
nac,1
nack,1
nain,1
nais,1
leb,1
leaves,1
nake,1
leaved,1
nale,1
nall,1
leat,1
nape,1
leash,1
nappe,1
nare,1
narre,1
lear,1
nart,1
nase,1
nash,1
leal,1
naus,1
league,1
leafed,1
nautch,1
leads,1
nave,1
nawl,1
nayt,1
laze,1
naze,1
neaf,1
neal,1
lawnd,1
neap,1
lawe,1
neaped,1
necked,1
neeld,1
laut,1
laus,1
neel,1
laund,1
launch,1
neer,1
neese,1
nees,1
nef,1
neis,1
nei,1
nemp,1
nempt,1
nems,1
nen,1
lasse,1
neo,1
lask,1
nere,1
nerf,1
larve,1
nerved,1
nese,1
lare,1
nesh,1
neurop,1
newt,1
next,1
lapsed,1
lapse,1
ngi,1
lapps,1
lapp,1
nibbed,1
lant,1
lans,1
niche,1
langued,1
niched,1
lane,1
nide,1
niece,1
lanch,1
nief,1
nigged,1
nile,1
lamm,1
lames,1
nill,1
nilt,1
nir,1
lal,1
lakh,1
nith,1
niv,1
nock,1
lair,1
node,1
nof,1
noght,1
laf,1
laft,1
laem,1
noie,1
noil,1
noils,1
noint,1
laced,1
nole,1
noll,1
nolt,1
laas,1
laa,1
nonce,1
nones,1
nonne,1
kyn,1
noo,1
kyke,1
nook,1
kyaw,1
kyar,1
noose,1
kutch,1
noot,1
kur,1
nope,1
kup,1
norm,1
kul,1
norn,1
ksha,1
ksar,1
kryp,1
kry,1
krupp,1
krumm,1
krul,1
kroo,1
nosed,1
kri,1
krish,1
kris,1
kriegs,1
kreut,1
kreng,1
krems,1
krem,1
kreel,1
nost,1
krang,1
krait,1
kraal,1
nott,1
kow,1
kous,1
nouch,1
kos,1
kor,1
nought,1
nould,1
kool,1
noule,1
konze,1
nowch,1
kom,1
kohl,1
koh,1
koft,1
koff,1
kob,1
nowd,1
knurled,1
nowes,1
nowt,1
knuff,1
nox,1
knubs,1
known,1
noyls,1
noz,1
knout,1
nud,1
knosp,1
knor,1
knopped,1
nude,1
nudge,1
nug,1
knobbed,1
null,1
knives,1
knits,1
knitch,1
nulled,1
numps,1
nurl,1
nus,1
knew,1
knelt,1
knell,1
kneipp,1
nuz,1
kneed,1
nye,1
kneck,1
kne,1
nyl,1
oad,1
oared,1
oast,1
knarred,1
knarled,1
odds,1
ods,1
oec,1
oer,1
oh,1
klo,1
kloof,1
oiled,1
kli,1
klink,1
oke,1
olf,1
kleene,1
kla,1
kiv,1
kive,1
kithe,1
once,1
onde,1
ones,1
ook,1
oon,1
oones,1
kis,1
kish,1
kirsch,1
oop,1
kirked,1
ooze,1
kipe,1
ooz,1
kint,1
orbed,1
orc,1
orgue,1
orle,1
orn,1
orse,1
ort,1
oss,1
osse,1
ouan,1
ouch,1
kike,1
kieve,1
kier,1
ouis,1
oul,1
ounce,1
kich,1
kibed,1
kibe,1
ouphe,1
ouph,1
khut,1
khond,1
khol,1
kho,1
khen,1
khe,1
ours,1
kham,1
ouse,1
keyed,1
outh,1
kex,1
ouze,1
keu,1
owch,1
owe,1
kest,1
kess,1
owre,1
kerv,1
kerve,1
kers,1
kerned,1
owse,1
kerl,1
kerf,1
paard,1
paas,1
kept,1
kep,1
keph,1
kent,1
pact,1
kempt,1
kemps,1
kemp,1
padge,1
kemb,1
paid,1
paise,1
pak,1
kell,1
kele,1
keld,1
keit,1
keir,1
keil,1
keg,1
kef,1
keev,1
keeve,1
keesh,1
paled,1
palla,1
keels,1
keeled,1
palmed,1
keech,1
palped,1
kedg,1
kedge,1
pance,1
paned,1
panne,1
pape,1
kayles,1
pard,1
kawn,1
kaw,1
pardon,1
kate,1
parge,1
karn,1
parkes,1
kap,1
parle,1
kand,1
parr,1
kamp,1
kame,1
parse,1
pasch,1
kale,1
pash,1
kain,1
pask,1
kail,1
kage,1
pasque,1
kad,1
paum,1
kab,1
kaa,1
jym,1
paunce,1
jutes,1
jute,1
paune,1
pause,1
paux,1
pave,1
jupe,1
jup,1
junk,1
pawk,1
pawl,1
pawna,1
payse,1
peag,1
jul,1
juke,1
peaked,1
peal,1
juggs,1
juge,1
pean,1
pearch,1
peart,1
jud,1
pease,1
peece,1
peen,1
jow,1
peenge,1
jove,1
peert,1
pegm,1
jounce,1
peh,1
joul,1
jouk,1
jou,1
jougs,1
pein,1
peise,1
joss,1
jor,1
pence,1
penk,1
penned,1
jole,1
pens,1
joke,1
joist,1
pere,1
pern,1
pers,1
perth,1
joe,1
pese,1
petz,1
pex,1
pey,1
jip,1
jinx,1
jink,1
pez,1
jimp,1
pfen,1
jilt,1
jill,1
ji,1
phak,1
jif,1
jibe,1
phane,1
jha,1
jez,1
phare,1
phasm,1
phat,1
jessed,1
pheer,1
jess,1
pheese,1
phene,1
phiz,1
jeof,1
jent,1
phlegm,1
phleme,1
jell,1
phlog,1
phlox,1
jeg,1
phlyc,1
jeers,1
phone,1
jeel,1
jee,1
jeat,1
jears,1
jean,1
jeames,1
phono,1
jaz,1
phry,1
jawn,1
jawed,1
phthor,1
phyz,1
pian,1
jaunt,1
pib,1
jaunce,1
pice,1
pict,1
jarl,1
jards,1
picts,1
jape,1
piend,1
jant,1
jane,1
pierced,1
jambes,1
jamb,1
pigg,1
pight,1
jakes,1
pigh,1
jai,1
pigs,1
piked,1
pik,1
jagg,1
piled,1
jae,1
piles,1
pilled,1
pinc,1
pinked,1
pint,1
piped,1
piqu,1
pirl,1
pirn,1
its,1
ith,1
pish,1
pist,1
piste,1
ism,1
isle,1
plage,1
plaice,1
plains,1
plai,1
plaise,1
plais,1
plane,1
inne,1
planx,1
plaque,1
ing,1
inde,1
ind,1
inched,1
plasm,1
inc,1
plaud,1
playte,1
plea,1
pleach,1
ilk,1
pleased,1
ile,1
ik,1
ihvh,1
ih,1
pleat,1
if,1
ides,1
ide,1
plebe,1
plebs,1
pled,1
iced,1
plein,1
ib,1
pleis,1
hythe,1
plene,1
hyrst,1
hyrse,1
plesh,1
hype,1
plete,1
hyne,1
hynd,1
hymp,1
plev,1
pley,1
hyl,1
hyk,1
hyke,1
hye,1
hyd,1
pleyt,1
plied,1
huz,1
huzz,1
huy,1
hux,1
plim,1
plinth,1
huss,1
husked,1
plitt,1
ploc,1
plonge,1
plop,1
hurst,1
hurr,1
plough,1
hurds,1
plout,1
plov,1
plucked,1
hunks,1
pluff,1
hung,1
plunge,1
plunk,1
humph,1
humped,1
plus,1
plyght,1
hulled,1
pne,1
pni,1
pnyx,1
poak,1
huke,1
hui,1
huge,1
podge,1
podg,1
hued,1
poh,1
points,1
hudge,1
poise,1
pois,1
poize,1
huch,1
pold,1
polled,1
hsien,1
polt,1
hox,1
made,1
howp,1
ponce,1
pone,1
pons,1
hove,1
houve,1
houss,1
pood,1
pooh,1
hours,1
poon,1
houp,1
pooped,1
hoult,1
hough,1
porch,1
hote,1
hotch,1
posed,1
poss,1
pott,1
hose,1
hort,1
pouch,1
pouched,1
horned,1
pouf,1
poulp,1
poult,1
horde,1
hopped,1
pounce,1
pounced,1
hoov,1
hoove,1
hoot,1
poun,1
hoom,1
hool,1
hooked,1
poup,1
hoofed,1
poure,1
pousse,1
pous,1
hont,1
honk,1
hong,1
powl,1
powp,1
hond,1
pox,1
poynd,1
holt,1
holp,1
holm,1
hole,1
poyn,1
poze,1
hoke,1
hoit,1
poz,1
hoise,1
praam,1
hogs,1
hogh,1
hogged,1
prad,1
prall,1
hodge,1
pram,1
prance,1
hoche,1
prase,1
pras,1
hoa,1
prav,1
hoars,1
prawn,1
hoared,1
preace,1
prease,1
prede,1
hizz,1
hives,1
hiv,1
preed,1
preef,1
hithe,1
preen,1
prees,1
hist,1
presci,1
preve,1
hires,1
priced,1
pried,1
hipped,1
prief,1
prieve,1
prigh,1
hink,1
hinged,1
prill,1
hine,1
pril,1
primp,1
himp,1
prise,1
prism,1
prith,1
hile,1
hil,1
hike,1
hij,1
highth,1
proach,1
probe,1
prodd,1
hie,1
progue,1
proin,1
hicks,1
proj,1
hic,1
proke,1
heyne,1
heyh,1
pronged,1
props,1
hewn,1
hewe,1
prore,1
hev,1
proth,1
heuk,1
heugh,1
proust,1
hete,1
hetch,1
hest,1
hess,1
hesp,1
prove,1
hertz,1
hert,1
herse,1
hers,1
herrn,1
herr,1
herne,1
pruce,1
herl,1
prude,1
herds,1
prune,1
pryth,1
psam,1
psar,1
henx,1
hent,1
heng,1
hende,1
psel,1
pse,1
pshaw,1
psyl,1
ptar,1
helve,1
ptil,1
helms,1
ptis,1
ptys,1
hele,1
held,1
ptyx,1
puc,1
puce,1
hei,1
pudg,1
heif,1
pueb,1
puf,1
heer,1
heep,1
heem,1
pugh,1
puh,1
hedg,1
puit,1
puke,1
pule,1
pulk,1
pulled,1
heaves,1
pult,1
heave,1
pume,1
puoy,1
pupe,1
purce,1
pured,1
purge,1
purr,1
heard,1
purre,1
puss,1
heam,1
pussy,1
heald,1
putt,1
heads,1
pyk,1
pyl,1
pyne,1
pyre,1
quab,1
haws,1
hawse,1
hawm,1
hawked,1
quac,1
hawe,1
quaigh,1
quain,1
quair,1
quant,1
quap,1
hausse,1
quarl,1
haunched,1
haunch,1
haunce,1
haum,1
hault,1
haulse,1
hauls,1
haulm,1
quart,1
haught,1
quarte,1
quass,1
hath,1
quatch,1
quayd,1
quean,1
haste,1
hast,1
hasp,1
hask,1
queb,1
hase,1
quech,1
harts,1
queest,1
hars,1
quegh,1
quel,1
harns,1
quelque,1
harle,1
harl,1
querk,1
querl,1
hards,1
quern,1
quet,1
haque,1
happed,1
haph,1
queue,1
hanse,1
hank,1
quey,1
quice,1
quich,1
quilled,1
quil,1
quinch,1
halves,1
halved,1
quint,1
halse,1
quinze,1
halp,1
halm,1
quip,1
halk,1
quire,1
hale,1
quirked,1
hak,1
hake,1
haired,1
quirl,1
hain,1
hailse,1
quirt,1
haik,1
quish,1
hah,1
hague,1
quitch,1
quite,1
quits,1
hae,1
haem,1
quob,1
hade,1
quoil,1
quoin,1
quoit,1
hach,1
quoke,1
haar,1
haak,1
haaf,1
quoll,1
gyve,1
gyte,1
gyse,1
quon,1
quook,1
gypse,1
quop,1
quote,1
qu,1
gyle,1
gye,1
gybe,1
gyb,1
raash,1
gwin,1
rach,1
guze,1
guyle,1
guy,1
rade,1
gusta,1
rafts,1
ragh,1
raif,1
gurts,1
gurt,1
gurl,1
raip,1
gurge,1
gunsmith,1
raise,1
raised,1
ralph,1
ramed,1
gulph,1
gulp,1
rampe,1
rance,1
gules,1
gule,1
rane,1
guld,1
gulch,1
guit,1
guis,1
guise,1
guir,1
guin,1
guimpe,1
rang,1
rapa,1
rapped,1
rapt,1
guige,1
rase,1
rasse,1
guib,1
raths,1
guhr,1
gug,1
raught,1
raunch,1
raun,1
raze,1
guenon,1
razed,1
guel,1
raz,1
gud,1
reak,1
reame,1
reas,1
reave,1
guan,1
guai,1
reav,1
grys,1
rech,1
grype,1
gryl,1
gryf,1
gryde,1
gry,1
grutch,1
reech,1
grundsel,1
reem,1
grumpy,1
grumpi,1
grume,1
reer,1
gruff,1
gruf,1
grue,1
reeve,1
reezed,1
grud,1
reft,1
grucche,1
regne,1
groyne,1
growt,1
reif,1
growse,1
grown,1
reim,1
reins,1
reit,1
grove,1
reiv,1
grou,1
grouse,1
rek,1
reme,1
reng,1
rens,1
grosch,1
rente,1
grop,1
grope,1
rese,1
groove,1
groop,1
grooms,1
rette,1
gron,1
grond,1
reule,1
groined,1
groin,1
reume,1
reve,1
groats,1
groat,1
rewe,1
rewle,1
grize,1
griv,1
grith,1
rewme,1
rewth,1
grise,1
rex,1
grippe,1
reyn,1
rey,1
reyse,1
rhach,1
rhaph,1
grimme,1
grime,1
rhat,1
rhee,1
grilse,1
grille,1
rhein,1
rhemish,1
grig,1
rhen,1
griffe,1
griff,1
rhig,1
rhime,1
grie,1
rhob,1
gride,1
rhomb,1
grice,1
grib,1
rhop,1
rhumb,1
greve,1
rhyt,1
ribbed,1
grene,1
ride,1
greith,1
greit,1
grei,1
greil,1
grege,1
rie,1
gref,1
greeze,1
greeve,1
rief,1
greenth,1
riet,1
rife,1
riff,1
greece,1
riks,1
grecque,1
grebe,1
greaves,1
greave,1
rile,1
rille,1
grease,1
rime,1
rine,1
graze,1
rined,1
gravi,1
graves,1
graver,1
ringed,1
rinse,1
grau,1
graunt,1
rins,1
rise,1
gras,1
rish,1
risse,1
grapple,1
rist,1
rite,1
rive,1
riz,1
grange,1
grane,1
roach,1
roan,1
grana,1
gramme,1
grame,1
robe,1
roch,1
graith,1
graip,1
grains,1
grained,1
rode,1
graille,1
grail,1
rodge,1
rods,1
roed,1
roi,1
roint,1
ronde,1
rong,1
graced,1
ront,1
roo,1
graal,1
graaf,1
goz,1
gowns,1
gowned,1
gown,1
gowl,1
gowk,1
roon,1
roop,1
roor,1
gove,1
rooter,1
roque,1
roq,1
ror,1
ross,1
goud,1
gouache,1
rost,1
gote,1
rotche,1
goss,1
rotch,1
gorse,1
gorm,1
gorged,1
gorge,1
rote,1
gord,1
roth,1
gorce,1
goot,1
goost,1
rouche,1
rought,1
goods,1
rouk,1
rounce,1
gong,1
rounds,1
roup,1
gome,1
rouse,1
golt,1
goll,1
route,1
routhe,1
roux,1
rove,1
rowed,1
gof,1
goff,1
rown,1
rox,1
gobe,1
royne,1
goaves,1
royn,1
roys,1
goal,1
goaf,1
goad,1
ruche,1
gnu,1
gnow,1
ruch,1
ruck,1
rudd,1
gnome,1
gnof,1
gnide,1
gnew,1
rude,1
gneiss,1
rudes,1
ruffed,1
ruft,1
rukh,1
gnarled,1
rumi,1
gnar,1
runch,1
gmel,1
glys,1
rund,1
rune,1
glyn,1
ruse,1
rushed,1
rusk,1
glunch,1
russ,1
glume,1
rutinose,1
rye,1
rynd,1
gloz,1
gloze,1
glox,1
rys,1
glov,1
glove,1
glout,1
rysh,1
ryth,1
ryt,1
glose,1
glore,1
glop,1
gloomth,1
saan,1
glon,1
sach,1
glome,1
glombe,1
glode,1
glock,1
sacque,1
sacrif,1
sacs,1
gloat,1
gloar,1
sadh,1
sadr,1
glist,1
sah,1
glint,1
glimpse,1
said,1
glike,1
gliff,1
glide,1
saim,1
glicke,1
saith,1
saithe,1
gley,1
glew,1
gleu,1
glent,1
sake,1
gleire,1
gleg,1
salp,1
gleen,1
gleek,1
gleed,1
salse,1
glede,1
gleb,1
salv,1
samp,1
sang,1
sankh,1
glead,1
sans,1
glaze,1
glay,1
sarce,1
glave,1
glaum,1
sard,1
glas,1
sarn,1
sart,1
glare,1
glans,1
sasse,1
satch,1
glance,1
glam,1
glaive,1
glaire,1
sath,1
glade,1
sauer,1
glab,1
saugh,1
giz,1
gives,1
sauks,1
give,1
gius,1
giust,1
gith,1
gite,1
saul,1
gist,1
gise,1
sault,1
girth,1
saur,1
girn,1
saus,1
gire,1
saut,1
saynd,1
scad,1
gink,1
scaled,1
scall,1
gimp,1
scalled,1
scalper,1
gilse,1
scard,1
scarn,1
gile,1
scarp,1
gigue,1
gige,1
scase,1
scate,1
giff,1
scathe,1
scaur,1
scern,1
gibe,1
gibbs,1
schade,1
giaour,1
schah,1
giam,1
gial,1
ghyll,1
schap,1
schat,1
ghole,1
ghib,1
ghet,1
ghess,1
gher,1
ghee,1
ghe,1
ghaz,1
sched,1
ghat,1
schee,1
ghar,1
scheik,1
gew,1
geusd,1
geth,1
schel,1
geste,1
gest,1
gesse,1
schene,1
gern,1
schenk,1
gere,1
schet,1
gerbe,1
george,1
schie,1
schin,1
gens,1
genre,1
schir,1
schlich,1
gemi,1
schmel,1
gelt,1
schnapps,1
schnei,1
schnor,1
geez,1
geet,1
geest,1
geese,1
geer,1
schoon,1
ged,1
schor,1
geat,1
gea,1
schot,1
schrei,1
gean,1
geal,1
schrode,1
schwan,1
gayne,1
schwenk,1
scib,1
scim,1
gaw,1
scink,1
gave,1
scise,1
gauze,1
scit,1
gaure,1
gaur,1
gaun,1
sclaff,1
gault,1
sclaun,1
gauged,1
sclen,1
scoat,1
scobs,1
scoke,1
scole,1
scomm,1
sconce,1
gatch,1
scon,1
scone,1
gasp,1
scoot,1
scope,1
garth,1
garget,1
scorce,1
garde,1
gard,1
garbed,1
garb,1
score,1
gapes,1
scorse,1
scoth,1
scourge,1
scourse,1
gangue,1
gange,1
scouse,1
gane,1
ganch,1
scout,1
gamp,1
scov,1
scow,1
galt,1
galpe,1
scrab,1
gale,1
galbe,1
scra,1
scraf,1
scranch,1
scrank,1
scrat,1
scray,1
gahn,1
gage,1
scre,1
screak,1
gaff,1
scree,1
gaek,1
gads,1
gadman,1
gadhel,1
gade,1
screed,1
scribe,1
scrid,1
fytte,1
fyrd,1
fyl,1
fyke,1
fy,1
fuz,1
scrig,1
fuze,1
futch,1
fusty,1
scrine,1
scringe,1
fuse,1
script,1
scrit,1
scritch,1
furl,1
scrive,1
scrod,1
funge,1
scroll,1
scrolled,1
scrouge,1
scrow,1
scroyle,1
scruff,1
fulgen,1
scrum,1
fugue,1
fugh,1
scrump,1
fudge,1
scrunch,1
scruze,1
fuchs,1
scry,1
scuff,1
scug,1
frut,1
sculk,1
frush,1
scun,1
scurff,1
scute,1
scyb,1
frub,1
froze,1
scye,1
scyle,1
scym,1
scythed,1
scyth,1
frote,1
sdain,1
frorn,1
frore,1
frop,1
sdeign,1
frons,1
fronde,1
seak,1
sealgh,1
seamed,1
searce,1
froise,1
frogged,1
seared,1
seave,1
frocked,1
seav,1
seb,1
frizz,1
frize,1
seche,1
sedge,1
sedged,1
sedg,1
frist,1
seeds,1
frisker,1
seen,1
seet,1
seethe,1
fringed,1
segge,1
frim,1
frilled,1
frill,1
seiches,1
frigg,1
seigh,1
frie,1
friezed,1
frieze,1
seine,1
friese,1
seint,1
fried,1
frid,1
fridge,1
seir,1
seise,1
seize,1
frey,1
frett,1
seke,1
selve,1
selves,1
senge,1
sent,1
frem,1
fremd,1
frel,1
sere,1
serge,1
freeze,1
serr,1
serve,1
freel,1
sett,1
seven,1
sewe,1
sexed,1
sext,1
sey,1
fraz,1
seye,1
seynd,1
seynt,1
sfor,1
frau,1
sfu,1
frape,1
sgraf,1
shac,1
shadd,1
franc,1
shage,1
shah,1
frak,1
fraised,1
fraise,1
frai,1
shaik,1
fraight,1
shail,1
fract,1
shai,1
fracho,1
shale,1
shall,1
foxed,1
shalm,1
shalt,1
fow,1
shang,1
fous,1
shanked,1
fourb,1
shaps,1
shash,1
shath,1
shawl,1
shawm,1
shay,1
shead,1
fot,1
foth,1
sheard,1
shearn,1
shears,1
forte,1
sheat,1
fors,1
forn,1
formed,1
sheathe,1
forked,1
sheathed,1
sheave,1
sheaved,1
sheb,1
forced,1
sheck,1
sheeps,1
sheik,1
foots,1
sheil,1
fools,1
shek,1
shelled,1
shelve,1
shent,1
fong,1
fone,1
sherd,1
shern,1
shet,1
shete,1
sheth,1
shewn,1
shib,1
shide,1
shie,1
foh,1
fogger,1
foggage,1
fogey,1
foge,1
shied,1
foehn,1
shilf,1
shill,1
shine,1
fob,1
shire,1
shirl,1
shir,1
fnese,1
flysch,1
shirr,1
shirred,1
shist,1
shive,1
shoar,1
shoat,1
flurt,1
shole,1
shonde,1
flunk,1
flung,1
flum,1
flume,1
fluk,1
shone,1
shoo,1
shook,1
shoon,1
shoop,1
floyte,1
flown,1
flowk,1
shorl,1
shorn,1
floured,1
shote,1
floun,1
flounce,1
shots,1
flote,1
shough,1
flosh,1
should,1
shown,1
shram,1
shrank,1
shrewd,1
shrieve,1
flong,1
flon,1
shrift,1
floe,1
shright,1
floccose,1
shrike,1
shril,1
shrine,1
flix,1
flitt,1
shrive,1
flitch,1
shrood,1
flisk,1
flir,1
shrop,1
flipe,1
shrov,1
shrow,1
shrowd,1
shruff,1
shrug,1
shrunk,1
shude,1
flidge,1
shug,1
shu,1
shute,1
sice,1
flews,1
flewed,1
flew,1
fleur,1
fleu,1
flete,1
sich,1
flet,1
fleshed,1
sides,1
flense,1
flench,1
sieur,1
fleme,1
fleigh,1
sie,1
sieve,1
sights,1
fleen,1
fleeced,1
sike,1
sikhs,1
sile,1
fled,1
sill,1
since,1
flear,1
sinch,1
sind,1
fleagh,1
sine,1
singe,1
sinque,1
flawn,1
sins,1
sioux,1
sipe,1
flaun,1
siph,1
sire,1
sirt,1
sise,1
flare,1
siss,1
sist,1
flanged,1
flange,1
flang,1
site,1
flanched,1
flanch,1
sithed,1
size,1
sized,1
flake,1
flair,1
flain,1
skag,1
skain,1
skains,1
flache,1
skaith,1
skall,1
skar,1
fjord,1
fizz,1
skart,1
fixed,1
skate,1
fives,1
ska,1
fitz,1
fitt,1
fith,1
fitched,1
skayles,1
skean,1
ske,1
fisk,1
skee,1
skeed,1
fisc,1
firth,1
skeet,1
firms,1
skein,1
firk,1
skeine,1
skelp,1
fip,1
fio,1
fiord,1
fint,1
finns,1
finned,1
sken,1
skene,1
sker,1
finched,1
skied,1
skiff,1
skif,1
skilled,1
fils,1
skilts,1
skimp,1
skinch,1
skirr,1
skive,1
fike,1
skiv,1
sklayre,1
sklere,1
skol,1
fife,1
fies,1
fierce,1
skonce,1
skor,1
fief,1
fie,1
skout,1
fidge,1
sko,1
skreen,1
skrike,1
fice,1
skrim,1
skrimp,1
fia,1
fez,1
feyre,1
feyne,1
fey,1
skringe,1
feuill,1
feuille,1
skrite,1
sku,1
fete,1
skue,1
skul,1
skun,1
skur,1
skute,1
ferthe,1
fers,1
skut,1
ferm,1
fere,1
ferd,1
ferde,1
skyed,1
feof,1
slade,1
slaie,1
slak,1
fenks,1
slank,1
slashed,1
slatch,1
femme,1
slate,1
feme,1
slatt,1
fellif,1
sleave,1
felic,1
fele,1
sleaved,1
sledge,1
feize,1
fei,1
feint,1
feine,1
feigned,1
slee,1
fehm,1
sleetch,1
feeze,1
sleeved,1
feese,1
feere,1
sleid,1
slen,1
slent,1
slep,1
fecks,1
slept,1
slew,1
slewed,1
feaz,1
feaze,1
slewth,1
sley,1
slib,1
slice,1
slich,1
feague,1
slime,1
faz,1
faze,1
slipes,1
faxed,1
slish,1
fawk,1
fawe,1
slith,1
faux,1
faun,1
slive,1
faule,1
fauld,1
sliv,1
faugh,1
sloak,1
sloam,1
sloat,1
sloe,1
slo,1
sloke,1
sloo,1
farse,1
sloop,1
farl,1
slosh,1
fard,1
farc,1
slowh,1
slows,1
fap,1
fanged,1
sloyd,1
fane,1
fand,1
sludge,1
slue,1
slugs,1
falx,1
slui,1
slung,1
slunk,1
falk,1
slur,1
slurred,1
fak,1
fake,1
faithed,1
sluth,1
slype,1
faints,1
smalls,1
smal,1
fain,1
faille,1
smatch,1
smeared,1
smeath,1
smec,1
faf,1
fadge,1
smee,1
smeeth,1
fact,1
faced,1
smeir,1
smer,1
smew,1
smid,1
eyre,1
eyr,1
eyne,1
eyle,1
eyght,1
eyed,1
smift,1
smight,1
explor,1
smilt,1
ewt,1
ewe,1
smin,1
smirch,1
ever,1
eve,1
smite,1
smitt,1
eur,1
eugh,1
euc,1
smolt,1
ethe,1
smooch,1
smoor,1
smore,1
est,1
ese,1
smor,1
smote,1
smo,1
ersh,1
erse,1
ers,1
err,1
smouch,1
erme,1
erl,1
erke,1
smudge,1
erf,1
smudg,1
erd,1
smyr,1
snac,1
snaf,1
snape,1
snare,1
ens,1
snast,1
snath,1
snathe,1
snat,1
eme,1
emberizidae,1
snaw,1
elves,1
elve,1
snead,1
sneaks,1
sneap,1
sneath,1
sneb,1
sneez,1
snell,1
snet,1
elaborated,1
snew,1
snib,1
ej,1
eis,1
eire,1
eild,1
eik,1
eigne,1
snide,1
snif,1
eigh,1
snite,1
snithe,1
snod,1
snoff,1
snook,1
snooze,1
eet,1
snore,1
een,1
snowl,1
eek,1
edh,1
snub,1
snudge,1
soal,1
ect,1
soam,1
sober,1
soe,1
soi,1
ebb,1
sok,1
eave,1
eath,1
sold,1
solve,1
sond,1
soord,1
soor,1
earst,1
earsh,1
soothe,1
sope,1
eared,1
sopping,1
sops,1
eame,1
eale,1
eal,1
sord,1
ead,1
sors,1
dzig,1
dze,1
soss,1
sote,1
dyne,1
dyke,1
sothe,1
souce,1
dwine,1
soud,1
dwelt,1
souf,1
dwaul,1
sough,1
dwang,1
dwale,1
dver,1
duy,1
dux,1
sought,1
souke,1
souled,1
duse,1
durst,1
soun,1
soune,1
dupe,1
sounst,1
duo,1
source,1
sourde,1
dune,1
sours,1
souse,1
sowce,1
sown,1
sowne,1
dulse,1
sowse,1
soy,1
soyle,1
soyn,1
soz,1
spaad,1
duff,1
spag,1
duds,1
dudg,1
dude,1
spaid,1
spak,1
spale,1
spall,1
spal,1
dubb,1
spalt,1
spane,1
dryth,1
spang,1
drux,1
druse,1
drupe,1
sparge,1
spars,1
sparth,1
sparve,1
spasm,1
spatch,1
drudge,1
spate,1
droyle,1
drowth,1
drowse,1
spathe,1
spathed,1
drove,1
spauld,1
drou,1
spaw,1
drough,1
drotch,1
spece,1
specht,1
dropt,1
speckt,1
sped,1
drool,1
speece,1
speer,1
drome,1
speet,1
speight,1
droitzsch,1
droi,1
droit,1
droil,1
droh,1
drogue,1
drog,1
speir,1
drof,1
drock,1
speis,1
speiss,1
spek,1
spelk,1
spelt,1
spence,1
spent,1
spere,1
dried,1
drie,1
sperge,1
dreyn,1
dreye,1
drey,1
drew,1
drev,1
dreul,1
dretch,1
drest,1
sperse,1
drent,1
dren,1
spes,1
dreis,1
spet,1
drei,1
spetch,1
dree,1
dredg,1
dredge,1
drec,1
sphal,1
sphene,1
sphere,1
draz,1
sphex,1
drawn,1
sphig,1
sphinc,1
drave,1
sphin,1
sphinx,1
draugh,1
sphrag,1
drape,1
drank,1
sphra,1
sphri,1
draine,1
spied,1
drail,1
spie,1
drafts,1
draft,1
spight,1
dradge,1
spiked,1
spik,1
drachm,1
spile,1
spilt,1
spilth,1
doze,1
spined,1
spink,1
dowst,1
dows,1
dowse,1
spire,1
dowle,1
dowl,1
spired,1
dov,1
spirk,1
spirl,1
douse,1
dour,1
doupe,1
spirt,1
douck,1
douche,1
spiss,1
douc,1
spits,1
spitz,1
splan,1
doth,1
spleened,1
spleg,1
dost,1
doss,1
dose,1
splent,1
dorse,1
spleu,1
dorp,1
dorn,1
dore,1
splice,1
doq,1
dope,1
spline,1
splint,1
splurge,1
spof,1
doole,1
spokes,1
done,1
spong,1
sponk,1
domed,1
spook,1
spoom,1
dolv,1
spoor,1
spore,1
dolf,1
sprack,1
sprag,1
dok,1
sprain,1
doi,1
doh,1
spraints,1
sprang,1
sprat,1
does,1
sprawl,1
sprawls,1
sprech,1
dodge,1
spree,1
dodd,1
sprenge,1
sprent,1
sprew,1
spreynd,1
doat,1
sprigged,1
djin,1
djer,1
dizz,1
springe,1
dix,1
sprod,1
sprong,1
ditt,1
sprout,1
dite,1
spruce,1
sprue,1
disme,1
sprug,1
sprung,1
spry,1
spud,1
spue,1
dirl,1
spuil,1
spuke,1
spun,1
spunge,1
spurred,1
spurt,1
dint,1
dink,1
spute,1
dine,1
squac,1
dime,1
squail,1
dill,1
squai,1
dik,1
dike,1
digue,1
digne,1
squame,1
squawk,1
squawl,1
squee,1
didst,1
squeeze,1
squelch,1
sque,1
dich,1
squib,1
dibs,1
squid,1
dia,1
squier,1
dhow,1
dhoor,1
dho,1
dhole,1
deyn,1
deye,1
dey,1
squif,1
squig,1
deve,1
squinch,1
squirm,1
deuse,1
squirr,1
deuce,1
stad,1
stade,1
dess,1
staf,1
stail,1
derth,1
derne,1
stak,1
stalked,1
derk,1
derf,1
stalled,1
stance,1
stane,1
stang,1
stank,1
stann,1
stant,1
starched,1
deme,1
stare,1
delv,1
delve,1
delph,1
dell,1
starf,1
delf,1
starn,1
starred,1
starv,1
deip,1
dein,1
stas,1
deil,1
stath,1
staunch,1
stav,1
staw,1
steak,1
deev,1
dees,1
sted,1
steek,1
steem,1
steeve,1
dede,1
steev,1
steik,1
stell,1
stelled,1
steppe,1
deave,1
deaths,1
stepped,1
dearth,1
dearn,1
deare,1
stere,1
sterned,1
dealth,1
sterns,1
stert,1
sterve,1
deads,1
stet,1
steve,1
stey,1
daze,1
days,1
sthen,1
dawn,1
dawk,1
dawe,1
stid,1
stike,1
dauw,1
stile,1
daun,1
dauk,1
stilp,1
stime,1
stipe,1
stirk,1
stirp,1
stirps,1
stirt,1
stive,1
stives,1
darr,1
stoak,1
stoat,1
darg,1
stodg,1
stoech,1
stok,1
stole,1
stoled,1
stomp,1
dang,1
stond,1
dandruff,1
dance,1
stont,1
stood,1
damned,1
stook,1
stoom,1
dambo,1
stopped,1
dalles,1
dalf,1
dales,1
dale,1
stored,1
dak,1
stork,1
daint,1
stot,1
stote,1
dagges,1
stound,1
stoup,1
daf,1
daff,1
dade,1
stour,1
dactyl,1
stowce,1
dachs,1
dace,1
stowre,1
dabb,1
straik,1
czechs,1
strained,1
straint,1
strake,1
cyt,1
cyth,1
strale,1
strand,1
strang,1
strass,1
straught,1
strawed,1
cyme,1
streaked,1
stree,1
streek,1
streel,1
streen,1
strein,1
streit,1
streite,1
cuss,1
cusp,1
cusk,1
strel,1
strene,1
curv,1
curve,1
stret,1
strewn,1
strich,1
curse,1
curr,1
curled,1
stride,1
strike,1
stringed,1
curch,1
stripe,1
striped,1
strive,1
cund,1
strived,1
strix,1
stroam,1
cultch,1
cult,1
culpe,1
culm,1
culls,1
stroc,1
strode,1
cuish,1
stroke,1
cuin,1
cuf,1
cuff,1
cues,1
cuer,1
cue,1
strokes,1
stromb,1
cuc,1
strond,1
cube,1
strook,1
stroot,1
strop,1
strout,1
strove,1
strow,1
strowl,1
strown,1
crwth,1
crux,1
cruth,1
crutched,1
crutch,1
crut,1
stroy,1
strude,1
cruse,1
strull,1
strung,1
crunk,1
crunch,1
strunt,1
strun,1
struse,1
crul,1
crull,1
cruive,1
cruis,1
cruise,1
struv,1
stryph,1
stuck,1
croze,1
croys,1
croyl,1
croy,1
crowth,1
crows,1
crowned,1
stuke,1
stull,1
stulm,1
crout,1
crouse,1
stulp,1
stung,1
crouke,1
croud,1
crouched,1
crouch,1
crotched,1
stunk,1
stupe,1
crosse,1
sturb,1
sturk,1
crore,1
sturt,1
croon,1
stye,1
croo,1
cron,1
crone,1
crom,1
croise,1
croi,1
style,1
styr,1
croe,1
stythe,1
styth,1
croche,1
styx,1
suade,1
criz,1
suad,1
suage,1
criss,1
suave,1
sudd,1
suds,1
sue,1
crined,1
suite,1
sulks,1
sull,1
sumph,1
cried,1
sung,1
cric,1
sunn,1
supe,1
sures,1
swa,1
creux,1
creut,1
crete,1
swage,1
swags,1
swaip,1
crept,1
swale,1
swam,1
crems,1
swang,1
creese,1
crees,1
cree,1
swank,1
creel,1
creeks,1
swap,1
swape,1
sware,1
creche,1
creb,1
creaze,1
swarf,1
swarve,1
crease,1
swas,1
swatch,1
creaght,1
swate,1
craz,1
craze,1
swathe,1
swayed,1
sweal,1
swede,1
crave,1
craunch,1
crate,1
cratch,1
swed,1
swee,1
sweigh,1
crase,1
crare,1
craps,1
swein,1
swelt,1
crants,1
cranked,1
swept,1
crang,1
crane,1
cranch,1
swerd,1
swerve,1
swich,1
crak,1
swie,1
crail,1
craie,1
crags,1
swig,1
swinck,1
crafter,1
swipe,1
cracks,1
swi,1
cracked,1
swip,1
crache,1
swirl,1
swish,1
swiss,1
coys,1
swithe,1
switz,1
cowled,1
swive,1
swiv,1
swiz,1
cove,1
couth,1
swoll,1
courtelle,1
swoln,1
swom,1
coursed,1
course,1
courche,1
courb,1
swop,1
couped,1
swore,1
counterrevolutionary,1
sworn,1
swough,1
swound,1
could,1
swown,1
couched,1
swum,1
swung,1
cots,1
cote,1
swythe,1
syce,1
coss,1
sych,1
syd,1
corve,1
sye,1
syke,1
corpse,1
corps,1
coro,1
corne,1
syk,1
corm,1
corked,1
syle,1
corf,1
core,1
cordate,1
syne,1
corbe,1
corb,1
syng,1
syrt,1
copts,1
syth,1
sythe,1
copps,1
copped,1
copes,1
coped,1
syz,1
taas,1
tace,1
tache,1
tacks,1
tad,1
coom,1
tael,1
taen,1
taff,1
conver,1
cont,1
conte,1
conn,1
cong,1
confronting,1
tahr,1
tailed,1
conch,1
taille,1
tairn,1
tait,1
take,1
combe,1
talc,1
tales,1
colts,1
tangue,1
colp,1
tant,1
tao,1
taph,1
tare,1
tared,1
cokes,1
targe,1
coit,1
cois,1
coir,1
tarn,1
coi,1
coil,1
tarre,1
coign,1
coifed,1
tarse,1
cogue,1
tasse,1
tatch,1
tath,1
tatt,1
taught,1
codg,1
code,1
taur,1
taut,1
taws,1
tay,1
taz,1
tcha,1
tchick,1
teache,1
tead,1
coars,1
teague,1
coam,1
teak,1
coak,1
coag,1
teal,1
teamed,1
tease,1
cne,1
teas,1
teathe,1
clydes,1
clut,1
clutch,1
tect,1
tedge,1
clung,1
clunch,1
clumps,1
teek,1
teend,1
clue,1
teens,1
clubbed,1
teest,1
tees,1
teil,1
clove,1
teind,1
clough,1
teine,1
tei,1
clothe,1
teint,1
clote,1
tek,1
closh,1
temps,1
tempse,1
temse,1
cloop,1
cloom,1
clon,1
clong,1
clomp,1
clomb,1
cloke,1
tench,1
tene,1
cloff,1
tense,1
tern,1
cloche,1
terne,1
terse,1
teth,1
clique,1
teuk,1
tewed,1
teyne,1
th,1
thack,1
clime,1
thak,1
clim,1
thar,1
tharms,1
that,1
thaught,1
thave,1
theave,1
thec,1
thee,1
clere,1
their,1
clepe,1
clench,1
thel,1
cleis,1
cleg,1
theme,1
clef,1
cleek,1
clee,1
cledg,1
cledge,1
therf,1
these,1
thet,1
cleat,1
thewed,1
cleanse,1
they,1
thib,1
clead,1
clayes,1
thieve,1
clawed,1
thigh,1
thilk,1
clave,1
thine,1
clause,1
thing,1
thirs,1
clath,1
clatch,1
thit,1
thlip,1
thole,1
thong,1
thorp,1
those,1
clare,1
claque,1
claps,1
clape,1
thoth,1
clans,1
though,1
clang,1
thow,1
thral,1
thrap,1
clake,1
claire,1
thraste,1
thrave,1
claik,1
clag,1
thraw,1
threap,1
threave,1
clach,1
clab,1
cize,1
threne,1
thre,1
cive,1
threpe,1
cite,1
threp,1
threste,1
threw,1
cirque,1
circularise,1
thrib,1
circ,1
thrid,1
thri,1
thring,1
thrips,1
cinch,1
thrist,1
cill,1
thrit,1
cig,1
cierge,1
cid,1
cich,1
thrive,1
cib,1
throb,1
throd,1
chyme,1
throe,1
chyle,1
throve,1
chut,1
chute,1
chuse,1
chur,1
throwe,1
thrown,1
churme,1
thrus,1
thryes,1
thry,1
chump,1
chum,1
thud,1
thumbed,1
chud,1
thur,1
chuck,1
thurs,1
thurst,1
chtho,1
thwack,1
thwaite,1
thwite,1
chrome,1
thwit,1
thyme,1
thyrse,1
chrism,1
tich,1
tides,1
tierce,1
chout,1
chouse,1
choul,1
choule,1
chough,1
tift,1
chose,1
chore,1
tigh,1
chord,1
chops,1
tights,1
choos,1
choose,1
tike,1
chomp,1
tik,1
tilth,1
tinct,1
choir,1
tind,1
chog,1
chode,1
tined,1
ting,1
tinge,1
choak,1
tinned,1
tirl,1
chla,1
tithe,1
chive,1
tlin,1
tme,1
toat,1
toch,1
chirre,1
tock,1
chiros,1
chirop,1
chirm,1
chirk,1
chips,1
toe,1
chiop,1
chintz,1
chinse,1
chinned,1
toed,1
chined,1
chine,1
chinche,1
toff,1
tof,1
toght,1
togs,1
chimb,1
chilled,1
togue,1
chili,1
childe,1
toise,1
tok,1
chig,1
told,1
chieve,1
chiev,1
chier,1
tole,1
tolt,1
toned,1
tongs,1
chiche,1
tongued,1
tongu,1
chib,1
chia,1
tonne,1
chey,1
took,1
toom,1
toothed,1
chet,1
tope,1
tops,1
chese,1
toque,1
torc,1
tore,1
torn,1
cheque,1
chep,1
cheng,1
torous,1
torque,1
torqued,1
torse,1
cheg,1
chef,1
chee,1
torsk,1
tort,1
torved,1
cheep,1
cheeked,1
tose,1
ched,1
tosh,1
tost,1
tote,1
chear,1
touze,1
towned,1
chav,1
chaus,1
chausses,1
toze,1
chaun,1
chaul,1
trach,1
traipse,1
trais,1
trait,1
chast,1
chasse,1
chasmed,1
chasm,1
chase,1
trance,1
charte,1
transe,1
charre,1
charr,1
trape,1
chark,1
trapes,1
chare,1
chard,1
traps,1
chaps,1
chaped,1
trass,1
traunce,1
trave,1
chank,1
trays,1
treague,1
treck,1
tred,1
treen,1
tref,1
treil,1
chak,1
chaise,1
tressed,1
treth,1
trev,1
trew,1
trews,1
chad,1
chac,1
chace,1
trewth,1
trey,1
tribe,1
trice,1
cest,1
tricus,1
tride,1
tried,1
trill,1
trine,1
ceorl,1
trink,1
cense,1
triste,1
trite,1
troad,1
celled,1
cell,1
troat,1
cein,1
ceint,1
trode,1
trogue,1
cede,1
troost,1
cec,1
trope,1
tros,1
trough,1
troul,1
caw,1
cave,1
trounce,1
troupe,1
troup,1
caulk,1
caul,1
cauk,1
caught,1
cauf,1
trouse,1
trousse,1
cates,1
cate,1
trous,1
trowl,1
caste,1
trowsed,1
cass,1
casque,1
cask,1
truch,1
trug,1
trull,1
trul,1
carve,1
carte,1
trum,1
carse,1
trunch,1
carl,1
trunked,1
carf,1
trut,1
tsar,1
tsa,1
tschak,1
tsche,1
tse,1
tset,1
cangue,1
caned,1
tuch,1
cand,1
tue,1
tues,1
tuff,1
tuf,1
calx,1
calv,1
calve,1
calque,1
tuille,1
calle,1
tull,1
tulle,1
tunk,1
calced,1
tuque,1
cake,1
turm,1
cais,1
turves,1
caird,1
tusch,1
caged,1
tush,1
tusked,1
tuz,1
twag,1
cadge,1
cade,1
twain,1
twaite,1
twang,1
twank,1
tweak,1
tweed,1
caa,1
caas,1
tweel,1
byz,1
tweer,1
byss,1
byre,1
bye,1
tweese,1
twice,1
twid,1
twill,1
twil,1
butte,1
twilt,1
twine,1
twinge,1
bust,1
buss,1
busked,1
busk,1
twink,1
twinned,1
twire,1
burt,1
twirl,1
burse,1
bursch,1
twite,1
burnt,1
burned,1
twy,1
tye,1
burk,1
burke,1
burh,1
tyke,1
tymp,1
tynd,1
tyne,1
tyre,1
bunn,1
bunk,1
tythe,1
bund,1
tyth,1
tzar,1
tza,1
tzet,1
bulse,1
bulled,1
ua,1
uck,1
bulge,1
bulbed,1
ugh,1
uh,1
buk,1
built,1
uit,1
buhr,1
ull,1
umpteen,1
unce,1
ung,1
ure,1
urge,1
utes,1
vaag,1
buch,1
vach,1
vade,1
vad,1
vae,1
vais,1
brut,1
vale,1
valved,1
brusk,1
vane,1
brunt,1
vang,1
brum,1
brume,1
bruit,1
bruis,1
vare,1
bruh,1
bruck,1
vark,1
vase,1
vaude,1
vaunce,1
browed,1
browd,1
vauque,1
brough,1
broud,1
veal,1
veh,1
brose,1
veiled,1
veined,1
veldt,1
brooch,1
vele,1
vell,1
brond,1
velt,1
brome,1
vends,1
broke,1
verb,1
verd,1
brogues,1
brogue,1
versed,1
brode,1
verst,1
broch,1
vert,1
verve,1
vese,1
vexed,1
vib,1
brize,1
britz,1
brite,1
viced,1
vie,1
vier,1
brink,1
vif,1
brine,1
vild,1
brimmed,1
vile,1
brills,1
viled,1
brill,1
brike,1
brigue,1
vill,1
vinc,1
vined,1
vingt,1
vire,1
virge,1
vise,1
vish,1
visne,1
vives,1
vliss,1
vod,1
brez,1
brews,1
voe,1
vogue,1
breve,1
brett,1
breth,1
voiced,1
bres,1
vole,1
brere,1
volge,1
voltz,1
breme,1
vond,1
voor,1
vote,1
vouchor,1
vous,1
vox,1
vrai,1
bred,1
vugg,1
breathe,1
vyce,1
vy,1
bream,1
waag,1
waa,1
wack,1
wade,1
wae,1
braze,1
waeg,1
brax,1
brawned,1
waffle,1
waf,1
braw,1
wage,1
wah,1
braun,1
waid,1
brast,1
brasse,1
waif,1
brasque,1
waift,1
wair,1
brant,1
waive,1
wakf,1
wale,1
walm,1
brame,1
wamp,1
brak,1
wane,1
braize,1
brait,1
brais,1
wanned,1
brained,1
wanze,1
braille,1
brail,1
waped,1
wapp,1
wards,1
brae,1
brad,1
wares,1
warre,1
wase,1
washed,1
watchet,1
waucht,1
waul,1
waur,1
waved,1
bows,1
bowse,1
bowne,1
bowls,1
wawe,1
bowge,1
bowd,1
wawl,1
boute,1
bout,1
bousy,1
bous,1
bouse,1
bourse,1
wayed,1
wayk,1
weals,1
weave,1
bounce,1
webbed,1
boult,1
wedg,1
wednes,1
bouk,1
ween,1
bough,1
bouge,1
bouffe,1
boud,1
weer,1
wei,1
botts,1
bots,1
weir,1
weis,1
weive,1
welk,1
bossed,1
welked,1
welte,1
wende,1
wends,1
bort,1
bors,1
borne,1
born,1
wene,1
went,1
wept,1
werche,1
booze,1
boots,1
werk,1
wern,1
werre,1
boos,1
boose,1
boort,1
werst,1
boon,1
wert,1
booked,1
wesh,1
weth,1
wex,1
bonne,1
boned,1
weyle,1
weyve,1
whaap,1
bonce,1
wha,1
whala,1
whame,1
wham,1
whan,1
wharl,1
bolete,1
bole,1
wharp,1
whaul,1
boke,1
whaup,1
boist,1
boiled,1
whed,1
bogue,1
whee,1
boer,1
boe,1
bodge,1
wheeled,1
wheen,1
wheeze,1
boce,1
wheez,1
wheft,1
boats,1
whelked,1
whelm,1
whelp,1
whid,1
while,1
whil,1
whiles,1
blurt,1
whilk,1
whi,1
blunge,1
whilst,1
whine,1
whinge,1
bludg,1
whing,1
whipt,1
blowz,1
blowzed,1
blowze,1
blowth,1
blowse,1
blown,1
whisp,1
blouse,1
blote,1
blotched,1
whites,1
whoa,1
whol,1
blore,1
blooth,1
whoo,1
whoot,1
blonde,1
whorled,1
blonc,1
blom,1
blol,1
bloe,1
whort,1
blo,1
whot,1
whurt,1
bliz,1
blive,1
why,1
blite,1
wicked,1
widg,1
blirt,1
width,1
wigg,1
blin,1
blim,1
wigged,1
blick,1
bleyn,1
bleyme,1
blew,1
ble,1
wike,1
blest,1
wilde,1
bles,1
bleph,1
blent,1
wilk,1
blenk,1
blende,1
wilt,1
wince,1
winch,1
winged,1
blee,1
bled,1
bleck,1
winze,1
wipe,1
bleared,1
wip,1
wirche,1
bleached,1
withe,1
witts,1
wiv,1
blaze,1
blay,1
blau,1
wives,1
wlat,1
woald,1
wob,1
woke,1
blar,1
blare,1
wold,1
wolde,1
wolff,1
wolfs,1
woll,1
wolle,1
wolves,1
blain,1
blague,1
wolv,1
wone,1
blacks,1
wook,1
wooled,1
biz,1
woon,1
bitts,1
bitt,1
bite,1
bitch,1
woos,1
bisque,1
bisk,1
wootz,1
bise,1
words,1
wore,1
birt,1
birse,1
birr,1
birl,1
wormed,1
worn,1
worse,1
wort,1
worthwhile,1
bink,1
bing,1
bine,1
wost,1
woul,1
wou,1
billed,1
wove,1
bilk,1
bilge,1
wov,1
bild,1
wowe,1
bikh,1
bike,1
wowf,1
bight,1
bigg,1
wowke,1
wraith,1
biest,1
wrasse,1
bie,1
bield,1
bide,1
wras,1
wrawl,1
bice,1
bic,1
bibbs,1
bibb,1
wray,1
wreathe,1
bhun,1
bhis,1
bhees,1
bhang,1
wrec,1
wreche,1
bew,1
wreke,1
wren,1
bete,1
wrench,1
wrey,1
best,1
wrie,1
bers,1
berm,1
berke,1
bergh,1
write,1
bere,1
writhe,1
berbe,1
writh,1
bene,1
wri,1
wriz,1
wro,1
wron,1
belled,1
belle,1
wroot,1
belk,1
wrote,1
wroth,1
beild,1
beige,1
wrought,1
beeves,1
beeve,1
beete,1
wrung,1
wryth,1
beest,1
wul,1
been,1
beem,1
beeld,1
wull,1
wust,1
wyc,1
bedes,1
wyd,1
wye,1
wyke,1
wynd,1
wynn,1
wype,1
wys,1
beath,1
wyte,1
wythe,1
bearn,1
xanth,1
xeme,1
bean,1
beamed,1
xp,1
beal,1
beaked,1
xyr,1
xys,1
yachts,1
yamp,1
beached,1
yang,1
yank,1
yaourt,1
bays,1
bayed,1
yap,1
bax,1
bawn,1
yark,1
yarr,1
yat,1
yate,1
baux,1
baun,1
bauk,1
yaud,1
batz,1
bats,1
bathe,1
yaul,1
yaulp,1
batch,1
yaw,1
baste,1
bast,1
yawd,1
basqu,1
basque,1
bask,1
yawi,1
based,1
yawl,1
yawp,1
bart,1
barth,1
barse,1
barque,1
yaws,1
yea,1
yead,1
yeared,1
yearth,1
yed,1
barbed,1
barb,1
yede,1
yeel,1
baph,1
banx,1
bant,1
bans,1
banns,1
yeld,1
yelk,1
yell,1
yen,1
banc,1
yend,1
yeor,1
yerd,1
yerk,1
yern,1
yerne,1
yerst,1
yet,1
yeve,1
yev,1
baize,1
yex,1
baise,1
bairn,1
bain,1
yg,1
yift,1
baigne,1
bah,1
bague,1
bagn,1
yin,1
baft,1
yis,1
yit,1
yite,1
yive,1
bade,1
yle,1
backs,1
backed,1
yl,1
yock,1
bace,1
yode,1
yoit,1
yolk,1
yoll,1
yom,1
yond,1
ayr,1
ayle,1
yore,1
yot,1
axe,1
yote,1
awned,1
youl,1
awm,1
youn,1
yours,1
youze,1
yowe,1
yowl,1
yox,1
yr,1
yuc,1
aune,1
yufts,1
yug,1
aul,1
auln,1
auld,1
yuke,1
yun,1
yunx,1
auf,1
yux,1
aube,1
zac,1
zaer,1
ate,1
zaf,1
zain,1
asse,1
zand,1
zaph,1
zarf,1
zas,1
zau,1
arts,1
zax,1
ars,1
zealed,1
arms,1
armed,1
zea,1
arles,1
zech,1
are,1
arched,1
zee,1
zeh,1
zeit,1
zend,1
zen,1
apse,1
zep,1
zer,1
zest,1
zeus,1
zey,1
ann,1
ankh,1
anes,1
zib,1
zif,1
amt,1
zik,1
zimb,1
als,1
alp,1
zing,1
zinn,1
zip,1
ziph,1
alb,1
zith,1
zit,1
ake,1
ziz,1
zoc,1
ait,1
ais,1
aisled,1
aisle,1
zois,1
zoll,1
zom,1
aig,1
zoned,1
zoo,1
zope,1
zor,1
zouave,1
zounds,1
zoutch,1
zubr,1
zuche,1
zui,1
zum,1
zun,1
ache,1
zwan,1
ace,1
zwie,1
abb,1
zwing,1
zyme,1
aa,1
