tion,2974
ly,2915
er,2843
ic,2201
ness,1881
ble,1867
ty,1633
al,1582
ry,1404
ing,1369
y,1214
ous,1076
an,979
ment,905
a,895
ter,825
less,706
ate,639
tive,636
ism,633
tor,565
tic,543
cy,526
ist,516
um,485
ful,429
gy,428
ed,419
ize,417
sis,389
ish,376
lar,375
man,374
late,368
ship,345
la,333
form,329
age,327
sion,322
ite,295
nate,293
ta,281
en,275
ture,274
nous,262
ma,257
ny,256
ra,242
ted,241
nal,233
phy,231
ger,231
ance,229
my,228
ant,227
cate,224
tal,218
let,211
bly,210
fy,204
ceous,200
na,198
or,198
on,197
ent,195
lous,193
tate,193
try,185
der,180
graph,179
et,175
lite,170
el,168
ling,164
rate,163
gist,161
ive,156
sive,155
line,155
to,154
cent,143
ric,142
in,141
ine,141
fish,137
mous,135
cle,134
da,132
cal,131
tis,128
rous,127
scope,124
tle,124
per,123
py,122
ber,122
ence,122
lin,119
ral,118
wort,118
dle,118
gle,117
tine,112
ple,112
ics,112
head,111
ess,110
ca,109
sy,107
tious,106
tial,104
stone,102
gate,102
zer,102
nite,102
do,99
cence,98
some,96
mate,95
cer,95
id,94
lus,94
dy,93
cism,92
tism,92
work,92
ward,91
tous,91
mal,90
go,90
ting,90
lum,90
mic,89
cious,89
son,87
wood,87
ner,86
tist,85
like,84
tude,84
net,83
lent,82
hood,81
it,80
oid,79
tin,79
ton,79
kle,78
te,77
weed,77
o,76
house,76
dal,75
kin,75
ide,75
ion,74
rus,74
co,72
gen,72
lose,72
date,71
way,70
board,70
rine,70
us,69
pher,68
le,68
dine,68
sal,68
lo,66
tize,66
gent,65
cian,65
worm,65
nant,65
tum,65
tus,64
loid,64
ac,64
rin,63
tral,63
rite,63
don,62
tes,62
mer,62
tail,61
ret,61
tress,61
lic,61
mist,60
lon,60
cus,60
thy,59
sa,59
nist,59
by,59
tile,59
gram,58
tant,58
land,58
bird,57
tric,57
ure,57
sure,57
no,57
ster,56
gous,56
nus,56
type,56
nel,56
gal,55
cous,55
i,55
nic,54
cial,54
dent,54
back,54
low,54
con,53
dom,53
noid,52
sin,52
nize,52
ga,52
ee,51
ron,51
list,51
ver,50
ar,50
cin,49
is,49
bler,49
cant,49
nism,49
can,48
li,48
wise,48
fer,48
ler,47
bate,47
ie,47
trate,46
toid,46
ule,46
sian,46
val,46
ten,46
ro,46
ne,46
tics,45
sic,45
nin,45
tone,45
rist,45
pod,45
men,44
lence,44
tent,44
ress,44
cine,44
lock,44
bill,43
num,43
nine,43
tan,43
ging,42
ad,42
cide,42
site,42
gon,42
set,41
so,41
sor,41
tian,41
most,41
dite,41
dron,41
fle,40
tite,40
mine,40
mus,40
as,40
cite,39
coid,39
chy,39
lism,39
es,39
sel,39
mite,39
vate,38
tee,38
dont,38
ose,38
e,38
lize,38
dous,38
den,38
yl,37
ot,37
lant,37
pose,37
nose,37
ene,37
il,37
des,37
pus,36
pal,36
ile,36
rie,36
ole,35
gan,35
za,35
rism,35
tain,35
ti,35
ping,34
trix,34
res,34
foot,34
pin,34
nance,34
phore,34
rant,34
pous,34
pate,34
lene,34
va,34
ser,34
cha,33
phone,33
phist,33
cock,33
day,33
tel,33
ard,33
ri,32
ey,32
ba,32
cule,32
zle,32
dor,32
lion,32
lis,31
piece,31
ped,31
dence,31
ley,31
tome,31
dler,31
dan,31
dral,31
re,31
sus,30
ding,30
pine,30
tre,30
gler,30
side,30
fied,30
rent,30
sant,30
rize,30
room,30
cient,30
band,29
tyl,29
style,29
fold,29
row,29
bar,29
light,29
quent,28
gize,28
lan,28
mose,28
min,28
roid,28
mon,28
time,28
mel,28
ol,28
tern,27
tose,27
sate,27
din,27
vine,27
nes,27
phous,27
phic,27
phism,27
pist,27
cing,27
stock,27
hole,27
gence,27
blast,27
bin,26
ran,26
nage,26
spore,26
at,26
ker,26
corn,26
eer,26
lage,26
nent,26
nish,26
ka,26
nut,26
tide,26
nar,26
lay,26
bo,26
bone,26
bic,26
root,26
est,25
mo,25
brate,25
pet,25
pism,25
boy,25
ware,25
pa,25
phyte,25
book,25
lute,25
get,24
chal,24
arch,24
ning,24
vert,24
lot,24
ian,24
ride,24
tured,24
ris,24
moid,24
bus,24
carp,24
mit,24
pot,24
ket,24
yard,24
skin,24
pan,24
born,24
dar,24
gant,23
ered,23
tage,23
dist,23
gic,23
tance,23
sine,22
les,22
bling,22
ply,22
duct,22
tar,22
hound,22
cist,22
trum,22
rose,22
tra,22
cele,22
logue,22
nis,22
horn,22
trous,22
boat,22
cyst,22
ade,22
mere,22
thous,22
ring,22
stick,22
act,22
bit,22
sphere,22
hand,21
ces,21
ball,21
dry,21
fin,21
cap,21
sance,21
tron,21
ney,21
tish,21
more,21
derm,21
ings,21
rid,21
cloth,21
tree,21
wing,21
bite,21
cel,21
pha,21
ice,21
vous,21
ane,21
ree,21
grate,21
non,21
pel,21
cize,20
sile,20
ern,20
cose,20
cid,20
quet,20
long,20
plasm,20
pen,20
mi,20
om,20
fect,20
nol,20
seed,20
duce,20
bound,20
port,20
tice,20
gus,20
grade,20
bed,20
ni,20
see,20
ge,20
fly,20
mize,20
tient,19
tend,19
quence,19
branch,19
lade,19
lah,19
bel,19
sey,19
de,19
proof,19
dic,19
fall,19
chord,19
phate,19
mote,19
verse,19
quy,19
state,19
gene,19
tler,19
lid,19
mar,18
rage,18
rum,18
ken,18
post,18
drous,18
gogue,18
sail,18
del,18
cene,18
bine,18
rel,18
stand,18
cast,18
hold,18
gee,18
gism,18
craft,18
tune,18
cled,18
kler,18
plast,18
mark,18
tence,18
met,17
nese,17
case,17
toon,17
pe,17
maid,17
beam,17
mism,17
cum,17
say,17
ried,17
po,17
bolt,17
press,17
lith,17
gar,17
ise,17
cive,17
dure,17
morph,17
ied,17
fid,17
fuse,17
shot,17
gin,17
ros,17
thus,17
box,16
we,16
til,16
rax,16
zel,16
bow,16
dum,16
ther,16
rer,16
nide,16
geon,16
plate,16
mis,16
crate,16
bing,16
dling,16
bet,16
ways,16
phane,16
down,16
fit,16
dock,16
sette,16
pon,16
be,16
di,16
trine,15
mouse,15
thing,15
nee,15
cade,15
cot,15
take,15
cho,15
sign,15
scribe,15
sperm,15
eye,15
stome,15
lie,15
lect,15
zy,15
gious,15
gite,15
vy,15
join,15
got,15
pipe,15
fice,15
thin,15
cre,15
ette,15
cet,15
trel,15
vant,15
nence,15
nette,15
ier,15
staff,15
bral,15
mes,14
lance,14
ras,14
bush,14
ious,14
gish,14
grave,14
sist,14
rect,14
lard,14
tie,14
fare,14
fler,14
rack,14
up,14
sum,14
face,14
chus,14
chic,14
trap,14
out,14
teen,14
bra,14
close,14
gest,14
lace,14
dric,14
top,14
fix,14
point,14
turn,14
bane,14
brous,14
sen,14
ized,14
bal,14
me,14
tid,14
phide,14
gard,14
thist,13
plant,13
trope,13
stead,13
dus,13
ce,13
san,13
spring,13
chrome,13
main,13
lier,13
tioned,13
nym,13
ban,13
vise,13
dane,13
coat,13
vent,13
tered,13
dress,13
bear,13
cure,13
ged,13
tling,13
mas,13
rock,13
ow,13
script,13
and,13
gre,13
ue,13
mold,13
tane,13
che,13
cic,13
dize,13
sage,13
lop,13
soid,13
plex,13
tene,13
nyl,13
dism,13
bout,13
tard,13
phon,13
rone,13
vel,13
nade,13
dam,13
cat,13
tol,13
dee,13
serve,13
dish,13
part,13
come,13
pic,13
one,13
mid,13
ven,13
ming,13
flow,12
bat,12
bee,12
goid,12
draw,12
quin,12
print,12
tled,12
gum,12
but,12
tour,12
hook,12
neer,12
ders,12
som,12
self,12
worn,12
our,12
move,12
wit,12
shell,12
kled,12
mure,12
gage,12
stall,12
cede,12
struct,12
pled,12
gi,12
base,12
phe,12
ren,12
bent,12
dant,12
sade,12
cake,12
ges,12
wind,12
pend,12
ah,12
bok,12
grant,12
pore,12
coele,12
ia,12
phite,12
finch,12
smith,12
pass,12
vene,12
foil,12
bote,12
pid,12
pone,12
gled,12
gue,12
cil,12
dict,12
dog,12
mouth,12
night,12
cise,12
fine,12
op,12
ers,12
valve,12
prise,12
cience,12
sect,12
string,12
step,12
wall,12
bish,12
name,12
lure,12
cess,11
zine,11
where,11
eth,11
nid,11
vis,11
bor,11
cole,11
ject,11
pole,11
wife,11
glyph,11
hend,11
tha,11
fa,11
fore,11
mage,11
saur,11
bark,11
ceive,11
lied,11
mot,11
ha,11
lor,11
ya,11
sent,11
tise,11
die,11
roon,11
place,11
ient,11
give,11
tres,11
rence,11
mount,11
play,11
right,11
las,11
charge,11
rol,11
pler,11
si,11
glass,11
crat,11
chin,11
tract,11
spect,11
claim,11
grass,11
guard,11
trant,11
lege,11
key,11
mise,11
dice,11
sol,11
dome,11
kling,11
sack,11
wig,11
drop,11
none,11
dore,11
lide,11
gress,11
saw,11
sier,11
cral,11
live,11
dra,11
cord,11
io,11
sert,11
treat,11
cute,11
rhine,11
quist,11
pee,10
bon,10
salt,10
ese,10
bred,10
bread,10
am,10
fast,10
tas,10
teau,10
stay,10
pi,10
vo,10
sole,10
pice,10
ode,10
sle,10
eled,10
tom,10
teur,10
cage,10
wright,10
ray,10
pace,10
range,10
brace,10
dered,10
pound,10
speak,10
sume,10
pit,10
tule,10
gling,10
pis,10
tex,10
eon,10
force,10
bid,10
lish,10
tire,10
thic,10
word,10
pie,10
flux,10
cur,10
quate,10
bose,10
geous,10
firm,10
weight,10
edge,10
sane,10
rah,10
gual,10
shop,10
lain,10
gie,10
ground,10
cane,10
path,10
asm,10
herd,10
bind,10
stat,10
lane,10
bard,10
rene,10
forth,9
cline,9
ert,9
rope,9
joint,9
vir,9
bism,9
roll,9
doo,9
bist,9
rat,9
boil,9
race,9
pute,9
score,9
prove,9
dote,9
mand,9
ew,9
cup,9
prize,9
dit,9
nor,9
jack,9
nu,9
praise,9
end,9
sil,9
dance,9
green,9
loo,9
ute,9
lip,9
quette,9
pish,9
meal,9
gree,9
lee,9
pack,9
bore,9
pay,9
hoo,9
size,9
thal,9
mene,9
hawk,9
vey,9
quous,9
role,9
car,9
cean,9
cloud,9
nail,9
du,9
lette,9
ior,9
ram,9
dow,9
growth,9
miss,9
phyll,9
gun,9
brush,9
ast,9
vil,9
vest,9
ci,9
tim,9
due,9
sick,9
yer,9
haul,9
cut,9
stere,9
bled,9
bles,9
put,9
stroke,9
shine,9
thene,9
zin,9
ace,9
pode,9
lex,9
chise,9
phine,9
chi,9
fowl,9
rade,9
len,9
chate,9
made,9
ses,9
volve,9
gale,9
lude,9
pire,9
grace,9
col,9
zen,9
vet,9
horse,9
fire,9
ity,9
crete,9
sial,9
shaw,9
wheel,9
roo,9
drome,9
plane,9
trust,9
van,8
gion,8
brose,8
sess,8
fling,8
field,8
core,8
door,8
shape,8
chism,8
ve,8
count,8
plete,8
ror,8
shoot,8
deal,8
brel,8
sue,8
worth,8
break,8
spire,8
ho,8
phize,8
bub,8
wax,8
stitch,8
pant,8
well,8
plead,8
page,8
rein,8
sight,8
gor,8
tute,8
leaf,8
yan,8
duck,8
mix,8
clude,8
een,8
spread,8
lash,8
pane,8
tur,8
zon,8
gid,8
burn,8
rot,8
lam,8
bered,8
nath,8
sied,8
phile,8
gild,8
dew,8
storm,8
clave,8
think,8
knot,8
note,8
iff,8
coon,8
dene,8
cher,8
pair,8
throne,8
chite,8
ded,8
os,8
gel,8
vat,8
lief,8
trist,8
lapse,8
mor,8
flate,8
tooth,8
lime,8
od,8
arm,8
poise,8
dol,8
dash,8
bell,8
formed,8
stem,8
road,8
thorn,8
look,8
test,8
mum,8
droid,8
fet,8
loon,8
mule,8
tode,8
tyle,8
quire,8
breed,8
nounce,8
shore,8
thi,8
bis,8
rupt,8
tet,8
volt,8
rette,8
voke,8
throat,8
folk,8
trite,8
posed,8
nest,8
pense,8
mast,8
dos,8
link,8
cept,8
wash,8
ky,8
course,8
pure,8
fort,8
pence,8
thine,8
mock,8
paint,8
bund,8
tort,8
nie,8
tote,8
node,8
vide,8
thought,8
esque,8
ens,8
stalk,7
solve,7
blet,7
stress,7
pare,7
thism,7
old,7
pact,7
log,7
comb,7
chief,7
bag,7
dour,7
twine,7
backed,7
hill,7
pulse,7
burse,7
chant,7
mute,7
boo,7
plot,7
mire,7
stic,7
blow,7
vor,7
rey,7
seem,7
love,7
bous,7
mew,7
grine,7
quest,7
vist,7
stant,7
mour,7
gly,7
know,7
sand,7
burst,7
deer,7
dise,7
write,7
while,7
mane,7
card,7
loin,7
poll,7
plume,7
gas,7
drake,7
wake,7
leg,7
ryl,7
zal,7
heart,7
lode,7
tuse,7
graft,7
nelle,7
star,7
spur,7
toir,7
thon,7
dem,7
vail,7
bile,7
buck,7
bay,7
thes,7
canth,7
tu,7
dight,7
store,7
tich,7
beg,7
faced,7
march,7
sioned,7
ache,7
pert,7
pent,7
vit,7
file,7
rach,7
ach,7
found,7
breast,7
dre,7
ford,7
chet,7
bu,7
nerved,7
bot,7
pite,7
all,7
reme,7
front,7
gorge,7
shoe,7
gain,7
wards,7
trice,7
then,7
sie,7
trude,7
guish,7
tos,7
phal,7
vi,7
drite,7
ke,7
quake,7
nard,7
mide,7
nex,7
stich,7
soon,7
mask,7
fere,7
king,7
cuse,7
lich,7
brain,7
zar,7
gua,7
bi,7
burg,7
sar,7
zo,7
ja,7
suit,7
pas,7
reach,7
cor,7
fork,7
beak,7
there,7
gine,7
view,7
judge,7
cyte,7
bric,7
thite,7
crow,7
ki,7
neck,7
beard,7
rail,7
chist,7
sit,7
tied,7
vote,7
swear,7
sing,7
cost,7
cern,7
lix,7
blance,7
kind,7
coct,6
rance,6
grow,6
mur,6
them,6
pers,6
lu,6
nule,6
lope,6
ploy,6
latch,6
rank,6
ick,6
ope,6
charm,6
char,6
the,6
beat,6
ass,6
cross,6
too,6
sured,6
change,6
cling,6
nay,6
cave,6
gat,6
clase,6
tals,6
ham,6
bug,6
scious,6
clothes,6
chase,6
rix,6
vin,6
brine,6
hide,6
drine,6
hair,6
chan,6
vade,6
camp,6
se,6
rick,6
trol,6
tly,6
with,6
seal,6
curse,6
wrought,6
phene,6
tow,6
lote,6
lax,6
gown,6
deem,6
fess,6
flame,6
did,6
dide,6
dame,6
wrap,6
seur,6
hang,6
vose,6
hyde,6
lete,6
tax,6
vid,6
sock,6
train,6
tache,6
gay,6
stool,6
chat,6
iard,6
rede,6
taste,6
tit,6
zate,6
rile,6
rive,6
screw,6
pes,6
trin,6
tong,6
mode,6
pra,6
lack,6
kie,6
thrall,6
run,6
boid,6
fret,6
fray,6
braid,6
vic,6
zee,6
tinct,6
sound,6
lac,6
clast,6
dyl,6
jo,6
fool,6
lyl,6
gyn,6
hale,6
tad,6
strain,6
pile,6
bule,6
bre,6
gra,6
fest,6
cue,6
esse,6
wear,6
mail,6
tock,6
not,6
lyze,6
peer,6
laid,6
thrift,6
sell,6
cult,6
tere,6
cense,6
cere,6
wish,6
oe,6
gird,6
god,6
frame,6
teenth,6
nock,6
bud,6
palp,6
mart,6
still,6
black,6
bank,6
loft,6
zant,6
muse,6
jou,6
fract,6
als,6
merge,6
vie,6
deau,6
selle,6
rise,6
qual,6
void,6
sam,6
por,6
just,6
tade,6
wand,6
im,6
goose,6
slave,6
dust,6
fight,6
sides,6
throw,6
weigh,6
aged,6
brant,6
nerve,6
shut,6
read,6
flesh,6
ax,6
ries,6
enne,6
gone,6
zor,6
cheat,6
vive,6
poon,6
lord,6
cion,6
tense,6
pugn,6
ock,6
rush,6
load,6
if,6
bah,6
nos,6
ured,6
riage,6
reeve,6
hall,6
make,6
mean,6
vite,6
fee,6
pawn,6
bones,6
pressed,6
gut,6
rain,6
toe,6
thoid,6
bless,6
chick,6
nim,6
rath,6
cart,6
bur,6
brance,6
hock,6
quer,6
mend,6
bend,6
zard,6
gall,6
blind,6
lyte,6
mill,6
crum,6
stop,6
lap,6
bene,6
dose,6
tomb,6
trance,5
fled,5
rass,5
lasse,5
pierce,5
shed,5
ished,5
dule,5
stringe,5
noun,5
gris,5
wite,5
bac,5
red,5
oon,5
ial,5
rhus,5
gig,5
pale,5
shire,5
lore,5
wick,5
hatch,5
nure,5
drum,5
stance,5
swain,5
meat,5
drift,5
ay,5
led,5
los,5
lings,5
strict,5
cund,5
sow,5
park,5
tyr,5
win,5
iced,5
dain,5
muth,5
hume,5
phid,5
kly,5
warn,5
halt,5
rag,5
last,5
vance,5
clasp,5
war,5
skip,5
ell,5
vouch,5
crest,5
lead,5
rex,5
phant,5
vile,5
zler,5
tund,5
spun,5
nue,5
scind,5
dier,5
moor,5
much,5
reen,5
bang,5
vum,5
sous,5
mie,5
fill,5
send,5
mont,5
cu,5
lodge,5
hear,5
ored,5
ril,5
flex,5
drate,5
das,5
grain,5
hew,5
ang,5
boose,5
nas,5
quish,5
flect,5
mish,5
pest,5
hance,5
tif,5
crease,5
lops,5
bridge,5
pize,5
cile,5
nil,5
nics,5
lice,5
lick,5
her,5
vus,5
hort,5
fund,5
lese,5
ko,5
rong,5
here,5
law,5
chor,5
ued,5
wale,5
troid,5
cron,5
rule,5
warp,5
tempt,5
ough,5
trode,5
call,5
tack,5
trize,5
deck,5
thol,5
bour,5
chain,5
iar,5
coil,5
quant,5
plus,5
ioned,5
guine,5
phor,5
slip,5
gust,5
vism,5
skirt,5
brum,5
geld,5
tread,5
coach,5
slack,5
search,5
tier,5
sted,5
choid,5
lobed,5
chous,5
fel,5
bloom,5
nam,5
stride,5
spend,5
liard,5
roy,5
nul,5
celle,5
mac,5
mant,5
jure,5
stir,5
pla,5
zier,5
snake,5
breadth,5
soul,5
peck,5
start,5
nat,5
stake,5
plow,5
bide,5
breathe,5
sort,5
rogue,5
em,5
stein,5
zie,5
soil,5
rit,5
dole,5
lyx,5
bench,5
robe,5
bung,5
fuge,5
lieu,5
ceit,5
twist,5
kee,5
ost,5
strate,5
wreathe,5
cler,5
ale,5
crop,5
seat,5
watch,5
phalt,5
zyme,5
toire,5
mint,5
gade,5
tint,5
que,5
gose,5
sleep,5
math,5
ceps,5
ash,5
broid,5
phus,5
seize,5
tomed,5
pope,5
chion,5
term,5
match,5
shaft,5
spast,5
tell,5
wet,5
sore,5
sang,5
und,5
weep,5
bec,5
rake,5
terne,5
drin,5
tray,5
mort,5
rish,5
kous,5
took,5
hive,5
tiff,5
tongue,5
dale,5
bey,5
now,5
sult,5
trorse,5
suade,5
cyl,5
teem,5
taur,5
round,5
zite,5
chis,5
grieve,5
thong,5
bage,5
ald,5
girt,5
till,5
mete,5
streak,5
gore,5
gry,5
nix,5
fo,5
chair,5
build,5
child,5
peach,5
glow,5
ail,5
pear,5
yoke,5
dive,5
gret,5
gil,5
vers,5
lit,5
ripe,5
rest,5
eyed,5
song,5
dix,5
kite,5
seen,5
gered,5
guer,5
leave,5
seek,5
chee,5
walk,5
lieve,5
are,5
swell,5
stare,5
bash,5
thete,5
fist,5
mos,5
strike,5
hem,5
chon,5
zing,5
sire,5
nick,5
chil,5
glaze,5
fame,5
mad,5
sac,5
duke,5
teer,5
bored,5
sale,5
nier,5
pede,5
grin,5
fence,5
fend,5
sour,5
ryx,5
qua,5
cuss,5
straint,5
flexed,5
sea,4
ab,4
based,4
crew,4
shank,4
scend,4
cert,4
scent,4
done,4
dorse,4
dove,4
blaze,4
cone,4
bode,4
meet,4
said,4
plain,4
bray,4
pour,4
sad,4
tein,4
broach,4
sorb,4
cis,4
mune,4
morse,4
what,4
truss,4
naire,4
nute,4
lows,4
sill,4
jah,4
deme,4
frage,4
guy,4
show,4
cend,4
cloy,4
shroud,4
rics,4
coast,4
nect,4
ett,4
tren,4
lesse,4
grel,4
wold,4
compt,4
coy,4
mul,4
sha,4
quaint,4
esce,4
hen,4
sarc,4
shade,4
cod,4
spot,4
gaze,4
than,4
nome,4
molt,4
trait,4
loom,4
cob,4
daw,4
gang,4
sun,4
doom,4
lux,4
clothe,4
ut,4
text,4
gem,4
shave,4
loche,4
kins,4
fringe,4
quism,4
journ,4
climb,4
starch,4
class,4
sheathe,4
skull,4
beer,4
doid,4
hap,4
ience,4
toss,4
clad,4
lized,4
zure,4
cit,4
dung,4
tick,4
straw,4
vict,4
cra,4
dorn,4
verb,4
witch,4
ween,4
vice,4
trer,4
pledge,4
freight,4
voy,4
spell,4
ghan,4
float,4
guar,4
chuck,4
foul,4
vex,4
curl,4
nique,4
birth,4
clap,4
game,4
keep,4
chance,4
noon,4
church,4
bier,4
rang,4
amb,4
roof,4
buy,4
loch,4
stack,4
gast,4
mys,4
nice,4
nast,4
sake,4
pere,4
pick,4
rowed,4
ans,4
hearse,4
earth,4
gog,4
struck,4
heat,4
mell,4
lorn,4
wink,4
thos,4
bathe,4
vage,4
guise,4
bath,4
gush,4
lient,4
bant,4
spin,4
fete,4
pond,4
phrase,4
cote,4
ique,4
nit,4
fierce,4
wrest,4
therm,4
nile,4
hu,4
please,4
plat,4
barge,4
eous,4
waste,4
uled,4
seme,4
scale,4
resque,4
hest,4
sway,4
teach,4
spent,4
dern,4
shee,4
elle,4
teuch,4
hoof,4
nered,4
chard,4
zet,4
speech,4
pered,4
chaps,4
rig,4
of,4
slow,4
guid,4
trade,4
lew,4
lad,4
loge,4
paw,4
pea,4
pox,4
gol,4
oth,4
pu,4
trunk,4
cret,4
rib,4
bald,4
ledge,4
pool,4
rich,4
chong,4
aud,4
bake,4
ruse,4
rote,4
dox,4
heal,4
plied,4
longe,4
neme,4
tribe,4
mette,4
sote,4
deed,4
sword,4
stairs,4
tare,4
trail,4
slide,4
lone,4
jet,4
su,4
block,4
friend,4
glove,4
cease,4
use,4
gam,4
pight,4
tesque,4
lem,4
wayed,4
blown,4
ease,4
urn,4
patch,4
zene,4
ruff,4
dex,4
pade,4
nip,4
maze,4
cras,4
bob,4
drel,4
crown,4
sled,4
tailed,4
grease,4
crust,4
drain,4
phi,4
gu,4
uer,4
cry,4
sia,4
vow,4
oo,4
cinct,4
scape,4
fic,4
ened,4
meer,4
kel,4
nob,4
tag,4
nuse,4
tale,4
sty,4
mir,4
soun,4
dred,4
pike,4
vast,4
rice,4
teel,4
lass,4
spiel,4
ze,4
free,4
hoe,4
quat,4
vore,4
thys,4
fex,4
bole,4
jan,4
lave,4
caul,4
aunt,4
thyl,4
boom,4
graff,4
grim,4
gross,4
hoop,4
dile,4
zol,4
lark,4
lowed,4
cosm,4
laugh,4
knife,4
mede,4
purse,4
drachm,4
new,4
hent,4
gles,4
hele,4
claw,4
vas,4
dil,4
tem,4
keen,4
liche,4
tot,4
dah,4
trad,4
dare,4
rese,4
syl,4
dart,4
phin,4
mesh,4
chel,4
learn,4
lease,4
dyne,4
spar,4
sard,4
bert,4
ridge,4
plight,4
noint,4
choir,4
cians,4
fact,4
past,4
lat,4
voice,4
zoid,4
dear,4
seam,4
veil,4
tat,4
glot,4
sear,4
fat,4
lel,4
cied,4
doon,4
brist,4
zone,4
seel,4
brained,4
how,4
paid,4
brand,4
labe,4
died,4
dis,4
creet,4
par,4
weave,4
talk,4
sky,4
pat,4
sou,4
speed,4
plet,4
reign,4
hung,4
weld,4
peal,4
milk,4
enced,4
proach,4
pre,4
pos,4
sperse,4
span,4
swathe,4
apt,4
relle,4
burgh,4
poy,4
raise,4
yon,4
ak,4
siege,4
toil,4
plore,4
phase,4
bust,4
this,4
sault,4
pout,4
trench,4
ime,4
meil,4
shal,4
rear,4
wares,4
wolf,4
mersed,4
armed,4
wheat,4
mil,4
sop,4
lyn,4
rouse,4
pect,4
ynx,4
wee,4
ops,4
gance,4
prop,4
ere,4
brin,4
from,4
lune,4
smear,3
erg,3
rand,3
dled,3
urge,3
tience,3
chette,3
shame,3
john,3
eoned,3
pene,3
brim,3
broil,3
mund,3
cies,3
lume,3
groat,3
sped,3
ik,3
smart,3
brow,3
brown,3
prompt,3
dess,3
dly,3
bright,3
brute,3
raign,3
bes,3
lim,3
gill,3
persed,3
chu,3
soir,3
trid,3
groom,3
ume,3
buff,3
spoon,3
foon,3
brid,3
merse,3
poop,3
phen,3
built,3
lau,3
tarch,3
naut,3
space,3
mics,3
bulk,3
gics,3
bull,3
kiln,3
feast,3
gile,3
strance,3
priest,3
frog,3
brew,3
sart,3
glade,3
nude,3
tect,3
when,3
ciant,3
trage,3
lest,3
chen,3
cale,3
queen,3
rim,3
sued,3
teague,3
ceed,3
sot,3
suage,3
ect,3
sense,3
soot,3
fense,3
stamp,3
plar,3
snarl,3
full,3
feat,3
those,3
fault,3
knit,3
stuff,3
treme,3
snare,3
pop,3
pause,3
toise,3
thrix,3
tume,3
glance,3
legs,3
shanks,3
plexed,3
stile,3
stice,3
brave,3
strum,3
peak,3
world,3
bence,3
trict,3
cad,3
wine,3
shrine,3
ches,3
dad,3
loop,3
braise,3
clined,3
git,3
cerp,3
loose,3
tesse,3
cio,3
keet,3
cam,3
stood,3
faith,3
dro,3
chrone,3
wail,3
rithm,3
tigue,3
max,3
sport,3
poid,3
au,3
tached,3
lif,3
thrax,3
pash,3
mined,3
plum,3
feed,3
jee,3
sconce,3
bowl,3
thirst,3
luck,3
thwart,3
tilt,3
luke,3
feel,3
tou,3
pard,3
was,3
safe,3
niche,3
dette,3
trip,3
mile,3
flet,3
warm,3
phied,3
mare,3
tach,3
dream,3
tame,3
fell,3
neal,3
kus,3
phire,3
turb,3
boss,3
kage,3
leap,3
felt,3
large,3
bosh,3
task,3
phote,3
dak,3
whip,3
tired,3
thrope,3
cloid,3
cas,3
joy,3
naise,3
cape,3
vette,3
tole,3
lais,3
dride,3
torn,3
peep,3
wal,3
pouch,3
twain,3
neath,3
wis,3
near,3
curve,3
sphinx,3
twirl,3
bade,3
sap,3
tosh,3
booth,3
for,3
geen,3
few,3
tess,3
find,3
hope,3
berge,3
mese,3
gulf,3
cass,3
bril,3
nep,3
greed,3
bas,3
pier,3
peen,3
pied,3
muck,3
moon,3
glut,3
disc,3
thank,3
scalp,3
brach,3
shelf,3
glue,3
gloom,3
freeze,3
nyx,3
mat,3
tych,3
vaunce,3
jaw,3
neled,3
merce,3
touch,3
tridge,3
venge,3
sprit,3
hout,3
filed,3
ele,3
flaw,3
hoard,3
trism,3
gna,3
sheet,3
feoff,3
shew,3
shoo,3
cuff,3
oun,3
flint,3
bry,3
shift,3
bold,3
versed,3
flood,3
bogue,3
vulse,3
clasm,3
heads,3
vere,3
trics,3
sute,3
pless,3
pasm,3
puce,3
pult,3
wait,3
jay,3
catch,3
oned,3
sat,3
white,3
els,3
ounce,3
lymph,3
prey,3
hire,3
stade,3
mu,3
aye,3
buss,3
ets,3
yen,3
tles,3
lome,3
yond,3
hip,3
ote,3
plunge,3
tear,3
erned,3
bul,3
lech,3
cay,3
rai,3
tuck,3
pling,3
bace,3
bond,3
boned,3
alt,3
pad,3
loud,3
lule,3
blink,3
guess,3
served,3
locks,3
ond,3
pearl,3
split,3
telle,3
spice,3
blende,3
troon,3
loy,3
reef,3
iph,3
nog,3
told,3
trace,3
bait,3
skite,3
lend,3
pheme,3
soned,3
lond,3
lift,3
ont,3
meant,3
frock,3
crack,3
helm,3
fern,3
nah,3
sew,3
aph,3
bale,3
mals,3
life,3
sleeve,3
poose,3
laced,3
blade,3
pock,3
quil,3
hist,3
cowl,3
balm,3
gnon,3
pang,3
feet,3
lert,3
enge,3
tro,3
leer,3
track,3
couth,3
rap,3
broth,3
limb,3
limn,3
taille,3
legge,3
narch,3
barb,3
sweet,3
roost,3
touse,3
crist,3
kon,3
year,3
shah,3
pand,3
soy,3
fong,3
tened,3
bump,3
laine,3
bare,3
bum,3
legged,3
tross,3
necked,3
knee,3
jog,3
lep,3
wend,3
feit,3
jar,3
neb,3
slop,3
tah,3
lomb,3
roast,3
aid,3
hot,3
leur,3
brake,3
geur,3
quean,3
lol,3
fume,3
tram,3
went,3
wot,3
sers,3
prism,3
sas,3
street,3
hoy,3
spear,3
soar,3
scout,3
eign,3
high,3
roar,3
hell,3
height,3
bast,3
preach,3
pray,3
ned,3
bowed,3
yle,3
prince,3
hog,3
selves,3
chest,3
rump,3
chie,3
shod,3
rode,3
spond,3
east,3
week,3
shock,3
heave,3
tue,3
grief,3
kat,3
dage,3
dere,3
zoo,3
gleam,3
guist,3
group,3
shake,3
chine,3
nook,3
vered,3
yat,3
rup,3
ru,3
reau,3
big,3
bleed,3
blood,3
blot,3
crake,3
calm,3
sooth,3
eared,3
cork,3
choose,3
det,3
cause,3
clist,3
rind,3
chose,3
glet,3
tai,3
nach,3
fresh,3
clip,3
dwell,3
oc,3
sene,3
cope,3
palm,3
flush,3
phim,3
lung,3
sept,3
chute,3
proud,3
proved,3
taph,3
peat,3
trose,3
rete,3
times,3
sith,3
tsy,3
neau,3
trow,3
steel,3
gong,3
flict,3
mone,3
myl,3
will,3
clet,3
tings,3
fair,3
far,3
haste,3
wreck,3
cluse,3
wray,3
dim,3
hed,3
dult,3
rok,3
droit,3
hasp,3
dread,3
drad,3
drench,3
whore,3
vince,3
drone,3
nace,3
zly,3
nymph,3
trim,3
ku,3
dye,3
verge,3
ghe,3
drive,3
wist,3
clare,3
drink,3
wan,3
thump,3
nought,3
clay,3
spike,3
fog,3
gaff,3
sos,3
clew,3
tele,3
coup,3
naught,3
strant,3
junct,3
bize,3
strive,3
taught,3
cloak,3
same,3
known,3
bol,3
strew,3
west,3
rod,3
mouthed,3
ohm,3
clout,3
straught,3
gane,3
mole,3
stow,3
such,3
drawn,3
je,3
lesce,3
days,3
guile,3
tight,3
noise,3
pern,3
balt,3
tek,3
gear,3
have,3
gio,3
tact,3
aunce,3
gis,3
held,3
ome,3
wont,3
cred,3
prate,3
strue,3
crase,3
coa,3
moth,3
code,3
quit,3
shirt,3
spit,3
dille,3
ditch,3
wode,3
sir,3
goon,3
cold,3
true,3
zance,3
hack,3
heir,3
rad,3
ual,3
strained,3
geat,3
dir,3
cee,3
draft,3
ruk,3
vese,3
cumb,3
does,3
court,3
snow,3
kier,3
trick,3
whap,3
plish,3
perch,3
plice,3
slaw,3
enth,3
greet,3
kill,3
fox,3
coll,3
wag,3
risk,3
league,3
nys,3
knave,3
loped,3
laud,3
morn,3
soph,3
phoid,3
fry,3
stream,3
frey,3
snipe,3
nax,3
mence,3
scorn,3
aire,3
cheer,3
mons,3
globe,3
girl,3
saint,3
belt,3
rob,3
rime,3
stain,3
geal,3
toed,3
scat,3
thate,3
sence,3
iad,3
nag,3
sib,3
gold,3
rhyme,3
voir,3
boc,3
rase,3
reft,3
mee,3
reave,3
goth,3
bord,3
pline,3
rye,3
quote,3
blush,3
gramme,3
prose,3
plumed,3
rab,3
moil,3
laut,3
bib,3
lag,3
grove,3
great,3
mol,3
numb,3
nion,3
kirk,3
tlish,3
griff,3
mace,3
doubt,3
kiss,3
dense,3
dot,3
lein,3
quing,2
demn,2
news,2
chog,2
conch,2
cerned,2
dign,2
caved,2
gees,2
mue,2
mud,2
duit,2
punct,2
dyle,2
quash,2
tac,2
tang,2
fide,2
taire,2
plaint,2
phan,2
pinge,2
rhic,2
iant,2
fus,2
moule,2
mould,2
fute,2
ked,2
koo,2
thide,2
wealth,2
weal,2
pho,2
phew,2
umn,2
colt,2
lared,2
neat,2
crose,2
tared,2
pork,2
thar,2
science,2
scient,2
ghau,2
coit,2
tril,2
groid,2
neif,2
coin,2
coigne,2
phar,2
fure,2
coif,2
gnac,2
month,2
cog,2
cie,2
shy,2
roach,2
sul,2
sieur,2
pins,2
tride,2
webbed,2
web,2
mome,2
swan,2
gioned,2
bourg,2
nole,2
clutch,2
clue,2
shun,2
moke,2
moist,2
thirl,2
toc,2
clog,2
clock,2
cans,2
clinch,2
cliff,2
temps,2
clench,2
trive,2
clean,2
nun,2
nup,2
queur,2
rial,2
vexed,2
ars,2
rhous,2
cirque,2
lique,2
scene,2
gyre,2
wed,2
tave,2
scum,2
mex,2
thrive,2
stayed,2
cook,2
cierge,2
ary,2
sheathed,2
oil,2
chyme,2
pell,2
chete,2
coomb,2
mened,2
coop,2
vised,2
mirth,2
prase,2
minx,2
chlore,2
guent,2
tope,2
mind,2
cops,2
aled,2
mime,2
chow,2
bie,2
pah,2
paque,2
wain,2
pye,2
taws,2
crib,2
floor,2
chit,2
orn,2
shuck,2
fon,2
zome,2
wive,2
ennes,2
roun,2
rash,2
corps,2
seism,2
corpse,2
sians,2
rei,2
chew,2
roned,2
teyn,2
chese,2
gril,2
vee,2
quench,2
phee,2
raze,2
mance,2
meve,2
scold,2
stretch,2
lewe,2
tarse,2
phrast,2
preme,2
strip,2
woe,2
gare,2
ised,2
cond,2
nille,2
couch,2
dames,2
quell,2
cough,2
hage,2
toun,2
lisse,2
loir,2
seer,2
strow,2
rou,2
weak,2
whelm,2
melt,2
lath,2
zeal,2
phyre,2
ain,2
cheek,2
wher,2
check,2
yx,2
feur,2
scarf,2
sink,2
sunk,2
meek,2
chaste,2
chast,2
hi,2
chasm,2
paled,2
qui,2
sly,2
geant,2
coal,2
palped,2
ies,2
stave,2
crous,2
champ,2
itch,2
ois,2
leech,2
dril,2
maund,2
fron,2
meck,2
terie,2
lenge,2
laze,2
pegm,2
trass,2
chak,2
parch,2
chafe,2
cest,2
crane,2
garde,2
mash,2
sim,2
cray,2
pau,2
pheus,2
tring,2
llais,2
creed,2
creep,2
nees,2
pance,2
celled,2
marque,2
peace,2
kis,2
tonne,2
marked,2
rined,2
cric,2
cell,2
darn,2
ins,2
crith,2
ul,2
croft,2
celed,2
siered,2
crosse,2
grained,2
caw,2
seuse,2
weet,2
peg,2
caught,2
sup,2
thay,2
steen,2
crout,2
nege,2
crowd,2
pens,2
gos,2
waul,2
trough,2
chize,2
idge,2
sism,2
cube,2
sient,2
mall,2
tlet,2
pint,2
sham,2
zont,2
cask,2
whin,2
cash,2
sern,2
phare,2
rassed,2
vol,2
carve,2
threne,2
crol,2
rif,2
prit,2
gilp,2
carte,2
roche,2
carl,2
prum,2
pule,2
bou,2
wipe,2
care,2
pax,2
curt,2
chem,2
ack,2
drops,2
sule,2
sheaf,2
pette,2
price,2
queer,2
pote,2
pitch,2
lyre,2
vass,2
nosed,2
tred,2
toned,2
pris,2
lawn,2
witz,2
niere,2
dace,2
plaid,2
dag,2
tab,2
plait,2
lust,2
lusk,2
plan,2
tuft,2
cand,2
croid,2
dark,2
naille,2
pleat,2
lunge,2
iance,2
aks,2
paned,2
paign,2
plein,2
moused,2
boge,2
keeled,2
lotte,2
share,2
luce,2
works,2
pluck,2
deaf,2
plumb,2
dean,2
calf,2
louse,2
ends,2
calced,2
grous,2
debt,2
thrum,2
loth,2
jun,2
lost,2
jole,2
ange,2
hoot,2
gnette,2
strife,2
polled,2
mag,2
cerpt,2
lionth,2
fre,2
rans,2
pome,2
pomp,2
chou,2
tace,2
tass,2
tons,2
deep,2
rys,2
fail,2
falk,2
shard,2
sherd,2
butt,2
burnt,2
noose,2
burned,2
goo,2
gess,2
nian,2
scouse,2
flour,2
combe,2
fraud,2
germ,2
bun,2
loan,2
hors,2
husk,2
wark,2
deign,2
nosce,2
vre,2
doze,2
lived,2
tige,2
lict,2
marge,2
preve,2
priced,2
dell,2
arge,2
delph,2
uge,2
delve,2
punch,2
buhl,2
prieve,2
uid,2
gloss,2
mesne,2
maire,2
bruise,2
bronze,2
crin,2
brog,2
chure,2
brit,2
monde,2
rep,2
bring,2
prune,2
brief,2
vill,2
pull,2
bribe,2
breve,2
bret,2
brest,2
brere,2
brent,2
bren,2
hon,2
phlegm,2
breeze,2
leve,2
breech,2
prive,2
brede,2
vish,2
scry,2
cia,2
fruit,2
bille,2
quad,2
brawn,2
onced,2
brash,2
lens,2
brank,2
spite,2
tege,2
brag,2
spoil,2
rith,2
yar,2
spume,2
stroy,2
suete,2
wow,2
stringed,2
quick,2
leaves,2
feu,2
bourn,2
geois,2
leash,2
bouk,2
bouche,2
bossed,2
bosk,2
lean,2
von,2
vout,2
vark,2
quite,2
zism,2
phragm,2
borne,2
booze,2
veer,2
boots,2
hose,2
raff,2
fused,2
dig,2
digne,2
dike,2
raft,2
guled,2
larch,2
boot,2
lapsed,2
stale,2
dong,2
lian,2
booked,2
nik,2
tase,2
gure,2
baned,2
tlings,2
guaged,2
gyl,2
syne,2
pyl,2
nair,2
pyre,2
liege,2
bomb,2
stered,2
streight,2
buke,2
boln,2
boll,2
gey,2
closed,2
withe,2
bance,2
tube,2
eased,2
gaged,2
moved,2
blant,2
source,2
sown,2
pouse,2
bleat,2
vamp,2
veal,2
haunt,2
mange,2
yette,2
blanch,2
blame,2
blain,2
strap,2
leal,2
ringed,2
valved,2
lab,2
rink,2
kythe,2
rip,2
loes,2
risse,2
loign,2
roc,2
maw,2
may,2
blige,2
orb,2
ord,2
own,2
ters,2
kang,2
dised,2
seye,2
bise,2
cuit,2
plode,2
pont,2
scuff,2
billed,2
kra,2
punge,2
forn,2
rude,2
forked,2
rout,2
runt,2
wreke,2
clothed,2
troth,2
sious,2
kyr,2
thumb,2
lour,2
guese,2
bete,2
stud,2
stuck,2
strown,2
strode,2
wich,2
guished,2
scrit,2
spurt,2
traught,2
sprent,2
spoke,2
spirt,2
spew,2
spawl,2
sought,2
knight,2
eed,2
snuff,2
smut,2
smoke,2
flem,2
vane,2
smirch,2
domed,2
slime,2
shrew,2
screen,2
scrawl,2
dop,2
knack,2
scratch,2
scarce,2
bergh,2
berg,2
pinch,2
pelt,2
nign,2
nempt,2
doss,2
kit,2
leth,2
lets,2
neaped,2
sors,2
mess,2
ben,2
mourn,2
moan,2
cheon,2
looked,2
lidge,2
noyl,2
maul,2
scot,2
belle,2
jape,2
jade,2
trod,2
watt,2
beige,2
howl,2
zled,2
hove,2
hoove,2
nap,2
hind,2
hight,2
drape,2
draught,2
hete,2
half,2
guin,2
grudge,2
grime,2
gnaw,2
whet,2
frill,2
rave,2
been,2
drill,2
steak,2
litz,2
dwarf,2
drug,2
drown,2
quilt,2
drudge,2
nurse,2
dub,2
kempt,2
shewn,2
ined,2
dull,2
bede,2
daub,2
young,2
daff,2
dwelt,2
dwine,2
dyke,2
terce,2
beck,2
keesh,2
sex,2
ear,2
keel,2
came,2
shale,2
klish,2
beau,2
poo,2
beach,2
shrift,2
ou,2
quave,2
sheer,2
ross,2
shelve,2
shent,2
eat,2
eath,2
shet,2
baste,2
bass,2
sined,2
lisk,2
shode,2
reled,2
rouche,2
roque,2
barn,2
fal,2
gad,2
shout,2
shred,2
ghen,2
sark,2
grette,2
jump,2
eh,2
shrieve,2
barbed,2
juice,2
shrub,2
tam,2
mang,2
eld,2
coot,2
vern,2
moom,2
guate,2
pai,2
ir,2
elk,2
ewed,2
lipse,2
looned,2
balk,2
him,2
soo,2
ur,2
leen,2
sized,2
jolt,2
nied,2
blem,2
brue,2
laam,2
ods,2
meute,2
mains,2
har,2
hai,2
dur,2
guet,2
skill,2
jib,2
gasse,2
sheesh,2
skulk,2
jest,2
heel,2
bitt,2
bab,2
ym,2
tec,2
june,2
ayle,2
yah,2
mulge,2
bibe,2
wry,2
wrong,2
wreak,2
inged,2
awe,2
sling,2
trie,2
ves,2
vaunt,2
forced,2
diced,2
sluice,2
slung,2
vale,2
harp,2
dact,2
gaol,2
jant,2
thor,2
rochs,2
lars,2
gorged,2
auld,2
grail,2
gur,2
jak,2
grasp,2
aught,2
smerk,2
two,2
twixt,2
twite,2
hedge,2
nowl,2
jail,2
tween,2
tonce,2
tinge,2
chiefed,2
cop,2
snatch,2
taint,2
sned,2
norm,2
nough,2
nowned,2
quere,2
irp,2
rapt,2
ones,2
rised,2
ire,2
toll,2
phere,2
snig,2
maunt,2
zir,2
ase,2
taunt,2
swoon,2
vect,2
swing,2
stun,2
seint,2
shield,2
strut,2
throng,2
wove,2
stray,2
strand,2
veined,2
suds,2
khan,2
stoop,2
stert,2
pret,2
fi,2
fism,2
soft,2
joist,2
stern,2
swept,2
sold,2
quize,2
steep,2
vend,2
spired,2
pleure,2
nour,2
swage,2
cance,2
sumpt,2
sculp,2
scroll,2
sweep,2
gnat,2
brette,2
kneed,2
thrill,2
isle,2
sets,2
fumed,2
tuned,2
blage,2
lik,2
neur,2
fant,2
thef,2
south,2
vault,2
sowl,2
gai,2
doors,2
squint,2
dies,2
rons,2
squat,2
curved,2
womb,2
sprawl,2
perse,2
cris,2
pared,2
cised,2
soak,2
inch,2
censed,2
sode,2
quip,2
iel,2
erd,2
slug,2
slope,2
prest,2
slant,2
slake,2
poor,2
pleach,2
skew,2
turbed,2
wigged,2
erse,2
skance,2
ask,2
paste,2
cript,2
soin,2
leled,2
cribe,2
cham,2
mixed,2
mense,2
mailed,2
toile,2
mam,2
tiste,2
nois,2
trich,2
choke,2
sphene,2
ethe,2
raught,2
dless,2
spilt,2
cocked,2
spleened,2
oph,2
chre,2
nuch,2
ec,2
roint,2
mored,2
gaunt,2
spout,2
sthene,2
rew,2
phroe,2
rere,2
eve,2
reng,2
reek,2
chive,2
ich,2
trave,2
arched,2
cese,2
thane,2
lics,2
squall,2
quose,2
cinth,2
squire,2
gete,2
pron,2
empt,2
husked,2
haust,2
seous,2
stair,2
wart,2
plaud,2
purge,2
pete,2
tory,2
kers,2
pease,2
flap,2
pall,2
teme,2
thegm,2
sting,2
pex,2
thet,2
fac,2
cete,2
stoor,2
stope,2
tique,2
thize,2
pasch,2
fand,2
fane,2
sher,2
fang,2
tasm,2
brile,2
tod,2
farce,2
fetch,2
thest,2
clone,2
christ,2
vored,2
fawn,2
fay,2
strength,2
nult,2
itz,2
striped,2
swer,2
norn,2
feign,2
leek,2
feigned,2
noil,2
noy,2
rane,2
male,2
nigh,2
thral,2
nye,2
kles,2
tash,2
suck,2
nenst,2
tout,2
knop,2
wrack,2
owl,2
owed,2
greek,2
gyne,2
scotch,2
swarf,2
swarm,2
nan,2
lyse,2
wah,2
sweat,2
fief,2
kim,2
toad,2
drom,2
swink,2
film,2
pyx,2
cier,2
hone,2
pul,2
ons,2
mong,2
fir,2
first,2
caust,2
dyte,2
five,2
grance,2
flake,2
flam,2
midst,2
ships,2
flank,2
anth,2
nen,2
podge,2
flash,2
tall,2
flask,2
mends,2
hob,2
whaup,2
flax,2
fleck,2
tank,2
rec,2
gib,2
doed,2
flite,2
hitch,2
pum,2
brite,2
flue,2
tath,2
taug,2
tog,2
hir,2
kan,2
taw,2
flung,2
hipe,2
team,2
speck,2
foin,2
mass,2
hinge,2
haut,2
fond,2
hin,2
selve,2
hilt,2
beth,2
dou,2
lal,2
lahs,2
though,2
tho,2
sike,2
phol,2
loof,2
whit,2
gift,2
mug,2
hewn,2
muce,2
hearth,2
nac,2
styled,2
lown,2
ein,2
thrash,2
thread,2
leyed,2
herse,2
gro,2
through,2
throwe,2
yin,2
lign,2
dade,2
winks,2
tup,2
kay,2
length,2
herb,2
leak,2
cove,2
hol,2
quen,2
swart,2
town,2
meled,2
hence,2
treen,2
tressed,2
tret,2
une,2
hull,2
drism,2
tromp,2
trone,2
gave,2
minth,2
forge,2
brewed,2
hey,2
heap,2
heer,2
kerve,2
raad,2
tool,2
tap,2
laft,2
pig,2
guilt,2
ogy,2
lye,2
grope,2
grise,2
trunked,2
truth,2
tub,2
shaped,2
gley,2
heard,2
ghast,2
health,2
rill,2
strong,2
grege,2
quoise,2
gasp,2
gape,2
tweag,2
mow,2
pains,2
swat,2
reet,2
swore,2
haw,2
named,2
sworn,2
foam,2
flaunt,2
ties,2
flat,2
why,2
fright,2
rier,2
square,2
frap,2
dill,2
fraught,2
stole,2
manned,2
herr,2
frieze,2
hat,2
fined,2
fear,2
adz,2
zette,2
drip,2
desce,2
deur,2
hash,2
iac,2
has,2
beest,2
frost,2
frown,2
dreamed,2
fub,2
dopt,2
washed,2
funk,2
fur,2
rem,2
furl,2
lough,2
whole,2
sain,2
wild,2
wormed,2
wrie,2
lug,2
zoned,2
jute,2
waft,2
ap,2
whirl,2
wreath,2
kop,2
pain,2
dieu,2
vain,2
wasp,2
dept,2
loot,2
loshe,2
vode,2
dempt,2
dulce,2
dorsed,2
loa,2
dlings,2
grene,2
gap,2
goyle,2
add,2
gyle,2
gash,2
verd,2
myth,2
daunt,2
kal,2
yet,2
viled,2
crook,2
hag,2
vox,2
haf,2
wad,2
hee,2
had,2
ye,2
nab,2
weir,2
chieve,2
zand,2
copy,2
wam,2
nappe,2
weel,2
ip,2
pap,2
crue,2
gye,2
croach,2
plished,2
clive,2
nost,2
cates,2
byss,2
bil,2
lind,2
buzz,2
zi,2
buse,2
ghee,2
gult,2
surd,2
gilt,2
seng,2
gul,2
struse,2
gule,2
tith,2
strude,2
laund,2
glad,2
wyn,2
stract,2
glave,2
glide,2
glist,2
guide,2
lamp,2
guhr,2
goad,2
goat,2
droon,2
brook,2
brood,2
broad,2
bought,2
good,2
winged,2
sip,2
gote,2
bort,2
gourd,2
gout,2
gowned,2
graal,2
boon,2
geons,2
blins,2
grub,2
niece,2
gray,2
grown,2
haus,2
err,2
mosk,2
yite,2
dest,2
grot,2
sward,2
greve,2
groove,2
grew,2
ill,2
yt,2
tised,2
gripe,2
baft,2
groan,2
grit,2
keeve,1
grize,1
groats,1
grist,1
sons,1
saille,1
grippe,1
grog,1
grip,1
grint,1
grind,1
grimme,1
maced,1
groin,1
grilse,1
grille,1
grill,1
grig,1
griffe,1
groined,1
gride,1
grid,1
grice,1
grey,1
grond,1
gros,1
gres,1
greith,1
greit,1
goe,1
greeze,1
greeve,1
greenth,1
ria,1
grouse,1
greece,1
grecque,1
grebe,1
greaves,1
greave,1
grout,1
graze,1
wacke,1
growl,1
growse,1
graves,1
graver,1
graunt,1
grape,1
grange,1
grane,1
groyne,1
grand,1
grucche,1
mates,1
grame,1
gruf,1
graith,1
graip,1
grains,1
graille,1
graf,1
graced,1
grab,1
gruff,1
grum,1
gowl,1
gowk,1
gowd,1
ante,1
gove,1
grume,1
grumpy,1
gour,1
jere,1
gouge,1
goud,1
gouache,1
grundsel,1
grunt,1
grutch,1
goss,1
gorse,1
gorm,1
gord,1
gorce,1
goot,1
goost,1
gryde,1
goods,1
grype,1
gome,1
eys,1
schut,1
goll,1
guan,1
golf,1
guards,1
goff,1
guelph,1
guenon,1
parde,1
ild,1
gode,1
mouche,1
gob,1
goaves,1
guest,1
goar,1
goal,1
goaf,1
faw,1
gnu,1
gnow,1
gnome,1
gnof,1
gnide,1
gnew,1
sose,1
gneiss,1
gnash,1
gnarled,1
gnarl,1
gnar,1
glyn,1
glunch,1
glump,1
glume,1
glum,1
gloze,1
guib,1
glout,1
glose,1
glore,1
gloomth,1
glome,1
glombe,1
glode,1
gloat,1
gloar,1
gloam,1
guige,1
glint,1
glimpse,1
glim,1
glike,1
gliff,1
guild,1
glicke,1
glib,1
glew,1
glent,1
glen,1
gleire,1
gleg,1
gleet,1
gleen,1
gleek,1
gleed,1
glee,1
glede,1
glebe,1
glean,1
glead,1
loched,1
glaum,1
ynge,1
glare,1
glans,1
guimpe,1
gland,1
glaive,1
glaire,1
glair,1
ea,1
guit,1
gulch,1
gives,1
giust,1
guld,1
gith,1
gise,1
girth,1
girn,1
gules,1
gire,1
raffe,1
poun,1
gip,1
gull,1
gimp,1
gim,1
gulp,1
gilse,1
gigue,1
gyng,1
gulph,1
gige,1
gif,1
gibe,1
giaour,1
beux,1
ghyll,1
ghoul,1
ghost,1
ghole,1
ghess,1
gump,1
gurge,1
ghat,1
gaw,1
geth,1
geste,1
gesse,1
gern,1
gurl,1
gurt,1
gere,1
gurts,1
gerbe,1
george,1
guyle,1
guze,1
krin,1
gyb,1
gens,1
genre,1
ius,1
gybe,1
gyp,1
gypse,1
gyse,1
acs,1
darme,1
gyte,1
gyve,1
gems,1
gelt,1
mium,1
haaf,1
haak,1
geez,1
geet,1
geest,1
geese,1
geer,1
geck,1
haar,1
gean,1
hade,1
zelle,1
hadj,1
gayne,1
haft,1
gawn,1
gawk,1
hah,1
haik,1
gauze,1
gauss,1
gaure,1
gaur,1
gault,1
gaul,1
gauged,1
gauge,1
gaud,1
gauche,1
gatch,1
kwan,1
hail,1
hailse,1
eau,1
hain,1
coynes,1
coines,1
garth,1
kuh,1
haired,1
hake,1
garget,1
garbed,1
garb,1
berd,1
gangue,1
halk,1
gange,1
iah,1
statt,1
ganch,1
halm,1
gamp,1
ete,1
broon,1
loed,1
wes,1
galt,1
galpe,1
halp,1
losh,1
hals,1
halse,1
vans,1
nae,1
ae,1
halved,1
tias,1
galbe,1
gait,1
halves,1
hame,1
liarde,1
gag,1
han,1
gael,1
hank,1
hanse,1
gadman,1
bro,1
gab,1
fytte,1
fyrd,1
fyke,1
fuzz,1
fuze,1
ttock,1
thorc,1
fusty,1
ines,1
happed,1
fust,1
fuss,1
rangue,1
furze,1
hard,1
hards,1
hare,1
hark,1
harl,1
harle,1
funge,1
fun,1
fum,1
harm,1
fugue,1
fugh,1
fuff,1
fudge,1
fud,1
fuchs,1
harns,1
fu,1
frush,1
frump,1
uos,1
froze,1
harsh,1
frow,1
frounce,1
frou,1
froth,1
frote,1
hart,1
frorn,1
frore,1
hase,1
tiered,1
frons,1
eesh,1
hask,1
fronde,1
frond,1
froise,1
frogged,1
froe,1
frocked,1
fro,1
frizz,1
hast,1
frize,1
friz,1
frith,1
frit,1
frist,1
frisker,1
frisk,1
fringed,1
frim,1
frilled,1
jol,1
frigg,1
friezed,1
hate,1
friese,1
fried,1
stol,1
fridge,1
borg,1
frett,1
zied,1
french,1
fren,1
fremd,1
hath,1
berk,1
haugh,1
fred,1
freck,1
freak,1
haught,1
frau,1
frape,1
haulm,1
moigne,1
frank,1
franc,1
fraised,1
fraise,1
scheur,1
frail,1
fraight,1
fracho,1
frab,1
fra,1
foy,1
foxed,1
hauls,1
fourth,1
haulse,1
hault,1
haum,1
fourb,1
four,1
fount,1
fought,1
fosse,1
yete,1
yelde,1
haunce,1
wete,1
waked,1
haunch,1
haunched,1
hausse,1
forte,1
vened,1
hawked,1
swonk,1
hawm,1
hawse,1
hay,1
haze,1
he,1
heald,1
heam,1
heath,1
heaves,1
heck,1
heed,1
heep,1
heft,1
doomed,1
help,1
helve,1
rhage,1
rhoids,1
hemp,1
stitched,1
vouched,1
hende,1
dys,1
heng,1
hep,1
geour,1
toch,1
herl,1
hern,1
herne,1
hers,1
sessed,1
schel,1
hert,1
zog,1
hesp,1
clite,1
heugh,1
heuk,1
hewe,1
heyh,1
heyne,1
hid,1
hie,1
fop,1
foots,1
ems,1
ally,1
highth,1
hike,1
food,1
tange,1
font,1
fone,1
hile,1
drance,1
hine,1
hinged,1
foist,1
hink,1
foh,1
fogger,1
foggage,1
fogey,1
foge,1
foehn,1
foe,1
fob,1
foal,1
fnese,1
hint,1
flysch,1
ions,1
flute,1
flurt,1
flunk,1
hipped,1
flume,1
fluke,1
crene,1
hires,1
fluff,1
his,1
floyte,1
flown,1
flowk,1
erer,1
flout,1
floured,1
flounce,1
flote,1
floss,1
flosh,1
flop,1
hiss,1
flook,1
hit,1
flong,1
flon,1
flog,1
floe,1
flock,1
floccose,1
flo,1
flix,1
hithe,1
flitch,1
flit,1
flisk,1
flirt,1
flipe,1
flip,1
hives,1
flinch,1
flight,1
flidge,1
flick,1
hizz,1
flews,1
flewed,1
flew,1
flete,1
fletch,1
fleshed,1
flense,1
flench,1
fleme,1
fleigh,1
fleet,1
fleen,1
fleeced,1
fleece,1
flee,1
fledge,1
hoar,1
hoared,1
flear,1
fleam,1
fleak,1
fleagh,1
flea,1
flay,1
hoarse,1
flawn,1
hoax,1
drish,1
nailed,1
hod,1
flare,1
dod,1
hogged,1
hogh,1
flanged,1
flange,1
flang,1
flanched,1
flanch,1
hoise,1
hoist,1
flair,1
flain,1
flail,1
hoit,1
flag,1
fjord,1
fizz,1
fixed,1
fives,1
lands,1
fitz,1
fitt,1
fitched,1
fitch,1
fisk,1
holm,1
fisc,1
firth,1
thure,1
firms,1
firk,1
flaire,1
holp,1
fiord,1
fint,1
holt,1
finns,1
finned,1
finn,1
home,1
nesse,1
hond,1
finched,1
combed,1
filth,1
fils,1
hong,1
honk,1
hont,1
hoofed,1
graned,1
filch,1
fil,1
fike,1
rante,1
fig,1
fifth,1
hooked,1
fife,1
fiend,1
hool,1
fie,1
fidge,1
u,1
hoom,1
fib,1
ants,1
fez,1
feyre,1
feyne,1
fey,1
wel,1
illants,1
feud,1
maun,1
hop,1
vence,1
lizer,1
ferthe,1
fers,1
hopped,1
ferm,1
ferde,1
horde,1
feod,1
hore,1
horned,1
nec,1
fenks,1
trule,1
host,1
fen,1
femme,1
hote,1
feme,1
hough,1
hoult,1
nious,1
loe,1
houp,1
ify,1
fele,1
hour,1
feize,1
tsui,1
feint,1
feine,1
hours,1
houss,1
fehm,1
feeze,1
feese,1
feere,1
houve,1
yhnhnm,1
howp,1
fed,1
fecks,1
feck,1
howve,1
feaze,1
feague,1
faze,1
hox,1
faxed,1
hsien,1
fawe,1
hub,1
faux,1
teuil,1
faun,1
faule,1
fauld,1
faugh,1
fate,1
huch,1
fash,1
huck,1
hud,1
farse,1
farm,1
farl,1
fetched,1
hudge,1
fard,1
hue,1
dams,1
quir,1
fap,1
hued,1
huff,1
tast,1
hug,1
fanged,1
huge,1
huke,1
hulch,1
hulk,1
fan,1
listic,1
falx,1
luns,1
false,1
hulled,1
hum,1
kir,1
fake,1
faithed,1
blesse,1
faints,1
faint,1
fain,1
faille,1
heit,1
erz,1
fag,1
fadge,1
fade,1
daise,1
fad,1
mect,1
ound,1
cette,1
hump,1
humped,1
humph,1
hun,1
eyre,1
eyr,1
eyne,1
liad,1
eyle,1
eyght,1
salve,1
hunch,1
dredth,1
gred,1
hunk,1
ult,1
ude,1
truct,1
hunks,1
tirp,1
hunt,1
hurds,1
nable,1
ploit,1
ible,1
hurl,1
hurr,1
iture,1
hurst,1
panse,1
cium,1
hurt,1
olve,1
hush,1
unt,1
ergue,1
hut,1
hutch,1
huzz,1
hy,1
drant,1
camb,1
ewt,1
ewe,1
dranth,1
drus,1
hye,1
deik,1
hyke,1
hymn,1
reste,1
hyne,1
hyp,1
nesce,1
hype,1
dres,1
mitte,1
crite,1
hyrse,1
eugh,1
clid,1
hyrst,1
hythe,1
eu,1
bex,1
tui,1
ides,1
nore,1
ihvh,1
etch,1
taac,1
ilk,1
trepe,1
trange,1
bue,1
imp,1
parl,1
quisse,1
mau,1
plees,1
aille,1
liere,1
sox,1
kar,1
passe,1
crod,1
cribed,1
cout,1
couade,1
cort,1
chaunge,1
oped,1
throid,1
ruct,1
pave,1
erst,1
ersh,1
ceived,1
pregn,1
mines,1
erme,1
erke,1
ys,1
prese,1
erf,1
pune,1
righ,1
rased,1
quus,1
voque,1
paged,1
inc,1
carn,1
nox,1
quine,1
crure,1
opt,1
och,1
telled,1
inched,1
glette,1
guize,1
coene,1
phah,1
paule,1
hense,1
cinne,1
culk,1
culp,1
vyned,1
ind,1
inde,1
cussed,1
dris,1
dulge,1
ept,1
erm,1
tryng,1
farct,1
faust,1
mets,1
flamed,1
trails,1
guen,1
meme,1
thuse,1
ink,1
meats,1
inn,1
inne,1
ciance,1
staure,1
stinct,1
sulse,1
gral,1
ciess,1
sticed,1
gante,1
trigue,1
trinse,1
mesce,1
ust,1
veigh,1
laged,1
volved,1
cac,1
irk,1
rheum,1
quois,1
cured,1
goge,1
bront,1
nui,1
cheim,1
mossed,1
cryme,1
larged,1
prene,1
its,1
vied,1
jab,1
isled,1
dros,1
napes,1
quard,1
jag,1
jagg,1
ghir,1
graved,1
jain,1
jakes,1
grailed,1
lons,1
jam,1
gouled,1
jamb,1
jambes,1
bool,1
jane,1
glaimed,1
drure,1
panned,1
jards,1
jarl,1
jasp,1
jaunce,1
jaunt,1
jawed,1
jawn,1
jeames,1
blish,1
jean,1
jears,1
demed,1
jeat,1
crisped,1
jeel,1
ceinte,1
jeer,1
myd,1
jeers,1
jeg,1
rods,1
puse,1
vah,1
jell,1
jerk,1
jess,1
jessed,1
jew,1
jibe,1
jig,1
jill,1
jilt,1
jimp,1
jin,1
jink,1
meu,1
jinx,1
job,1
eme,1
troph,1
joe,1
guing,1
dreams,1
emberizidae,1
sium,1
elves,1
elve,1
lul,1
else,1
joke,1
gleur,1
seph,1
joss,1
jot,1
elm,1
jougs,1
jouk,1
leck,1
joul,1
joule,1
jounce,1
joust,1
jove,1
elf,1
jowl,1
jub,1
lench,1
jug,1
dritch,1
juge,1
laps,1
phure,1
elaborated,1
eke,1
joo,1
fod,1
juggs,1
eire,1
eild,1
lans,1
glone,1
eigne,1
jube,1
juke,1
eighth,1
eenth,1
eight,1
eigh,1
melle,1
junk,1
moin,1
jupe,1
jut,1
jutes,1
egg,1
byle,1
eft,1
hau,1
kail,1
fulge,1
resce,1
kain,1
kale,1
vesce,1
eet,1
leege,1
kam,1
eel,1
eek,1
edh,1
weiss,1
cru,1
coute,1
saise,1
clipse,1
legm,1
clat,1
clair,1
kame,1
lience,1
dales,1
ebb,1
eaves,1
kand,1
pok,1
kul,1
karn,1
kate,1
kaw,1
earst,1
kawn,1
earsh,1
kayles,1
keck,1
kedge,1
earn,1
earl,1
keech,1
keels,1
ean,1
eame,1
eale,1
grith,1
gless,1
each,1
keg,1
nea,1
hauite,1
keir,1
keld,1
kele,1
dwaul,1
dwang,1
dwale,1
gr,1
kell,1
dux,1
dutch,1
dusk,1
duse,1
durst,1
kelp,1
dupe,1
dup,1
dunt,1
kelt,1
dune,1
cish,1
dunce,1
dun,1
dump,1
dumb,1
dulse,1
kemb,1
bors,1
kemp,1
dug,1
duff,1
kemps,1
duds,1
deen,1
dude,1
dubb,1
kept,1
dryth,1
nops,1
kerb,1
druse,1
drupe,1
drunk,1
chered,1
drub,1
droyle,1
drowth,1
kerf,1
drowse,1
kerl,1
drow,1
drove,1
drouth,1
drought,1
drough,1
dross,1
dropt,1
droop,1
drool,1
messe,1
droll,1
droil,1
droh,1
drogue,1
gher,1
drock,1
kern,1
kerned,1
seys,1
kess,1
kest,1
dried,1
drie,1
drib,1
dreye,1
drey,1
drew,1
dreul,1
dretch,1
drest,1
drent,1
drein,1
dreg,1
dree,1
dredge,1
drear,1
ketch,1
kex,1
dray,1
keyed,1
liff,1
khond,1
blings,1
drawl,1
gloves,1
kibe,1
kibed,1
drave,1
draughts,1
kick,1
draugh,1
poos,1
drank,1
dram,1
shaws,1
draine,1
drail,1
kid,1
drag,1
kil,1
draff,1
dradge,1
drab,1
kieve,1
kike,1
dowst,1
dowse,1
kilt,1
kine,1
ston,1
kink,1
osk,1
kip,1
gyved,1
dowle,1
dowl,1
kipe,1
dout,1
douse,1
kirked,1
doupe,1
dough,1
douche,1
ceur,1
douce,1
douc,1
kish,1
blure,1
kist,1
doth,1
vaen,1
dost,1
kith,1
kithe,1
kive,1
maths,1
klick,1
dorr,1
dorp,1
kloof,1
knab,1
uet,1
dope,1
knag,1
knap,1
doole,1
jon,1
knar,1
l,1
knarled,1
knarred,1
dolt,1
doll,1
dolf,1
drums,1
doit,1
knaw,1
knead,1
kneck,1
kneel,1
knell,1
doge,1
doff,1
knelt,1
doe,1
dodge,1
dodd,1
doat,1
knew,1
dizz,1
vulge,1
knitch,1
vorce,1
dend,1
knits,1
knives,1
ditt,1
ramb,1
knob,1
knobbed,1
knock,1
tream,1
knoll,1
knopped,1
traint,1
knor,1
knosp,1
knout,1
eche,1
taff,1
knubs,1
knuff,1
knur,1
knurl,1
knurled,1
kob,1
koff,1
noor,1
kohl,1
klass,1
koon,1
tok,1
konze,1
koom,1
slaa,1
koord,1
kraal,1
krait,1
pread,1
ponge,1
krang,1
kreel,1
krems,1
played,1
kreng,1
perge,1
kris,1
peed,1
rates,1
ksar,1
klux,1
kampf,1
deined,1
kurd,1
saal,1
tauss,1
disme,1
kutch,1
kyar,1
kyaw,1
kyd,1
kyke,1
laas,1
bras,1
brus,1
disk,1
rinth,1
cune,1
gniappe,1
gune,1
lair,1
laird,1
lake,1
lakh,1
lamb,1
boys,1
lame,1
lames,1
lamm,1
crese,1
chained,1
geir,1
prel,1
dained,1
lanch,1
crive,1
coure,1
dau,1
clame,1
drost,1
cind,1
locked,1
sturm,1
wehr,1
dirt,1
dirl,1
dirk,1
dirge,1
rempt,1
dire,1
lang,1
grage,1
gridge,1
guage,1
langued,1
guor,1
dip,1
gya,1
dint,1
lank,1
dink,1
seh,1
pelled,1
lapp,1
lapps,1
uay,1
lare,1
dime,1
larve,1
digue,1
lask,1
gers,1
lathe,1
launce,1
gaye,1
launch,1
dym,1
didst,1
laus,1
phys,1
phyc,1
dich,1
dibs,1
dib,1
vrock,1
stase,1
lawe,1
lawnd,1
phaned,1
pase,1
mond,1
lyzed,1
dhow,1
dhole,1
deye,1
dey,1
lea,1
leach,1
lapped,1
vove,1
leafed,1
vour,1
leam,1
deve,1
dev,1
deuse,1
ced,1
deuce,1
lear,1
least,1
leat,1
trect,1
leaved,1
leed,1
leef,1
terge,1
leeme,1
leep,1
struie,1
leere,1
strie,1
lees,1
leese,1
leet,1
left,1
leme,1
spise,1
lends,1
drid,1
spatch,1
spair,1
desk,1
lere,1
letch,1
theed,1
scrive,1
trure,1
derth,1
derne,1
derk,1
derf,1
reine,1
ranged,1
letts,1
depth,1
tuce,1
tingly,1
prave,1
leuke,1
yne,1
pict,1
lewd,1
lib,1
peinct,1
dieux,1
dand,1
chened,1
frice,1
kranz,1
lig,1
mulce,1
geance,1
lights,1
lill,1
lilt,1
maille,1
limbed,1
moges,1
limp,1
linch,1
links,1
linne,1
lint,1
pans,1
chrin,1
lipped,1
uor,1
lisle,1
lisne,1
lisp,1
sarte,1
liss,1
loul,1
tchi,1
lithe,1
quesce,1
physe,1
delft,1
delf,1
lives,1
lixt,1
deil,1
loach,1
loaf,1
loam,1
hisce,1
loath,1
loathe,1
funct,1
deft,1
loaves,1
lob,1
lobe,1
cust,1
lodged,1
loess,1
loffe,1
logge,1
logged,1
sanced,1
gia,1
griph,1
lok,1
loke,1
deev,1
dees,1
loll,1
dede,1
dans,1
loob,1
looch,1
lool,1
cree,1
looped,1
holed,1
loord,1
loos,1
loss,1
ceased,1
cayed,1
chettes,1
louk,1
bruised,1
bouch,1
bauched,1
bauch,1
lounge,1
deave,1
loup,1
death,1
loups,1
dearth,1
dearn,1
deare,1
lout,1
lowgh,1
dealth,1
lowk,1
enged,1
carne,1
deads,1
cerne,1
dead,1
daze,1
luff,1
lull,1
mox,1
lump,1
dawn,1
dawk,1
dawe,1
vyne,1
dauw,1
lunch,1
daun,1
dauk,1
lunged,1
dase,1
tars,1
goor,1
darr,1
lunt,1
darg,1
lurch,1
bies,1
dap,1
dansk,1
dank,1
dang,1
lurg,1
dandruff,1
driff,1
prat,1
damp,1
damned,1
damn,1
lurk,1
lush,1
dalles,1
dalf,1
koit,1
luth,1
thern,1
daint,1
hoon,1
lia,1
dagges,1
wack,1
daft,1
luxe,1
logy,1
tahs,1
hund,1
luz,1
dabb,1
dab,1
czechs,1
czech,1
lyche,1
czar,1
cerce,1
lym,1
prus,1
lynch,1
pres,1
cyme,1
clops,1
clop,1
lynde,1
clide,1
clas,1
lyne,1
olith,1
lynx,1
lythe,1
maa,1
maad,1
maat,1
cutch,1
cusp,1
cusk,1
mab,1
caque,1
bees,1
madge,1
curst,1
curr,1
curled,1
joun,1
curd,1
curch,1
curb,1
drague,1
dras,1
perl,1
drier,1
prous,1
proid,1
prite,1
pric,1
strom,1
cun,1
magged,1
ghet,1
cultch,1
uey,1
culpe,1
culm,1
culls,1
cull,1
mah,1
kong,1
cuish,1
maim,1
maine,1
maize,1
jor,1
cud,1
laise,1
brouck,1
malm,1
beb,1
pais,1
cub,1
crypt,1
malt,1
crwth,1
crux,1
cruth,1
crutched,1
crutch,1
crut,1
tese,1
crush,1
cruse,1
crus,1
crup,1
crunk,1
crunch,1
crump,1
crumb,1
crull,1
cruive,1
cruise,1
thrept,1
crude,1
crud,1
ziered,1
croze,1
croys,1
manche,1
crowth,1
crows,1
crowned,1
neel,1
maned,1
neh,1
mangue,1
crouse,1
glion,1
croup,1
crouke,1
croud,1
crouched,1
crouch,1
hoc,1
crotched,1
crotch,1
trees,1
manks,1
manse,1
choo,1
manx,1
plies,1
barred,1
map,1
crore,1
quante,1
croon,1
crone,1
pach,1
croise,1
crois,1
marabout,1
crock,1
croche,1
croak,1
raud,1
crisp,1
marc,1
eis,1
schal,1
cringe,1
crined,1
crimp,1
crime,1
cried,1
crick,1
gined,1
vasse,1
creux,1
hoor,1
marl,1
quee,1
cress,1
crept,1
quess,1
nelled,1
quis,1
crems,1
creese,1
crees,1
quise,1
creel,1
creeks,1
creek,1
mars,1
creche,1
creaze,1
seilles,1
marsh,1
cream,1
creak,1
creaght,1
craze,1
gnin,1
crawl,1
craw,1
crave,1
craunch,1
cratch,1
crass,1
crash,1
crare,1
craps,1
crape,1
paud,1
crap,1
crants,1
mase,1
cranked,1
crank,1
masked,1
crang,1
nonge,1
dall,1
cranch,1
cran,1
poons,1
cramp,1
cram,1
crail,1
craie,1
crag,1
crafter,1
lach,1
cowes,1
cracked,1
masque,1
crache,1
crab,1
crer,1
coz,1
moine,1
cox,1
slipped,1
matt,1
matte,1
maud,1
maule,1
maunch,1
mauve,1
cowled,1
mawk,1
mawks,1
meach,1
blakes,1
cow,1
mead,1
veuse,1
meak,1
courtelle,1
coursed,1
courche,1
courb,1
mear,1
mease,1
couped,1
sles,1
meath,1
meaw,1
meawl,1
meech,1
meed,1
schaum,1
meeth,1
chile,1
lerg,1
counterrevolutionary,1
gass,1
meine,1
meld,1
drame,1
brane,1
oir,1
changed,1
menge,1
chand,1
merd,1
ils,1
ringue,1
merk,1
could,1
merke,1
merl,1
vaille,1
couched,1
seems,1
taged,1
meshed,1
sieurs,1
thurn,1
mest,1
phose,1
phrased,1
meth,1
tean,1
thinks,1
coss,1
ios,1
mewl,1
mews,1
zoth,1
ymbed,1
ymb,1
mho,1
mhorr,1
corve,1
aul,1
corse,1
sak,1
sair,1
mice,1
mich,1
macs,1
crobe,1
crohm,1
pyle,1
midge,1
riff,1
mien,1
miff,1
might,1
graine,1
niced,1
maks,1
milch,1
neule,1
mild,1
tia,1
raut,1
phytes,1
corm,1
corked,1
milled,1
inth,1
rinne,1
corf,1
lioned,1
dial,1
delle,1
cordate,1
rea,1
reis,1
beil,1
corbe,1
corb,1
milt,1
naul,1
quille,1
coque,1
copts,1
copse,1
mince,1
copps,1
minge,1
copped,1
coped,1
mink,1
strel,1
mirk,1
aimed,1
vize,1
haved,1
coom,1
corde,1
cool,1
spense,1
coo,1
nusk,1
thras,1
traille,1
illeur,1
illeuse,1
mitt,1
moat,1
moate,1
lesced,1
mob,1
moche,1
diste,1
docs,1
moe,1
moeve,1
danse,1
moff,1
trast,1
mog,1
mohr,1
hur,1
moile,1
moire,1
moll,1
tents,1
bart,1
plance,1
temn,1
lusc,1
conte,1
losse,1
gols,1
monk,1
gneur,1
strous,1
taigne,1
teith,1
teth,1
fier,1
moo,1
mood,1
bleship,1
mooned,1
moong,1
sols,1
rian,1
signe,1
moose,1
moot,1
mop,1
mope,1
raine,1
scienced,1
rale,1
guined,1
ceau,1
resk,1
nive,1
glay,1
conn,1
joined,1
grue,1
morgue,1
mosque,1
moss,1
motte,1
cong,1
mought,1
moult,1
confronting,1
frere,1
moun,1
mounch,1
mound,1
naunce,1
mourne,1
mousse,1
mowe,1
fab,1
mown,1
moyle,1
cro,1
muff,1
gins,1
wump,1
mulch,1
mulct,1
mull,1
demned,1
grubs,1
mulse,1
mumm,1
mump,1
mumps,1
dat,1
mun,1
munch,1
mung,1
jeet,1
jac,1
murk,1
lins,1
murr,1
cealed,1
ceal,1
murre,1
murth,1
kalk,1
mush,1
musk,1
quaw,1
muss,1
must,1
choed,1
fiz,1
mutch,1
mux,1
plax,1
myrrh,1
mythe,1
pesce,1
nabk,1
nad,1
passed,1
sook,1
nake,1
nale,1
nall,1
cush,1
nape,1
nare,1
setts,1
narre,1
nart,1
thex,1
whal,1
nash,1
tium,1
rium,1
natch,1
ez,1
bined,1
nautch,1
umned,1
joes,1
vals,1
colp,1
varch,1
logne,1
ocynth,1
nave,1
vew,1
wab,1
nawl,1
yaur,1
lards,1
nayt,1
naze,1
neaf,1
neap,1
crosed,1
need,1
needs,1
neeld,1
neese,1
cokes,1
nef,1
coke,1
fasch,1
noth,1
goce,1
coir,1
intense,1
neigh,1
nems,1
coign,1
nere,1
coifed,1
ites,1
hune,1
hosh,1
nesh,1
vaines,1
cogue,1
newt,1
next,1
nib,1
nibbed,1
lungs,1
niched,1
erce,1
nack,1
nief,1
chym,1
nigged,1
cien,1
hil,1
gau,1
nill,1
nilt,1
holes,1
ninth,1
trile,1
tryl,1
zam,1
cyx,1
agne,1
bley,1
turne,1
nod,1
nof,1
noght,1
noie,1
noils,1
coax,1
coarse,1
arct,1
noll,1
nolt,1
nom,1
coak,1
coag,1
nonce,1
nones,1
nonne,1
clung,1
clunch,1
clumps,1
clump,1
clum,1
reil,1
cluck,1
clubbed,1
club,1
clown,1
clove,1
noot,1
clough,1
hred,1
nope,1
clote,1
clot,1
closh,1
reefed,1
norse,1
hauled,1
north,1
cloot,1
cloop,1
cloom,1
clong,1
clomp,1
clomb,1
cloke,1
notch,1
cloff,1
clod,1
nott,1
cloche,1
nouch,1
nould,1
noule,1
clique,1
nowch,1
kant,1
clink,1
nowd,1
clime,1
nowes,1
clift,1
nowt,1
yade,1
click,1
noyls,1
clerk,1
clepe,1
nub,1
clem,1
cleg,1
nudge,1
cleft,1
clef,1
cleek,1
clee,1
cledge,1
cleave,1
cleat,1
null,1
clear,1
cleanse,1
nulled,1
clayes,1
bers,1
clawed,1
clause,1
clatch,1
numps,1
skulled,1
clash,1
clart,1
ceux,1
tak,1
nur,1
claque,1
claps,1
clape,1
clank,1
frie,1
clang,1
clan,1
clamp,1
phrie,1
nurl,1
clam,1
clake,1
claire,1
claik,1
meg,1
clack,1
megged,1
bune,1
oad,1
oaf,1
oak,1
rhose,1
oar,1
oared,1
oast,1
oath,1
stanced,1
bese,1
boe,1
scure,1
tary,1
quies,1
chrey,1
chry,1
troi,1
flant,1
cision,1
lisque,1
circularise,1
odd,1
circ,1
odds,1
cinque,1
cae,1
mae,1
thone,1
trus,1
off,1
cinch,1
oft,1
cill,1
grism,1
oh,1
oiled,1
oint,1
oke,1
chyle,1
olf,1
chuse,1
churr,1
churn,1
churme,1
churl,1
chunk,1
garch,1
chump,1
chum,1
chuff,1
chud,1
ived,1
chub,1
once,1
onde,1
yant,1
slaught,1
ook,1
chrism,1
oones,1
chout,1
chouse,1
choule,1
oop,1
chough,1
ooze,1
chore,1
pake,1
chops,1
cleide,1
chop,1
doc,1
drule,1
chomp,1
orbed,1
orc,1
choice,1
chode,1
chid,1
chock,1
choak,1
nand,1
ore,1
orf,1
frays,1
gasm,1
gies,1
leu,1
rupy,1
orgue,1
chirre,1
chirp,1
ophist,1
ody,1
mancy,1
calche,1
chirm,1
chirk,1
chips,1
chalch,1
munk,1
chip,1
chintz,1
chinse,1
flamb,1
chinned,1
chink,1
chined,1
sont,1
chinche,1
chinch,1
ork,1
chime,1
chimb,1
orle,1
chilled,1
chill,1
astic,1
mazd,1
hedron,1
dren,1
childe,1
muzd,1
roide,1
phrey,1
seille,1
chide,1
saws,1
ort,1
vache,1
chich,1
bouque,1
thid,1
oss,1
osse,1
gates,1
ouch,1
cheve,1
vaux,1
ought,1
oul,1
ouphe,1
ours,1
ouse,1
chess,1
oust,1
bounds,1
bim,1
ub,1
chert,1
kees,1
hess,1
raye,1
uy,1
ouze,1
cheque,1
alls,1
cheng,1
grassed,1
mak,1
rigged,1
chef,1
slaugh,1
vule,1
cheese,1
cheep,1
cheeked,1
owch,1
owe,1
owre,1
owse,1
ox,1
chear,1
cheap,1
chaw,1
chausses,1
chaunt,1
chaun,1
feuse,1
yez,1
paard,1
paas,1
pac,1
padge,1
cahs,1
eant,1
pail,1
chasmed,1
paise,1
jock,1
treux,1
treuse,1
charte,1
chart,1
charre,1
charr,1
ida,1
ogist,1
chark,1
freyed,1
sest,1
chare,1
liasse,1
palmed,1
pam,1
phlet,1
chaped,1
peau,1
chape,1
jos,1
chap,1
cleer,1
chank,1
nache,1
frin,1
panch,1
dect,1
panne,1
pagne,1
niered,1
shon,1
pape,1
pess,1
pized,1
chrose,1
chalk,1
drich,1
clete,1
huitl,1
digm,1
shoth,1
chaise,1
nerre,1
rauque,1
chaff,1
pardon,1
chad,1
conne,1
chace,1
blis,1
chab,1
fleche,1
parle,1
tuy,1
ysm,1
parr,1
parse,1
terre,1
rure,1
vix,1
rused,1
pask,1
pasque,1
glia,1
ina,1
tois,1
trole,1
paul,1
paum,1
ceorl,1
paunce,1
paunch,1
paune,1
vone,1
tesm,1
pawk,1
pawl,1
celt,1
payn,1
payse,1
peag,1
ceint,1
ceil,1
drene,1
drat,1
peaked,1
dared,1
pean,1
zique,1
pearch,1
yo,1
peart,1
taled,1
cawk,1
peece,1
vort,1
viare,1
peek,1
peel,1
peenge,1
peert,1
roots,1
caulk,1
cauk,1
gnoir,1
cauf,1
pein,1
peise,1
pelf,1
cos,1
ciled,1
penk,1
nached,1
penned,1
sived,1
chle,1
brala,1
quots,1
perce,1
haps,1
tarrh,1
ract,1
proct,1
rique,1
phract,1
isse,1
nia,1
jured,1
falque,1
perk,1
ruque,1
flage,1
clysm,1
fleur,1
uke,1
pese,1
caste,1
nets,1
socked,1
sius,1
oled,1
reep,1
casque,1
toes,1
sings,1
tunse,1
pew,1
nig,1
chere,1
lanx,1
raoh,1
phasm,1
pheer,1
pheese,1
cryst,1
sophe,1
phiz,1
phleme,1
phlox,1
phono,1
carse,1
pham,1
ryk,1
rom,1
phthor,1
cianed,1
sique,1
rotte,1
phas,1
oigne,1
roched,1
phyz,1
ob,1
pian,1
pec,1
ative,1
gnole,1
broch,1
yune,1
cark,1
chey,1
ib,1
cryl,1
carf,1
picts,1
mealed,1
piend,1
reer,1
pierced,1
pigg,1
piked,1
mom,1
sys,1
hos,1
pilch,1
piled,1
piles,1
pill,1
pilled,1
pimp,1
thek,1
ranx,1
cers,1
rafe,1
cul,1
pinc,1
pink,1
puched,1
pinked,1
stan,1
pip,1
piped,1
fole,1
prine,1
pri,1
wa,1
pirl,1
pirn,1
shu,1
poch,1
poc,1
piss,1
chio,1
laire,1
piste,1
pith,1
chouc,1
pix,1
plack,1
nuck,1
plage,1
plague,1
plaice,1
loupe,1
plaise,1
noe,1
noned,1
kered,1
cangue,1
caned,1
planch,1
droy,1
plank,1
plaque,1
plash,1
oot,1
crine,1
platt,1
deutsch,1
playte,1
plea,1
pleased,1
plebe,1
panes,1
scite,1
plebs,1
gnol,1
plene,1
nasm,1
naste,1
rome,1
plesh,1
pley,1
pleyt,1
plim,1
plinth,1
plitt,1
ploc,1
plod,1
plonge,1
ieu,1
zoons,1
plop,1
calx,1
calve,1
trop,1
calque,1
plough,1
mucks,1
calle,1
plucked,1
calk,1
liph,1
pluff,1
plug,1
plump,1
plunk,1
plush,1
plyght,1
garm,1
drer,1
pnyx,1
poach,1
poak,1
arred,1
scaph,1
poh,1
poind,1
poize,1
cairn,1
caird,1
poke,1
touche,1
liced,1
hier,1
lened,1
wog,1
caged,1
cag,1
polt,1
chrest,1
grooved,1
yp,1
cadge,1
ype,1
pide,1
zous,1
yve,1
pons,1
cack,1
cique,1
pood,1
cache,1
boched,1
pooh,1
ai,1
pooped,1
raille,1
cab,1
caas,1
porch,1
pesse,1
porte,1
byre,1
naie,1
bye,1
buz,1
coed,1
poss,1
ors,1
potch,1
theen,1
tiche,1
pott,1
butte,1
pouched,1
drette,1
kined,1
busked,1
busk,1
burt,1
pouf,1
schaft,1
bursch,1
burr,1
poulp,1
poult,1
pounce,1
pounced,1
lesque,1
poup,1
burl,1
burke,1
hel,1
burh,1
pousse,1
glar,1
brech,1
powp,1
poynd,1
poze,1
praam,1
buoy,1
ticed,1
bunt,1
prad,1
bunn,1
kum,1
bunk,1
krit,1
pram,1
prance,1
prank,1
bunch,1
prawn,1
preace,1
bulse,1
prease,1
coce,1
tation,1
prede,1
preef,1
preen,1
prees,1
iss,1
bulled,1
tived,1
byte,1
tensed,1
bulge,1
prick,1
bulbed,1
bulb,1
pride,1
shish,1
prie,1
pried,1
prief,1
prig,1
prill,1
prim,1
prime,1
budge,1
dhist,1
dhism,1
dha,1
primp,1
cesse,1
prink,1
pritch,1
leged,1
pro,1
probe,1
ceeds,1
chein,1
prod,1
prodd,1
brut,1
sels,1
brusque,1
brusk,1
uct,1
brunt,1
fert,1
brun,1
brume,1
fessed,1
bruit,1
prog,1
bruh,1
browse,1
progue,1
browed,1
yng,1
heme,1
broom,1
brooch,1
proin,1
brond,1
proke,1
proll,1
rops,1
dized,1
prone,1
prong,1
brome,1
pronged,1
broke,1
nounced,1
spome,1
brogues,1
brogue,1
props,1
brock,1
prore,1
erb,1
brob,1
ince,1
prow,1
brize,1
ska,1
prowl,1
prox,1
brisk,1
oche,1
brink,1
pruce,1
prude,1
homme,1
pry,1
psalm,1
brimmed,1
pshaw,1
brills,1
liant,1
liance,1
brill,1
brike,1
brigue,1
chics,1
cerque,1
puck,1
brig,1
pud,1
pue,1
puff,1
pug,1
pugh,1
puh,1
puit,1
bride,1
puke,1
lail,1
brick,1
pulled,1
pulp,1
vier,1
pume,1
pump,1
brett,1
pun,1
pung,1
punk,1
punt,1
puoy,1
breme,1
loque,1
pup,1
pupe,1
pil,1
pur,1
pured,1
purl,1
purr,1
purre,1
breath,1
push,1
puss,1
pussy,1
tresce,1
bream,1
putt,1
garg,1
pyne,1
gom,1
vure,1
quab,1
breach,1
quack,1
drille,1
braze,1
brawned,1
quaff,1
brawl,1
braw,1
quag,1
quaigh,1
quail,1
sche,1
brat,1
brast,1
brasse,1
brass,1
brasque,1
quair,1
qualm,1
clit,1
quap,1
quar,1
quarl,1
quart,1
quarte,1
quartz,1
poda,1
bran,1
brame,1
braize,1
brait,1
quas,1
quass,1
quatch,1
braille,1
brail,1
gart,1
torze,1
feuille,1
brae,1
quay,1
brad,1
bract,1
brack,1
quayd,1
queach,1
quech,1
cott,1
queest,1
quegh,1
queint,1
queme,1
querl,1
quern,1
queue,1
quey,1
bowse,1
bowne,1
bowls,1
quib,1
quice,1
bowge,1
wer,1
quich,1
chuan,1
quid,1
bousy,1
bouse,1
bourse,1
nunc,1
quill,1
quilled,1
bourd,1
quince,1
quinch,1
bounce,1
boun,1
boult,1
vard,1
boule,1
boul,1
cunx,1
illon,1
illi,1
bough,1
bouge,1
bouffe,1
doir,1
boud,1
quint,1
botts,1
zaine,1
quinze,1
bots,1
both,1
quirk,1
botch,1
tryx,1
quirked,1
quirl,1
omed,1
pele,1
quirt,1
quitch,1
quits,1
bos,1
quiz,1
quob,1
quod,1
quoif,1
quoil,1
deaux,1
rygm,1
quoin,1
mez,1
quoit,1
quoke,1
quoll,1
quook,1
quop,1
quoth,1
raash,1
ceme,1
cemed,1
raid,1
boost,1
raip,1
boort,1
boor,1
rais,1
raised,1
raj,1
poot,1
ralph,1
ramed,1
ramp,1
rampe,1
ranch,1
rape,1
rapped,1
rare,1
sante,1
boodh,1
rasp,1
rasse,1
ratch,1
lines,1
bonne,1
naz,1
wings,1
raunch,1
duc,1
bonce,1
raw,1
byx,1
razed,1
reak,1
bax,1
realm,1
ream,1
bom,1
reame,1
reap,1
aume,1
gnian,1
gnese,1
lious,1
ceipt,1
ists,1
cessed,1
bolete,1
prok,1
boke,1
boist,1
boiled,1
proque,1
hea,1
reck,1
cruit,1
glish,1
dif,1
bog,1
boer,1
dound,1
reed,1
reel,1
bodge,1
boce,1
reem,1
reezed,1
fait,1
eus,1
frain,1
freyd,1
trar,1
regne,1
boast,1
boar,1
blurt,1
blur,1
blunt,1
blunge,1
grede,1
bluff,1
reif,1
reim,1
reins,1
berry,1
blue,1
reit,1
joice,1
ict,1
blub,1
blowzed,1
blowze,1
euse,1
blowth,1
blowse,1
luct,1
blai,1
mord,1
blouse,1
morsed,1
blote,1
blotched,1
blotch,1
blore,1
blooth,1
rend,1
neye,1
ulf,1
nowme,1
nowmed,1
nown,1
blonde,1
blond,1
rente,1
prefe,1
blob,1
bloat,1
priefe,1
blive,1
blithe,1
blite,1
bliss,1
blirt,1
blr,1
cowe,1
blin,1
blight,1
signed,1
bleyme,1
blew,1
solved,1
blest,1
sponse,1
blent,1
blenk,1
retch,1
blend,1
blench,1
blee,1
ryke,1
bleck,1
bleb,1
stene,1
bleared,1
blear,1
bleak,1
bleached,1
bleach,1
blea,1
blay,1
traict,1
trieve,1
blat,1
truse,1
reule,1
reume,1
reve,1
blare,1
blank,1
rewe,1
rewle,1
bland,1
rewme,1
rewth,1
reyn,1
blanc,1
reyse,1
rhemish,1
blague,1
rhime,1
rhob,1
rhomb,1
rhumb,1
blacks,1
rhythm,1
ribbed,1
ibe,1
rief,1
rife,1
rift,1
rion,1
eoused,1
oll,1
blab,1
rille,1
zarre,1
wreye,1
ouac,1
straked,1
rinse,1
tumed,1
bitts,1
roam,1
roan,1
caille,1
chelle,1
bitch,1
rodge,1
roe,1
roed,1
roil,1
bisque,1
smare,1
bisk,1
roin,1
roist,1
roke,1
mansch,1
romp,1
dache,1
ronde,1
ront,1
birt,1
birse,1
birr,1
rood,1
birl,1
rook,1
birk,1
roomth,1
roop,1
birch,1
rooter,1
laure,1
oes,1
rost,1
rotche,1
rouge,1
bink,1
croix,1
rough,1
strings,1
rought,1
rouk,1
leau,1
rounce,1
roup,1
liards,1
roust,1
route,1
routhe,1
roux,1
bong,1
bilk,1
guous,1
rove,1
rown,1
bilge,1
royne,1
rub,1
bikh,1
bike,1
bidge,1
bight,1
bigg,1
ruche,1
ruck,1
rud,1
rudd,1
rue,1
ruffed,1
fian,1
fol,1
bield,1
fous,1
ruft,1
rug,1
rukh,1
chies,1
clism,1
runch,1
rune,1
rung,1
rushed,1
rusk,1
russ,1
phobe,1
chir,1
rust,1
bice,1
ched,1
theke,1
thec,1
rut,1
ruth,1
bibbs,1
bibb,1
bhang,1
rutinose,1
zoar,1
rynd,1
rysh,1
ryth,1
adh,1
saan,1
tasche,1
lait,1
sacque,1
sanct,1
sacs,1
iled,1
bags,1
sadh,1
sadr,1
sag,1
goin,1
hib,1
hui,1
saim,1
saith,1
saithe,1
jene,1
eb,1
ep,1
salm,1
salp,1
pinx,1
salse,1
swike,1
lue,1
var,1
edes,1
samp,1
daled,1
dyx,1
suge,1
drist,1
sank,1
nop,1
sans,1
skrit,1
stad,1
best,1
tees,1
cen,1
casm,1
doin,1
rigue,1
sarn,1
plier,1
sarse,1
sash,1
fras,1
sasse,1
sauce,1
kraut,1
sogne,1
sauf,1
saugh,1
sauks,1
saul,1
saut,1
save,1
sax,1
saynd,1
scab,1
scad,1
scald,1
scaled,1
scall,1
scalled,1
seech,1
scalper,1
scamp,1
scan,1
scant,1
scar,1
mouch,1
scard,1
saiel,1
berth,1
serk,1
scare,1
scarn,1
nouse,1
berm,1
scarp,1
scatch,1
gylt,1
schrund,1
scate,1
scath,1
scathe,1
scaup,1
scaur,1
scern,1
bere,1
ceuse,1
berbe,1
schade,1
schah,1
queath,1
puffed,1
scheik,1
scheme,1
schene,1
schism,1
schist,1
zyl,1
zoyl,1
zole,1
zoin,1
schlich,1
zile,1
numbed,1
schnapps,1
aze,1
school,1
schorl,1
schrode,1
scink,1
ficed,1
rhoid,1
scise,1
sclaff,1
sclav,1
rosed,1
scoat,1
scobs,1
scoff,1
scoke,1
scole,1
scomm,1
scone,1
scoop,1
scoot,1
bute,1
buth,1
scorce,1
scorch,1
scorse,1
scoth,1
lowt,1
loved,1
scots,1
scour,1
scourge,1
scourse,1
scow,1
scowl,1
scrag,1
scranch,1
belled,1
scrap,1
scrape,1
belk,1
scrat,1
scraw,1
scray,1
screak,1
scream,1
scree,1
screech,1
screed,1
belch,1
scrid,1
scrim,1
kah,1
scrimp,1
scrine,1
beild,1
scringe,1
scrip,1
scritch,1
scrod,1
scrog,1
scrolled,1
scrouge,1
scrow,1
scroyle,1
scrub,1
scruff,1
scrunch,1
scruze,1
scud,1
scug,1
sculk,1
scull,1
scup,1
paug,1
nong,1
scur,1
scurf,1
scurff,1
scut,1
scutch,1
scute,1
scye,1
ghard,1
scyle,1
scythe,1
scythed,1
sdain,1
sdeign,1
seak,1
sealgh,1
seamed,1
beeves,1
beeve,1
sean,1
beete,1
beet,1
searce,1
seared,1
seave,1
beem,1
seche,1
beeld,1
seck,1
sedge,1
beef,1
sedged,1
beech,1
seep,1
seet,1
seeth,1
seethe,1
uin,1
seg,1
segge,1
gno,1
seiches,1
seid,1
seigh,1
seine,1
seise,1
jein,1
seke,1
kes,1
seld,1
vaged,1
cined,1
noles,1
vif,1
senge,1
sens,1
gint,1
chral,1
quel,1
sere,1
serf,1
serge,1
jeant,1
serr,1
rulate,1
viette,1
sett,1
sewe,1
sexed,1
sext,1
tans,1
seynd,1
seynt,1
shab,1
shack,1
shad,1
shadd,1
doof,1
drach,1
shag,1
beaux,1
shaik,1
shail,1
shall,1
shalm,1
beath,1
shalt,1
beast,1
shanked,1
bearn,1
shaps,1
shark,1
sharp,1
shash,1
bean,1
beamed,1
shawl,1
beal,1
beaked,1
shawm,1
shay,1
she,1
bead,1
beached,1
sheal,1
lium,1
zaar,1
bays,1
shear,1
bayed,1
sheard,1
shearn,1
shears,1
yad,1
sheath,1
bawn,1
bawl,1
sheave,1
bawd,1
sheaved,1
sheen,1
bauk,1
drick,1
sheep,1
sheik,1
batz,1
sheil,1
sheld,1
shelled,1
shend,1
eef,1
shern,1
lies,1
shete,1
sheth,1
shide,1
batch,1
shie,1
ailled,1
shied,1
shiel,1
shilf,1
shill,1
loh,1
shim,1
shin,1
raz,1
basque,1
shirk,1
bask,1
shirl,1
shirr,1
shirred,1
cok,1
hyle,1
shist,1
shive,1
bleu,1
shoad,1
shoal,1
shoar,1
lett,1
zan,1
barth,1
barse,1
shoat,1
shog,1
shole,1
shonde,1
shone,1
oi,1
shook,1
clade,1
barque,1
shoon,1
shoop,1
shorl,1
shorn,1
short,1
metz,1
shote,1
shots,1
shough,1
should,1
shove,1
shown,1
barm,1
shrag,1
shram,1
ghest,1
shrank,1
shrap,1
shrewd,1
shriek,1
shright,1
shrike,1
shrill,1
shrimp,1
glio,1
shrink,1
rolle,1
shrive,1
shroff,1
biers,1
bette,1
shrood,1
shrove,1
stel,1
shrow,1
shrowd,1
shruff,1
shrug,1
shude,1
zai,1
shug,1
teng,1
shunt,1
shute,1
bens,1
sice,1
banns,1
sich,1
lienne,1
eue,1
sieve,1
sift,1
sig,1
sigh,1
gnor,1
sik,1
sikhs,1
silk,1
silt,1
banc,1
vics,1
marre,1
bam,1
plist,1
since,1
sinch,1
singe,1
sinque,1
sioux,1
sipe,1
keer,1
sirt,1
uped,1
vente,1
sise,1
siss,1
sithe,1
sithed,1
vens,1
six,1
sixth,1
zling,1
skag,1
skain,1
skaith,1
skald,1
yeuse,1
skall,1
skar,1
skart,1
skat,1
skate,1
baize,1
skayles,1
skean,1
bairn,1
skee,1
bain,1
skeed,1
skeel,1
skeet,1
bail,1
gnoire,1
baigne,1
skeg,1
skein,1
skeine,1
skelp,1
sken,1
skene,1
bague,1
skep,1
sketch,1
ski,1
skid,1
skied,1
skiff,1
skilled,1
skilts,1
skim,1
skimp,1
skinch,1
baff,1
skink,1
badge,1
skirl,1
skirr,1
daud,1
bad,1
skit,1
woods,1
skive,1
ving,1
sklayre,1
sklere,1
skonce,1
skout,1
skreen,1
skrike,1
skrimp,1
skringe,1
skrite,1
backs,1
skue,1
skun,1
skunk,1
skute,1
skyed,1
slab,1
slade,1
slag,1
slaie,1
slam,1
chante,1
slang,1
slank,1
slap,1
slape,1
ery,1
slash,1
slashed,1
slat,1
slatch,1
babe,1
slate,1
slatt,1
baa,1
slav,1
phil,1
slay,1
sleave,1
sleaved,1
sledge,1
slee,1
sleek,1
yont,1
sleet,1
sleetch,1
sleeved,1
sleid,1
sleigh,1
sleight,1
slent,1
unge,1
slep,1
lotl,1
pez,1
slept,1
sleuth,1
slew,1
axe,1
slewed,1
slewth,1
sley,1
slice,1
slich,1
awned,1
awn,1
awm,1
awl,1
awk,1
slick,1
slid,1
whape,1
slight,1
slik,1
slim,1
slink,1
slipes,1
slish,1
slit,1
slive,1
sloam,1
vowed,1
sloat,1
slock,1
sloe,1
pois,1
slog,1
sloke,1
sloo,1
sloom,1
sloop,1
slosh,1
slot,1
sloth,1
slouch,1
slough,1
slowh,1
slows,1
sloyd,1
slub,1
sludge,1
slue,1
slugs,1
slum,1
slump,1
slunk,1
lanche,1
slur,1
tumn,1
slurred,1
slush,1
slut,1
slutch,1
slype,1
zug,1
smack,1
small,1
smalls,1
smalt,1
agd,1
flamme,1
smash,1
smatch,1
smeared,1
aune,1
smeath,1
smee,1
aum,1
auln,1
smeeth,1
auk,1
smeir,1
smell,1
smelt,1
smew,1
auf,1
smift,1
smight,1
smile,1
smilt,1
aube,1
baine,1
smirk,1
smit,1
smite,1
eens,1
smitt,1
smock,1
smolt,1
smooch,1
smoor,1
smooth,1
smore,1
smote,1
smouch,1
smudge,1
smug,1
smutch,1
snack,1
snag,1
snail,1
snap,1
snape,1
snar,1
snast,1
snath,1
snathe,1
snaw,1
snead,1
sneak,1
sneap,1
sneath,1
renne,1
sneb,1
sneck,1
sneer,1
sneeze,1
snell,1
snet,1
snew,1
snib,1
snick,1
snide,1
sniff,1
snift,1
snip,1
snite,1
snithe,1
snob,1
snod,1
snoff,1
snood,1
snook,1
tete,1
swooned,1
snooze,1
snore,1
sweve,1
snort,1
snot,1
snout,1
snowl,1
snub,1
phel,1
snudge,1
snug,1
tringe,1
sny,1
soal,1
soam,1
soap,1
sob,1
sober,1
tound,1
soc,1
sod,1
dger,1
soe,1
jer,1
isk,1
soke,1
emn,1
maj,1
sond,1
soord,1
shong,1
soothe,1
sope,1
sumed,1
phime,1
sopping,1
sord,1
ghum,1
sorn,1
soss,1
sothe,1
souce,1
sough,1
souke,1
souled,1
soune,1
sounst,1
soup,1
sourde,1
krout,1
asse,1
sours,1
souse,1
sout,1
nir,1
sowce,1
sowne,1
sowse,1
soyle,1
spa,1
spaad,1
spad,1
spade,1
phalte,1
spae,1
spaid,1
spake,1
spale,1
sperne,1
spall,1
spalt,1
dogs,1
spane,1
asp,1
spang,1
spank,1
drap,1
spare,1
sparge,1
spark,1
poil,1
sparse,1
sparth,1
sparve,1
spasm,1
reth,1
shamed,1
spat,1
spate,1
spathe,1
spathed,1
dashed,1
spauld,1
spaw,1
spawn,1
spay,1
spece,1
specht,1
speckt,1
speece,1
speer,1
speet,1
speight,1
speir,1
speiss,1
speke,1
spelk,1
spelt,1
art,1
rike,1
lunc,1
spence,1
arse,1
schin,1
sper,1
spere,1
sperge,1
spet,1
sphex,1
riere,1
spick,1
rha,1
spied,1
spight,1
spiked,1
spile,1
spill,1
spilth,1
spine,1
spined,1
spink,1
foux,1
zist,1
stry,1
spiss,1
roynt,1
splash,1
splay,1
spleen,1
splent,1
splice,1
spline,1
splint,1
arms,1
splotch,1
splurge,1
zeen,1
spong,1
sponge,1
sponk,1
spook,1
spool,1
spoom,1
spoor,1
spouse,1
arles,1
kose,1
ark,1
sprack,1
sprad,1
sprag,1
sprain,1
spraints,1
sprang,1
gute,1
sprat,1
sprawls,1
goile,1
spray,1
spree,1
sprenge,1
sprew,1
spreynd,1
sprig,1
sprigged,1
spright,1
springe,1
sprint,1
sprite,1
sprod,1
sprong,1
sprout,1
spruce,1
chonts,1
sprue,1
sprug,1
sprung,1
sprunt,1
spry,1
traved,1
spud,1
spue,1
spuke,1
spunge,1
spunk,1
spurge,1
spurn,1
spurred,1
sput,1
spute,1
spy,1
squab,1
squad,1
arc,1
squail,1
squam,1
squame,1
squash,1
squaw,1
squawk,1
squawl,1
squeak,1
squeal,1
squeeze,1
squelch,1
squib,1
squid,1
squier,1
squill,1
besqued,1
besque,1
squinch,1
zey,1
squir,1
squirm,1
squirr,1
squirt,1
stab,1
fette,1
stag,1
apse,1
stage,1
proned,1
staid,1
pril,1
stail,1
staith,1
pui,1
stal,1
stalked,1
stalled,1
promt,1
stanch,1
stane,1
stang,1
stank,1
yel,1
starched,1
starf,1
stark,1
starn,1
starred,1
plause,1
starve,1
staunch,1
staves,1
staw,1
steal,1
stealth,1
steam,1
stean,1
ingp,1
stee,1
steed,1
steek,1
steem,1
steer,1
steeve,1
steg,1
steik,1
ratus,1
lyng,1
bock,1
zem,1
stell,1
lesm,1
stelled,1
stench,1
stent,1
steppe,1
stepped,1
typed,1
sterned,1
sterve,1
stet,1
steve,1
stew,1
stey,1
stiff,1
lypse,1
plomb,1
stike,1
stilt,1
stime,1
mey,1
phis,1
stink,1
stint,1
stipe,1
ape,1
stirk,1
stirp,1
stirps,1
stirt,1
stith,1
stive,1
stives,1
stoak,1
stoat,1
cah,1
stoke,1
stoled,1
stomp,1
stond,1
henge,1
stont,1
lered,1
stook,1
stoom,1
stopped,1
stor,1
stored,1
stork,1
stot,1
stote,1
stound,1
stoup,1
stour,1
lels,1
stout,1
stove,1
stowce,1
stowre,1
straight,1
straik,1
strait,1
strake,1
strale,1
stram,1
zoun,1
strang,1
strange,1
chlor,1
strass,1
strath,1
spey,1
strawed,1
stre,1
streaked,1
stree,1
streek,1
streel,1
streen,1
strein,1
streit,1
streite,1
strene,1
strewn,1
strich,1
strick,1
strid,1
stripe,1
strived,1
strix,1
stroam,1
stroll,1
stromb,1
strond,1
strook,1
stroot,1
strop,1
stroud,1
strout,1
strove,1
strowl,1
strull,1
strung,1
strunt,1
stub,1
stuke,1
stull,1
stulm,1
stulp,1
stum,1
stump,1
noa,1
stung,1
stunk,1
stunt,1
stupe,1
sturb,1
sturk,1
sturt,1
nats,1
nals,1
ann,1
stut,1
klet,1
stye,1
stythe,1
ankh,1
styx,1
suave,1
sub,1
dued,1
fusk,1
limed,1
tials,1
uted,1
urb,1
urbed,1
sudd,1
gette,1
france,1
mige,1
sug,1
ared,1
int,1
goths,1
suite,1
ji,1
glic,1
sulk,1
sulks,1
sull,1
phur,1
tran,1
sump,1
sumph,1
dries,1
sung,1
anes,1
sunn,1
nud,1
nele,1
supe,1
perb,1
sede,1
surf,1
surge,1
phul,1
pliced,1
pired,1
rac,1
tained,1
swa,1
swab,1
cille,1
swad,1
swag,1
swaip,1
chored,1
swal,1
swale,1
swam,1
swamp,1
throus,1
swang,1
swap,1
swape,1
sware,1
swarth,1
swarve,1
swash,1
swatch,1
swate,1
swath,1
lyst,1
swayed,1
sweal,1
swede,1
lects,1
cime,1
stakes,1
sweigh,1
swelt,1
swerd,1
swerve,1
swich,1
swift,1
swig,1
swill,1
swim,1
swinck,1
yss,1
swine,1
swinge,1
mused,1
swipe,1
swirl,1
amt,1
swish,1
swiss,1
switch,1
swithe,1
swive,1
swob,1
swoln,1
swom,1
neust,1
swoop,1
swop,1
swough,1
swound,1
swown,1
swum,1
swung,1
swythe,1
syb,1
syce,1
sye,1
syke,1
syle,1
sylph,1
throse,1
este,1
nyme,1
inge,1
inx,1
syrt,1
syth,1
sythe,1
taas,1
inet,1
bleau,1
hac,1
caud,1
tael,1
taen,1
leb,1
tahr,1
tairn,1
thyst,1
tait,1
poin,1
talc,1
noir,1
mende,1
breet,1
tamp,1
poe,1
tangue,1
tape,1
pir,1
boosh,1
targe,1
tarn,1
tarre,1
tart,1
tuffe,1
tasse,1
tatch,1
hou,1
tatt,1
tau,1
taut,1
tcha,1
tchick,1
tea,1
teache,1
tead,1
teak,1
teal,1
teamed,1
tease,1
teat,1
ranth,1
teathe,1
tedge,1
teek,1
teend,1
teens,1
ong,1
teest,1
teeth,1
uck,1
teg,1
teil,1
teind,1
teine,1
teint,1
esm,1
blor,1
tempse,1
temse,1
tench,1
drac,1
dresse,1
fou,1
driled,1
iffe,1
siled,1
tenth,1
binth,1
ek,1
rar,1
terse,1
alp,1
com,1
atte,1
trarch,1
longst,1
tix,1
teuk,1
tew,1
tewed,1
teyne,1
th,1
thack,1
thak,1
mude,1
weg,1
muz,1
myn,1
alms,1
tharms,1
that,1
thatch,1
thaught,1
turge,1
thave,1
thaw,1
theave,1
thee,1
theft,1
thegn,1
their,1
theme,1
thence,1
therf,1
these,1
thew,1
thewed,1
they,1
thick,1
thief,1
thieve,1
thigh,1
thilk,1
thill,1
third,1
lod,1
thole,1
paced,1
thorp,1
thoth,1
thou,1
sandth,1
thrack,1
thraste,1
thrave,1
thraw,1
fours,1
threap,1
threat,1
threave,1
three,1
mande,1
threpe,1
thresh,1
threste,1
gresse,1
threw,1
giant,1
giance,1
thrice,1
thrid,1
thring,1
thrips,1
thrist,1
throb,1
throe,1
throp,1
throve,1
thrown,1
thru,1
thrush,1
thrust,1
thryes,1
thud,1
thug,1
thumbed,1
mim,1
thurgh,1
quot,1
thurl,1
thurst,1
thwack,1
thwaite,1
thwite,1
thyme,1
thyrse,1
iene,1
ien,1
raed,1
ife,1
dings,1
zil,1
tips,1
tierce,1
tift,1
tig,1
gelle,1
tigh,1
tights,1
grish,1
tike,1
kur,1
tilth,1
breled,1
mou,1
tind,1
tined,1
tink,1
tinned,1
nell,1
tip,1
tirl,1
tithe,1
toast,1
toat,1
toff,1
toft,1
toght,1
togs,1
togue,1
kened,1
tolt,1
tongs,1
tongued,1
toom,1
toot,1
toothed,1
paz,1
pek,1
toph,1
phet,1
toque,1
torc,1
torch,1
tore,1
goch,1
torous,1
torque,1
torqued,1
ques,1
torse,1
torsk,1
torved,1
tost,1
tough,1
tourn,1
touze,1
whee,1
cayde,1
towned,1
toy,1
caid,1
toze,1
cery,1
byn,1
chyte,1
traipse,1
trais,1
tramp,1
transe,1
senne,1
rak,1
frete,1
sience,1
sude,1
trape,1
trapes,1
peze,1
pings,1
alb,1
launt,1
pures,1
traps,1
larmed,1
larm,1
trash,1
traunce,1
traunt,1
vois,1
trawl,1
trays,1
cly,1
treague,1
schuyt,1
tref,1
foiled,1
trek,1
lised,1
kene,1
ake,1
trend,1
trew,1
trews,1
trewth,1
aitch,1
ait,1
aisled,1
aisle,1
trey,1
tried,1
trig,1
trill,1
trink,1
air,1
tripe,1
aim,1
triste,1
sulc,1
guille,1
umph,1
troad,1
troat,1
ching,1
chisk,1
trogue,1
troll,1
troop,1
trot,1
blous,1
troul,1
trounce,1
troupe,1
trouse,1
trousse,1
seau,1
trout,1
trowl,1
trowsed,1
troy,1
trub,1
truce,1
truck,1
trudge,1
trug,1
trull,1
grom,1
trump,1
trunch,1
cheoned,1
nioned,1
tryst,1
grappes,1
graffe,1
tsar,1
losed,1
tuch,1
tuff,1
tug,1
tuille,1
tull,1
tulle,1
tump,1
mult,1
tun,1
sten,1
stite,1
tunk,1
tuque,1
cou,1
ratt,1
bith,1
turf,1
gesce,1
turk,1
keis,1
keys,1
kois,1
turm,1
peth,1
turves,1
tush,1
tusk,1
gend,1
tusked,1
gazed,1
sah,1
tut,1
tuz,1
twaite,1
twang,1
twank,1
tway,1
tweak,1
gainst,1
tweed,1
tweel,1
tweer,1
tweese,1
zers,1
twelfth,1
twelve,1
twey,1
twice,1
twig,1
twight,1
twill,1
twilt,1
twin,1
twinge,1
twink,1
twinned,1
twire,1
twit,1
twitch,1
tye,1
tyke,1
aft,1
tymp,1
tynd,1
tyne,1
phoon,1
phos,1
fraid,1
tyre,1
stie,1
tythe,1
tzar,1
chees,1
ugh,1
kase,1
cered,1
brage,1
umpteen,1
quhile,1
bridged,1
loyed,1
almsed,1
swered,1
palled,1
gued,1
scried,1
nau,1
anced,1
dinned,1
lieved,1
ased,1
blessed,1
breathed,1
cared,1
caused,1
unce,1
coined,1
cuth,1
decked,1
dressed,1
nime,1
sailed,1
sparred,1
taxed,1
cesed,1
pensed,1
earned,1
fiche,1
feer,1
ployed,1
qualed,1
thered,1
fledged,1
skinned,1
gored,1
feard,1
guis,1
heired,1
helmed,1
hoped,1
hosed,1
housed,1
seled,1
aed,1
essed,1
kard,1
kemmed,1
kent,1
keth,1
edged,1
lawed,1
licked,1
uored,1
napped,1
nethe,1
vanced,1
nooked,1
paired,1
goned,1
parched,1
pathed,1
dunc,1
paved,1
peeled,1
peered,1
picked,1
placed,1
plained,1
poised,1
prayed,1
pursed,1
zored,1
reaved,1
deemed,1
nued,1
valed,1
roofed,1
ruled,1
nared,1
sensed,1
shaked,1
shrubbed,1
slacked,1
slaked,1
diered,1
talked,1
tithed,1
trained,1
trenched,1
turned,1
used,1
mired,1
warped,1
weighed,1
wemmed,1
willed,1
yoked,1
brought,1
heaped,1
pricked,1
ridged,1
kas,1
iste,1
thra,1
dele,1
stege,1
rox,1
suk,1
begs,1
dios,1
baugh,1
fruct,1
surp,1
utes,1
vrou,1
vae,1
frous,1
vague,1
vair,1
eps,1
lise,1
vang,1
glo,1
jas,1
vap,1
pored,1
vare,1
vienne,1
veled,1
vase,1
ville,1
dois,1
doux,1
vaut,1
vehm,1
richt,1
veiled,1
vein,1
veldt,1
dax,1
vele,1
vell,1
lours,1
vends,1
nene,1
nust,1
dapt,1
doy,1
dured,1
lien,1
verst,1
verve,1
vetch,1
tust,1
viced,1
uals,1
kleur,1
vild,1
eyns,1
vim,1
nasse,1
vined,1
un,1
newed,1
vire,1
virge,1
leuse,1
roled,1
visne,1
vives,1
viz,1
voe,1
vogue,1
voiced,1
vole,1
volge,1
yc,1
umed,1
vouchor,1
vugg,1
vyce,1
waag,1
wade,1
wae,1
waeg,1
waffle,1
wage,1
waid,1
waif,1
waift,1
wair,1
waist,1
waive,1
wakf,1
kif,1
wald,1
hick,1
loons,1
walm,1
waltz,1
corned,1
wamp,1
wane,1
wang,1
lyth,1
wanned,1
want,1
wanze,1
wap,1
waped,1
schaw,1
wapp,1
pened,1
warmth,1
warre,1
rior,1
wase,1
wast,1
watchet,1
waucht,1
waur,1
wave,1
waved,1
wawe,1
wawl,1
chene,1
wayk,1
weald,1
wean,1
dahs,1
wedge,1
weft,1
weird,1
weive,1
kau,1
welch,1
wele,1
welk,1
welked,1
wels,1
bach,1
welsh,1
welt,1
ung,1
welte,1
schmertz,1
cerb,1
wem,1
wen,1
wench,1
wende,1
wends,1
wene,1
wep,1
wept,1
werche,1
cused,1
were,1
werk,1
cursed,1
wern,1
werre,1
werst,1
wert,1
wesh,1
wex,1
wey,1
weyle,1
cresce,1
weyve,1
whaap,1
ments,1
whack,1
whala,1
whale,1
cheuse,1
cheur,1
whall,1
whame,1
whan,1
whang,1
wharf,1
wharl,1
wharp,1
whaul,1
wheal,1
wheeled,1
wheen,1
wheeze,1
wheft,1
whelk,1
whelked,1
whelp,1
whence,1
whew,1
whey,1
which,1
whiff,1
whig,1
whiles,1
whilk,1
lom,1
whilst,1
whim,1
wham,1
whine,1
whinge,1
whipt,1
whir,1
whisk,1
whisp,1
whist,1
whites,1
whiz,1
who,1
whoa,1
whom,1
whoop,1
whoot,1
whop,1
whorl,1
whorled,1
whort,1
whose,1
whot,1
whur,1
whurt,1
wicked,1
wide,1
width,1
wield,1
wier,1
wigg,1
wight,1
leph,1
wike,1
wile,1
wilk,1
waw,1
wilt,1
wince,1
cey,1
winch,1
strae,1
dowed,1
bysm,1
goes,1
winze,1
wirche,1
wire,1
wisp,1
witts,1
wives,1
wo,1
woad,1
woald,1
woke,1
wol,1
wolde,1
fram,1
woll,1
wolle,1
wolves,1
won,1
sterse,1
wone,1
sterge,1
wong,1
woo,1
sorpt,1
woof,1
wook,1
wool,1
woold,1
wooled,1
woon,1
wootz,1
wore,1
worse,1
worst,1
worthwhile,1
wost,1
sinthe,1
woul,1
would,1
wound,1
wowe,1
wowf,1
wowke,1
scond,1
wox,1
sciss,1
wraith,1
scess,1
wrasse,1
wrath,1
wraw,1
wrawl,1
wreche,1
wren,1
wrench,1
wretch,1
wrey,1
wrig,1
wring,1
wrist,1
braum,1
writ,1
writhe,1
thle,1
wroot,1
wrote,1
wroth,1
wrung,1
wull,1
gool,1
luh,1
wust,1
bove,1
dots,1
wyd,1
wye,1
wyke,1
wynd,1
wynn,1
wype,1
wys,1
wyte,1
wythe,1
chroid,1
xeme,1
xp,1
xyst,1
yacht,1
yaf,1
weh,1
wism,1
yak,1
koots,1
kut,1
yam,1
yamp,1
yang,1
yank,1
yaourt,1
yap,1
yare,1
yark,1
yarn,1
yarr,1
yate,1
yaud,1
yaul,1
yaulp,1
yaup,1
yaw,1
yawd,1
yawi,1
yawl,1
yawn,1
yawp,1
yaws,1
cleped,1
yea,1
yead,1
yean,1
bime,1
yeared,1
gail,1
yearn,1
yearth,1
yeast,1
yede,1
yeel,1
yelk,1
yell,1
yelp,1
yend,1
yerd,1
hor,1
hal,1
yerk,1
yern,1
yerne,1
yerst,1
yes,1
yest,1
yeve,1
yew,1
yex,1
yid,1
bele,1
yield,1
yift,1
yis,1
yit,1
yive,1
yode,1
icks,1
yoit,1
yold,1
yolk,1
yoll,1
yom,1
yore,1
yot,1
yote,1
you,1
youl,1
youngth,1
your,1
yours,1
youth,1
youze,1
yow,1
yowe,1
bess,1
yowl,1
yox,1
yu,1
abb,1
yuck,1
yufts,1
awed,1
voix,1
yug,1
yuke,1
yule,1
yunx,1
yux,1
chun,1
zaim,1
zain,1
zarf,1
nich,1
zax,1
zealed,1
zed,1
koe,1
geist,1
stvo,1
zend,1
doned,1
dik,1
nith,1
yr,1
baist,1
zest,1
zeus,1
zif,1
zag,1
zimb,1
zinc,1
zink,1
zip,1
zith,1
kor,1
zope,1
zouave,1
zounds,1
zoutch,1
zubr,1
zuche,1
