a,2143
aard,1
ab,123
ac,224
ace,7
aced,4
ach,7
ache,8
ached,1
acked,1
act,22
ad,187
add,4
ade,10
ads,1
adz,1
ae,9
aer,22
aes,7
af,60
aft,1
ag,77
age,128
aged,15
ah,7
ai,4
aid,3
aide,1
ail,4
aim,3
aimed,1
ain,2
air,38
aire,2
aired,1
airs,1
ais,1
aisle,1
ak,3
al,768
alb,1
ald,10
ale,5
aled,3
alias,1
all,7
alled,2
alms,3
alp,1
als,1
alt,3
alum,1
am,113
amb,1
ame,1
amor,1
amp,1
an,514
anal,1
anc,3
ance,69
anced,3
and,6
ane,3
ang,3
ange,3
angst,1
ankh,1
anon,1
ant,103
anx,4
ap,153
ape,2
aph,6
aphs,1
apse,2
apt,6
aq,9
ar,296
arc,4
arch,16
arched,1
arcs,1
ard,26
are,1
ared,1
ark,2
arm,20
armed,2
arms,1
art,16
arts,1
ary,2
as,212
ascetic,1
ase,1
ased,3
ash,10
ashe,1
ask,3
asked,1
asm,1
asp,2
ass,6
assed,2
ast,2
asth,2
at,221
ate,206
ath,7
attn,1
au,94
auc,3
aug,4
aught,1
auk,1
auld,1
aunt,3
aus,14
auth,1
auto,1
aux,2
av,14
ave,1
aw,5
awe,4
awed,3
awk,2
awl,1
awn,2
ax,20
axe,1
ay,2
aye,1
az,7
b,4
ba,112
baa,2
baas,1
bab,8
babe,1
babel,1
bac,9
bach,1
back,87
backed,3
backs,1
bad,10
bade,2
badg,1
badge,1
baf,4
baft,1
bag,22
bage,3
bagged,1
bagh,1
bags,2
bah,2
bahn,1
bahns,1
baht,1
bai,1
bail,8
bails,1
bairn,1
bait,2
baize,1
bak,7
bake,3
baked,1
bal,53
bald,5
bale,4
balk,6
ball,29
balled,1
balls,1
balm,8
bals,1
balt,1
bam,4
ban,48
band,23
bands,1
bane,10
bang,4
bangs,1
bank,15
banks,1
banns,1
bans,1
bap,13
bar,115
barb,2
barbed,1
bard,4
bare,10
barg,1
barge,1
bark,9
barn,3
barque,1
barred,4
bars,1
bart,1
bas,35
base,15
based,2
bash,7
bashed,1
bask,1
bass,5
bast,6
baste,2
bat,61
batch,1
bate,12
bates,1
bath,14
bathe,2
bathed,1
bats,2
bau,1
bauch,2
bauched,1
baud,1
baux,1
baw,1
bawd,7
bawl,2
bay,8
be,260
bea,5
beach,2
bead,7
beak,4
beam,7
bean,9
bear,20
beard,5
beast,4
beat,16
beau,12
beaut,1
beaux,1
bec,2
beck,3
bed,35
beds,1
bee,10
beech,3
beef,8
been,1
beep,2
beer,1
beers,1
bees,1
beest,1
beet,1
beeves,1
beg,6
bei,3
beige,1
bel,56
belch,1
beled,5
bell,12
belle,1
belled,4
belt,5
ben,28
bench,3
bend,7
bends,1
bene,1
bent,9
ber,151
berd,1
bered,2
berg,3
berk,1
berke,1
bers,3
bert,5
berth,1
bes,13
bese,1
besque,1
bess,1
best,3
bet,24
bete,1
beth,2
bev,10
bex,2
bey,7
bez,3
bhang,1
bhu,1
bi,234
bia,2
bib,9
bibe,1
bibed,1
bibliog,1
bic,16
bick,3
bid,30
bide,3
bie,2
bied,2
bier,1
bies,2
big,18
bight,1
bik,1
bike,2
bil,54
bile,10
bilge,1
bilk,2
bill,13
bille,1
bim,1
bin,19
bind,13
bine,7
bined,3
bing,40
binge,1
biq,2
bir,1
birch,3
bird,24
birth,10
bis,16
bish,8
bisque,1
bit,35
bitch,4
bite,8
bitt,1
biv,4
bla,5
blab,3
black,24
blad,2
blade,2
blage,1
blain,2
blam,4
blame,4
blamed,1
blan,4
blanc,1
blance,1
blanch,1
blanche,1
bland,3
blank,3
blar,2
blare,1
blas,5
blast,5
blat,1
blath,1
blaz,3
blaze,2
ble,804
bleach,3
bleached,1
bleak,4
blear,4
bleat,1
bled,6
bleed,4
bleep,1
blem,3
blench,2
blend,4
blende,1
blent,1
bler,33
blers,1
bles,9
bless,5
blesse,1
blessed,1
blest,2
blet,1
blew,1
bli,3
blig,3
blige,2
bliged,2
blight,1
blimp,1
blin,1
blind,7
bling,14
blink,5
blinks,1
blintz,1
blintze,1
blip,1
bliq,1
blique,1
blis,1
bliss,3
blit,1
blith,1
blithe,4
blitz,2
bliv,2
bliz,1
bloat,3
blob,2
bloc,1
block,15
blocked,2
bloke,1
blond,2
blonde,1
bloo,1
blood,21
bloom,10
bloomed,1
bloon,1
bloop,1
blor,1
blos,2
blot,5
blotch,4
blou,1
blous,3
blouse,1
blow,14
blown,4
blows,1
blowz,3
blu,5
blub,3
bludg,1
blue,17
blues,1
bluff,3
blun,2
blunt,3
blur,3
blurb,1
blurt,1
blus,3
blush,4
bly,155
bo,71
boar,1
board,53
boards,1
boast,6
boat,26
bob,17
bobs,1
boc,1
bock,3
bod,33
bode,3
boe,1
bog,5
boid,2
boil,8
boiled,1
boire,1
bois,1
bol,25
bold,8
bole,2
boled,1
boll,1
bolled,1
bolt,3
bom,12
bomb,6
bon,42
bond,8
bonds,1
bone,22
boned,3
bones,3
bong,1
bons,1
boo,12
booed,1
book,47
boom,3
boon,5
boor,3
boose,2
boost,2
boot,17
booth,2
boots,1
booz,5
booze,1
bop,2
bor,31
bord,1
bore,5
bored,3
born,16
borne,5
borsch,1
borscht,1
bort,2
bos,8
bose,2
bosh,2
bosk,3
boss,9
bot,20
botch,6
both,3
bou,11
bouch,1
bouf,1
bough,1
bought,2
bouil,1
boul,2
boule,2
boules,1
boun,5
bounc,4
bounce,1
bound,25
bounds,1
bour,4
bourg,2
bourn,1
bourne,1
bous,2
bout,8
bouts,1
bove,2
bow,25
bowd,2
bowed,2
bowl,5
bowls,1
bows,1
box,24
boy,23
br,1
bra,34
brac,3
brace,4
braced,1
brack,4
bract,1
brad,4
brade,1
brae,1
brag,4
brage,1
braid,6
braille,1
brain,14
brais,1
braise,1
brak,1
brake,5
bral,5
bram,2
bran,8
brance,1
branch,4
brand,4
brane,1
brant,3
brar,3
bras,4
brash,3
brass,6
brat,12
brate,8
brav,5
brave,3
brawl,2
brawn,6
bray,2
braz,3
braze,1
bre,16
breach,1
bread,8
breadth,1
break,27
bream,1
breas,1
breast,8
breath,9
breathe,1
brec,1
bred,11
breech,2
breed,8
breez,6
breeze,2
brel,3
bret,4
breth,1
brette,1
brev,2
breve,1
brew,6
bri,30
brib,6
bribe,2
bric,3
brick,6
brid,7
bride,2
brides,1
bridg,5
bridge,9
bridged,3
brief,6
briefs,1
brig,6
bright,5
bril,4
brile,1
brim,5
brin,9
brine,1
bring,4
brink,2
bris,8
brisk,3
brit,4
britch,1
bro,27
broach,2
broad,13
broads,1
broc,1
broch,1
brogue,1
broi,2
broid,1
broil,3
brok,1
broke,1
bron,7
bronz,2
bronze,1
brooch,1
brood,5
brook,5
brooks,1
broom,4
broth,6
brou,1
brough,1
brought,1
brous,6
brow,8
brown,6
brows,2
browse,1
bru,11
brue,1
brued,1
bruis,2
bruise,1
bruised,1
bruit,1
brum,1
brunch,1
bruns,1
brunt,1
brus,1
brush,10
brushed,2
brusque,2
brut,3
brute,1
bry,3
bu,56
bub,6
buc,1
buck,24
bucked,1
bucks,1
bud,9
budg,10
budge,1
buds,1
bue,1
bued,1
buf,9
buff,3
bug,15
bugged,2
bugs,1
build,8
built,1
buk,2
buke,1
buked,2
buks,1
bul,15
bulb,4
bule,2
bulg,1
bulge,1
bulk,6
bull,17
bum,7
bump,8
bun,17
bunch,5
bund,3
bung,2
bunk,6
bunt,3
buoy,4
bur,54
burg,12
burgh,4
burl,1
burn,10
burned,2
burns,2
burnt,3
burp,1
burr,1
burred,1
burs,1
burse,2
bursed,2
burst,5
bus,45
buse,2
bused,2
bush,13
bushed,1
busi,2
buss,1
bust,6
but,36
butch,4
bute,1
butt,1
butte,1
butz,1
bux,2
buy,5
buz,1
buzz,2
bwa,1
by,62
bye,2
bys,3
byss,2
byte,1
byz,1
c,1
ca,311
cab,15
cac,6
cach,1
cache,2
cack,2
cad,17
cade,9
cadg,2
cadge,1
cae,6
caf,3
cag,7
cage,3
cai,2
cain,1
caine,3
cairn,1
cairns,1
cais,1
cak,1
cake,10
cal,292
cale,3
calf,2
call,7
calm,4
calmed,1
cals,2
calv,1
calve,1
calves,1
cam,33
came,3
camp,14
can,132
cand,1
cane,4
canned,1
cans,1
cant,24
caou,1
cap,68
cape,4
caped,1
capped,3
caps,1
caque,1
car,154
card,9
cards,1
care,9
carp,4
cart,9
carte,1
carv,2
carve,1
cas,46
case,16
cased,1
cash,5
cashed,1
cask,1
casm,1
casque,1
cass,1
cast,25
caste,1
cat,123
catch,14
cate,70
cath,7
cau,21
caught,2
caul,1
caulk,2
caus,8
cause,4
caust,1
cav,19
cave,4
caw,2
cay,4
cayed,1
ce,65
ceal,3
cean,6
ceas,3
cease,5
ceased,1
ced,20
cede,9
cee,4
ceed,8
ceeds,1
ceil,1
ceinte,1
ceipt,1
ceit,4
ceiv,10
ceive,5
ceived,4
cel,43
celed,2
cell,4
celle,1
celled,3
celt,1
cem,4
ceme,1
cen,78
cence,9
cend,7
cene,3
cens,2
cense,3
censed,4
cent,52
ceous,9
cep,22
ceph,1
ceps,6
cept,14
cer,67
cerb,1
cere,5
cern,8
cerne,1
cerned,1
cerpt,1
cers,2
cert,6
ces,53
cese,2
cess,12
cest,1
cet,13
ceu,1
ceuse,1
cey,1
ch,3
cha,26
chab,1
chaf,4
chafe,1
chaff,2
chain,3
chained,1
chair,7
chaise,1
chal,11
chalk,5
cham,11
champ,1
chan,22
chanc,4
chance,3
chang,4
change,8
changed,2
chant,11
chap,16
chaps,1
char,31
chard,4
charg,5
charge,8
charged,4
charles,2
charm,4
chart,3
chas,15
chase,3
chasm,1
chast,2
chaste,5
chat,15
chau,2
chauf,1
chaun,1
chaunt,1
che,23
cheap,5
cheat,3
check,18
checked,2
ched,1
chee,3
cheek,7
cheep,2
cheer,11
cheers,1
chees,2
cheese,3
chef,1
chem,17
chen,3
chene,1
cheon,2
cheq,1
cher,14
chert,2
ches,6
chesh,1
chess,3
chesses,1
chest,2
chet,8
chete,1
chets,1
chette,1
chev,3
chew,9
chey,1
chi,48
chic,9
chick,5
chid,4
chide,1
chie,1
chief,8
chiev,3
chieve,1
chieved,1
chif,3
chig,2
chil,13
child,11
chill,4
chilled,1
chim,3
chime,1
chimp,1
chin,9
chinch,1
chine,3
chined,1
chink,1
chintz,4
chio,1
chion,2
chip,6
chirp,1
chis,7
chise,1
chised,1
chism,4
chist,3
chit,5
chite,1
chiv,2
chive,2
chives,1
chize,1
chized,1
chlo,12
chlor,1
cho,40
choc,2
chock,1
choic,1
choice,1
choir,3
chok,2
choke,2
chokes,1
chol,7
chom,1
chomp,1
chon,7
choos,4
choose,1
chop,13
chops,1
chor,7
chord,4
chore,1
chose,1
chot,2
chott,1
chow,2
chral,1
chre,1
chri,1
chris,10
chrism,1
christ,3
chro,16
chrom,1
chrome,2
chron,5
chry,1
chrys,3
chu,2
chub,5
chuck,7
chug,2
chuk,2
chum,7
chump,1
chunk,6
church,10
chure,2
churl,3
churn,3
chus,2
chut,2
chute,2
chutz,1
chy,8
ci,181
cia,11
cial,47
cian,26
ciao,1
ciar,1
cic,7
cid,44
cide,18
cie,3
cied,1
cien,2
cient,11
cier,2
ciered,1
cierge,1
cies,3
cif,6
cig,2
cil,40
cile,3
ciled,4
cille,1
cilled,2
cin,22
cinc,3
cinch,1
cinct,3
cincts,1
cine,4
cined,1
cinque,1
cinth,2
cio,1
cion,2
cious,45
cip,8
cir,38
cirque,1
cis,16
cise,10
cised,5
cism,17
cist,14
cit,37
cite,9
civ,15
cive,2
ciz,1
cize,8
cized,4
cla,5
clab,1
clack,2
clad,6
claim,16
claimed,1
clair,3
clam,13
clamp,1
clan,4
clang,3
clank,1
clans,3
clap,6
claque,1
clar,14
clare,1
clared,2
clas,12
clash,1
clasm,1
clasp,5
class,11
clast,1
clat,3
claus,3
clause,2
clav,3
clave,4
claw,2
clay,4
cle,71
clean,13
cleaned,1
cleans,2
cleanse,1
clear,10
cleared,1
cleat,1
cleav,4
cleave,1
cled,5
clef,1
cleft,1
clem,6
clen,1
clench,2
cler,9
clere,1
clerk,4
cles,4
clet,1
clev,4
cleve,1
clew,1
cli,22
clic,1
click,2
clide,1
clif,1
cliff,1
climb,4
clime,1
clin,12
clinch,2
cline,5
clined,3
cling,8
clink,2
clip,7
clipped,1
clips,2
clipse,1
clipsed,1
clique,1
clist,2
clit,2
cliv,3
clo,12
cloak,3
clob,1
clock,5
clod,4
clog,5
clogged,1
cloi,1
cloid,1
clois,3
clom,1
clon,1
clone,2
clop,1
clops,1
clos,10
close,11
closed,7
clot,3
cloth,16
clothe,3
clothes,6
cloud,13
clouds,1
clout,1
clove,1
clown,3
cloy,2
clu,14
club,7
cluck,1
clud,14
clude,6
clue,1
clum,5
clump,2
clung,1
clus,2
cluse,1
clut,1
clutch,1
clys,1
clysm,1
co,244
coa,1
coach,4
coal,2
coars,3
coarse,3
coast,5
coat,16
coax,3
cob,9
coc,13
coch,3
cock,31
cocks,1
coct,1
cod,21
code,3
codg,1
coed,2
cof,6
cog,21
coid,3
coif,3
coil,3
coin,5
coke,1
col,117
cold,3
cole,2
coll,1
colle,1
colloq,1
coln,1
colo,2
colt,2
com,290
comb,9
combed,1
come,13
comp,2
con,596
conch,1
cond,1
cone,2
conk,1
cons,2
conserva,1
coo,5
cook,14
cooked,1
cool,8
coon,6
coop,3
coos,1
coot,4
cop,35
cope,1
coph,1
copse,1
cor,113
cord,25
cords,1
core,3
cork,8
corked,1
corn,17
corned,1
corp,1
corps,2
corpse,1
correl,1
cort,2
cos,24
cose,7
cosm,2
cost,10
cot,24
cote,2
cott,2
cou,21
couch,4
cough,1
coul,1
could,1
coun,32
count,15
coup,3
coupe,1
cour,11
cours,4
course,7
coursed,2
court,8
cous,11
couth,1
cov,31
cove,2
cover,1
cow,20
cowl,2
cox,2
coy,7
coz,4
cra,26
crab,7
crabs,1
crack,15
cracked,1
cracks,1
craft,15
crafts,2
crag,5
cral,1
cram,3
cramp,1
cramped,1
cran,4
crane,1
crank,8
crap,2
craps,1
cras,1
crash,3
crass,3
crat,23
crate,5
crav,3
crave,1
craw,3
crawl,5
cray,4
craz,1
craze,1
crazed,1
cre,59
crea,1
creak,6
cream,8
creas,4
crease,3
creased,1
creche,1
cred,16
cree,2
creed,2
creek,1
creel,1
creep,8
creeps,1
creet,3
cren,2
creole,1
crep,3
crepe,1
crept,1
cres,4
cress,2
crest,5
cret,11
crete,7
crev,1
crew,5
cri,7
crib,6
cribe,1
cribed,1
crick,3
crid,1
cried,2
crim,8
crime,1
crimp,2
crin,5
crine,3
cring,1
cringe,1
crip,4
crisp,8
criss,1
crit,11
crite,1
cro,25
croach,1
croak,5
crobe,1
croc,1
crock,2
crocked,1
croft,1
croid,1
crois,1
crol,1
crom,2
cron,3
crone,1
crook,4
croon,2
crop,8
cropped,1
cros,2
crose,1
cross,26
crosse,1
crossed,1
crot,1
crotch,3
crou,3
crouch,1
croup,3
crous,1
crow,7
crowd,4
crown,3
crowned,2
cru,24
crud,2
crude,3
crue,2
crued,1
cruis,2
cruise,1
cruit,2
crul,1
crum,10
crumb,2
crumbs,1
crunch,4
crup,1
crus,5
crush,3
crust,7
crutch,1
crux,2
cry,9
cryl,1
cryp,5
crypt,3
crys,4
cu,151
cub,5
cube,2
cuck,3
cud,3
cudg,5
cue,7
cued,3
cues,1
cuff,3
cuffs,3
cui,1
cuit,4
cul,33
cule,6
culed,1
cull,1
cult,7
cum,32
cumb,2
cun,6
cund,3
cup,12
cupped,2
cur,64
curb,3
curbed,1
curd,1
cure,11
cured,3
curl,9
curred,5
curs,8
curse,1
curst,1
curt,7
curv,5
curve,1
cus,59
cuse,5
cused,7
cush,5
cusp,1
cuss,3
cussed,3
cust,1
cut,35
cutch,1
cute,10
cuts,1
cy,205
cyc,2
cyg,2
cyl,2
cym,2
cyme,1
cyn,4
cyp,1
cyst,4
cyte,4
cyx,1
cza,1
czar,4
czech,1
d,4
da,93
dab,5
dac,8
dace,1
dachs,1
dact,2
dad,6
dae,1
daf,4
daff,1
daft,3
dag,1
dah,2
dahl,1
dai,5
dain,11
dained,1
dair,5
dal,35
dale,5
dales,1
dam,24
dame,1
dames,1
damn,2
damnd,1
damned,2
damp,7
damped,1
dan,30
danc,3
dance,3
dane,3
dank,3
dant,12
dante,1
dap,7
dapt,7
dar,19
dare,2
dark,9
darme,1
darn,3
darned,1
dart,2
darts,1
das,3
dash,9
dashed,1
dat,20
date,27
dates,1
dau,3
daub,3
daugh,3
daunt,3
dav,5
daw,3
dawn,1
day,33
days,4
daz,5
daze,1
de,717
dea,4
dead,13
deaf,5
deal,9
dealt,2
dean,4
dear,6
dearth,1
death,9
deau,1
deaux,1
deav,1
deb,6
debs,1
debt,3
dec,34
deck,5
decks,1
ded,24
dee,4
deed,3
deem,6
deems,1
deep,4
deer,6
def,13
deft,3
deg,1
dei,1
deign,1
deine,1
dek,3
del,43
deled,1
delft,1
dell,1
delled,1
dells,1
delv,2
delve,1
dem,33
deme,1
demn,3
demp,2
den,110
denc,1
dence,17
denced,2
dend,2
dened,2
dens,5
dense,5
densed,1
dent,35
dep,11
dept,4
depth,1
der,271
dere,1
dered,4
derm,2
ders,2
des,56
desce,1
desh,1
desk,1
dess,1
dest,3
det,12
deu,3
deuce,1
deur,2
dev,18
dew,15
dex,10
dez,1
dha,1
dhism,1
dhist,1
dho,1
dhole,1
dhow,1
di,512
dia,2
dial,5
dib,2
dic,33
dice,4
diced,2
dick,4
dict,12
did,15
dide,1
die,7
died,7
diel,1
dier,6
dies,4
dieu,1
dieus,1
dieux,1
dif,17
dig,24
digm,1
dign,2
digs,1
dike,1
dil,20
dile,1
dill,1
dim,13
dime,1
dimmed,2
din,15
dine,9
dines,1
ding,34
dink,3
dint,1
dip,14
diph,2
dir,4
dire,4
dirge,1
dirk,1
dirn,1
dirt,8
dis,347
disc,1
dise,2
dish,18
dished,1
disk,1
dist,4
diste,1
distr,1
dit,12
ditch,2
dite,6
dith,2
dits,1
div,10
dive,4
dived,1
dix,4
diz,10
dize,9
dized,3
dja,1
dl,1
dle,87
dled,5
dler,25
dles,2
dlest,1
dli,2
dling,12
dly,3
do,113
dob,1
doc,14
dock,9
docks,1
dod,3
dodg,3
dodge,2
dodged,1
doe,2
doed,1
does,1
doff,2
dog,37
doge,1
dogged,1
dogs,1
doi,1
doir,1
dol,22
dole,4
doled,1
doll,3
dolt,3
dom,46
dome,2
domed,1
domes,1
don,36
done,9
doned,3
dong,1
dons,1
doo,5
doom,2
dooms,2
door,13
doors,2
dop,8
dope,2
dopt,4
dor,38
dore,5
dored,1
dorm,1
dorn,3
dorned,1
dors,3
dorse,2
dorsed,2
dos,10
dose,2
dot,16
dote,3
doth,1
dotte,1
dou,11
doubt,11
douch,1
douche,1
doug,1
dough,11
dound,1
dour,5
dous,4
douse,1
dov,1
dove,5
dow,23
down,54
downs,1
dows,2
dowse,1
dox,8
doy,4
doz,10
doze,2
dozed,1
dra,19
drab,5
drach,1
draft,12
drafts,1
drag,10
drain,5
drake,2
dral,3
dram,5
dran,1
drance,1
drank,1
drant,1
drap,4
drape,3
draped,1
drapes,1
dras,2
drat,3
drate,3
drau,2
draught,1
draw,11
drawl,1
drawn,3
dray,2
dre,2
dread,4
dream,14
dreamed,1
dreams,1
dreamt,2
drear,6
dred,4
dredg,2
dredge,1
dredth,1
dregs,1
drel,2
dren,3
drench,2
dres,1
dress,21
dressed,1
drew,4
dri,8
drib,3
dric,2
drid,1
dride,2
dried,2
dries,1
drift,6
dril,1
drill,5
drille,2
drin,2
drine,1
drink,6
drip,3
drit,1
drite,2
driv,12
drive,3
driz,2
dro,25
drog,1
drogue,1
droid,1
droit,4
drol,4
droll,4
drom,4
drome,4
dron,8
drone,1
drool,1
droop,5
drop,17
dropped,1
drops,1
dross,3
drought,1
drous,3
drov,1
drove,1
drow,5
drown,1
drows,2
drowse,1
drox,1
dru,1
drub,3
drudg,2
drudge,1
druff,1
drug,4
drule,1
drum,12
drums,1
drunk,4
drupe,1
dry,18
dryer,1
du,87
dub,4
duc,47
duce,14
duced,13
ducer,1
duch,3
duck,8
ducks,1
duct,15
dud,1
dude,1
dudg,1
duds,1
due,7
dued,3
dues,1
duf,2
duff,1
dug,3
duit,1
duke,3
dukes,1
dul,16
dulg,2
dulge,1
dulged,1
dull,3
dult,5
dum,11
dumb,6
dump,7
dumps,1
dun,11
dunce,1
dune,1
dung,2
dunk,2
dup,5
dupe,1
dur,8
dure,4
dured,1
dus,7
dusk,5
dust,12
dutch,1
dwarf,3
dwell,5
dwelt,2
dwin,1
dy,93
dyb,3
dye,4
dyed,2
dyl,1
dyle,1
dyll,1
dym,2
dyn,1
dyne,1
dys,11
dyte,1
e,849
ea,10
each,1
eant,2
ear,20
eared,1
earl,2
earn,4
earned,1
earth,19
eas,12
ease,3
eased,1
east,13
eat,15
eats,1
eau,1
eaves,3
eb,5
ebb,1
ec,28
ech,8
ecol,1
econ,1
ect,1
ed,880
edg,6
edge,6
edit,1
educa,1
ee,36
eed,1
eel,1
een,3
eens,1
eenth,1
eer,10
ef,51
eft,1
eg,1
ege,1
egg,6
ei,5
eight,7
eighth,1
eign,4
eil,1
ein,2
eis,1
ek,1
eke,1
el,200
eld,4
elect,1
eled,25
elf,2
elk,1
ell,3
elle,1
elled,23
elm,1
els,1
else,2
elves,1
em,127
emn,3
emp,13
empt,4
emu,1
en,606
enc,2
ence,42
enced,2
end,17
endemic,1
ends,2
ene,3
ened,7
eng,2
enge,2
enne,5
ennes,1
ens,7
ent,102
enth,3
entist,1
ents,1
eo,1
eon,9
eous,1
ep,34
ept,5
eq,14
er,2989
eral,1
eralist,1
erb,1
erbs,1
erc,2
erce,1
erced,1
ere,5
ered,14
erg,1
erge,1
ern,37
erned,1
err,4
ers,34
erse,1
ersed,1
erst,2
ert,11
es,270
esce,1
ese,5
esque,2
ess,25
est,589
et,128
etch,3
ete,1
eth,23
ets,4
ett,1
ette,18
eu,26
ev,36
eve,10
ew,6
ewe,1
ex,411
exec,1
ey,30
eye,27
eyed,7
eyes,1
eys,2
ez,1
fa,82
fab,11
fabbed,1
fac,37
face,18
faced,10
fact,3
fad,7
fade,2
fag,5
fahr,1
fail,5
faille,1
fain,1
faint,4
faints,1
fair,11
fairs,1
fait,1
faith,6
fak,3
fake,1
fal,24
fall,20
falls,1
falque,1
fals,3
false,4
falt,1
fam,8
fame,2
famed,2
fan,32
fane,2
faned,1
fang,1
fant,2
far,24
farc,1
farce,1
farct,2
fare,7
farm,9
fas,13
fash,3
fast,9
fat,21
fate,4
fates,1
fath,5
fats,1
fau,5
fault,10
faun,1
faus,1
faw,1
fawn,3
fax,1
fay,2
faz,1
faze,1
fe,33
fea,10
fear,8
feared,1
feast,2
feat,6
feath,9
feaze,1
feb,2
fec,22
feck,2
fect,21
fects,1
fed,17
fee,9
feed,9
feel,5
feet,1
fei,1
feign,2
feigned,1
feine,1
feint,1
feints,1
feist,1
feit,3
fel,15
feld,1
fell,4
felt,3
fem,11
femme,1
fen,7
fenc,2
fence,1
fend,11
fens,1
fense,2
fer,118
fere,2
fered,2
fern,3
ferred,6
fes,17
fess,2
fessed,1
fest,5
fet,17
fetch,4
fetched,1
fete,4
fets,1
feu,4
feud,1
feur,2
few,4
fey,1
fez,2
fi,150
fib,5
fic,9
fice,9
ficed,1
fich,2
fiche,3
fick,4
ficked,1
fid,8
fide,2
fidg,2
fie,1
fied,80
fief,1
field,26
fields,1
fiend,4
fier,5
fierc,2
fierce,3
fif,4
fife,1
fifth,1
fig,18
fight,12
fil,36
filch,2
file,8
filed,5
fill,9
filled,2
film,10
filth,5
fin,55
finance,1
finch,4
find,6
fine,11
fined,8
fing,1
fink,1
finn,1
finned,1
fir,9
fire,42
fired,2
firm,13
firmed,1
first,6
firsts,1
firth,1
fis,9
fish,55
fism,1
fist,5
fit,30
fitch,1
fite,1
fith,1
five,2
fives,1
fix,25
fixed,1
fiz,1
fizz,1
fjord,1
fla,24
flab,7
flac,3
flack,1
flag,12
flage,2
flags,1
flail,1
flair,1
flak,5
flake,2
flam,9
flame,7
flamed,2
flan,3
flange,1
flank,3
flap,5
flaps,1
flar,1
flare,1
flash,15
flask,1
flat,31
flate,2
flats,1
flau,1
flaunt,2
flaw,3
flawed,1
flax,3
flay,2
fle,23
flea,4
flec,8
fleck,2
flect,6
fled,5
fledg,1
fledge,1
fledged,1
flee,2
fleec,6
fleece,1
fleer,1
fleet,5
flem,2
fler,6
fles,3
flesh,10
flew,2
flex,10
flexed,1
fli,1
flic,4
flick,2
flict,3
flied,1
flight,8
flim,6
flinch,2
fling,7
flint,6
flip,7
flir,2
flirt,2
flit,4
flitch,1
fliv,1
flo,12
float,4
floats,1
floc,1
flock,1
floe,1
flog,3
floo,1
flood,5
floor,4
flop,9
flor,4
floss,4
flot,1
floun,1
flounc,1
flounce,1
flour,3
flout,2
flow,25
flown,2
flu,35
flub,2
fluc,2
flue,1
fluent,1
fluff,5
fluk,3
fluke,1
flume,1
flun,1
flung,1
flunk,2
fluor,2
flur,3
flus,1
flush,2
flut,7
flute,1
flux,3
fly,27
fo,53
foal,1
foam,5
fob,2
fod,3
foe,2
foehn,1
fog,11
fogged,2
foi,1
foil,7
foiled,1
foist,1
fol,7
fold,23
folk,15
fon,4
fond,4
font,1
food,3
fool,9
fools,1
foon,3
foot,41
foots,1
fop,3
for,131
forc,5
force,7
forced,4
ford,11
fore,76
forg,3
forge,2
forged,1
fork,5
forked,1
form,44
formed,7
fort,10
forte,1
forth,5
fortran,1
fos,6
fou,1
fought,2
foul,6
fouls,1
foun,3
found,13
founda,1
fount,1
four,9
fourth,1
fowl,5
fox,14
foxed,1
foy,1
fra,15
frac,13
fract,3
frag,7
frage,2
fraid,2
frail,3
frain,1
fram,3
frame,4
framed,2
fran,8
franc,1
france,1
frank,8
fras,1
frat,2
fraud,4
fraught,1
fray,5
fraz,2
fre,8
freak,7
freck,2
fred,2
free,25
freed,1
freer,1
freez,3
freeze,4
freight,2
fren,2
french,2
frere,1
fres,4
fresh,14
fret,6
freud,1
frey,1
fri,8
fric,5
frice,1
fried,2
friend,9
fries,1
frieze,1
frig,5
fright,4
frigid,1
frill,2
fring,3
fringe,4
fringed,1
frip,2
frisk,7
frit,2
friv,1
friz,9
frizz,1
fro,5
frock,3
frog,4
frol,5
from,3
fron,7
frond,1
front,10
frost,15
froth,6
frou,2
frown,1
frowz,5
froze,3
fru,4
fruc,3
fruit,14
frump,5
frus,3
fry,7
fu,70
fuch,1
fud,3
fudg,1
fudge,1
fuel,1
fuge,5
fugue,1
fuh,1
ful,262
full,4
fum,8
fume,2
fumed,1
fun,24
func,6
funct,1
fund,4
funds,1
funk,4
fur,36
fure,1
furl,3
furred,1
furt,2
furze,1
fus,22
fuse,14
fused,8
fuss,8
fut,5
fute,2
fuz,1
fuze,1
fuzz,6
fy,156
g,1
ga,106
gab,13
gac,1
gad,8
gade,2
gadg,3
gae,2
gaed,1
gael,1
gaf,1
gaff,1
gaffe,1
gag,11
gage,10
gaged,5
gai,2
gain,15
gaines,1
gains,1
gainst,1
gait,3
gal,67
galax,1
gale,4
galed,1
gall,5
gam,31
game,9
gan,51
gance,3
gang,5
ganized,1
gant,11
gap,5
gape,2
gapes,1
gar,67
garb,1
garch,1
gard,12
gart,1
gas,28
gash,1
gasm,1
gasp,1
gasse,1
gassed,1
gast,1
gat,43
gate,44
gates,1
gath,8
gau,3
gauche,2
gaud,6
gaug,3
gauge,3
gauged,1
gaunt,4
gauss,2
gauz,5
gauze,1
gav,1
gave,2
gaw,1
gawk,5
gay,4
gaz,3
gaze,2
ge,82
gea,1
geal,1
geance,1
geant,1
gear,7
ged,16
gee,11
geen,1
geese,1
gei,2
geist,1
gel,15
geld,3
gelica,1
gelt,1
gem,11
gems,1
gen,121
gence,11
gene,3
gent,35
gents,1
geo,1
geoi,1
geois,1
geon,6
geor,1
george,1
geous,5
ger,112
gered,1
germ,2
gers,6
ges,22
gess,2
gesse,1
gest,15
geste,1
get,19
gete,1
geth,2
gette,1
gev,1
gew,1
gey,3
ghan,1
ghast,4
ghat,1
ghats,1
gher,1
ghet,2
ghost,5
ghoul,3
ghum,1
ghy,1
gi,105
gia,10
gian,3
giance,1
giant,1
giate,1
gib,14
gibe,1
gic,6
gid,9
gie,5
gien,2
giene,1
gier,1
gies,1
gift,2
gig,7
gil,9
gild,7
gill,2
gills,1
gilt,2
gim,6
gime,1
gimp,2
gin,20
gine,2
ging,55
ginged,1
gings,1
gink,1
ginned,1
gio,1
gion,8
gious,6
gir,1
gird,5
girl,10
girt,1
girth,1
gis,9
gish,10
gism,3
gist,21
git,6
gium,1
giv,12
give,4
giz,8
gize,4
gized,4
gla,16
glac,2
glad,11
glade,3
glades,1
glam,4
glan,2
glanc,1
glance,1
gland,1
glans,1
glar,4
glare,1
glas,1
glass,18
glau,2
glaz,3
glaze,3
glazed,3
gle,60
gleam,2
glean,4
glebe,1
glect,2
gled,5
glee,3
glen,3
gler,23
gles,4
glet,1
gleur,1
gley,1
gli,9
glib,5
glid,3
glide,1
glim,2
glimps,2
glimpse,1
gling,4
glint,1
glio,1
glis,4
glit,2
glo,14
gloam,1
gloat,1
glob,6
globe,1
globin,1
glock,1
glom,1
glon,1
gloom,6
glooms,1
glop,1
glos,3
gloss,6
glot,6
glove,2
glow,6
gloze,1
glu,9
glue,3
glued,1
glum,5
glut,6
gly,17
glyc,5
glyph,1
gna,2
gnac,1
gnarl,1
gnarled,1
gnash,1
gnat,1
gnaw,4
gnawn,1
gneiss,1
gnet,2
gnett,1
gnette,2
gneurs,1
gniappe,1
gnior,1
gno,4
gnom,1
gnome,1
gnon,3
gnons,1
gnor,3
gnos,1
gnu,1
go,98
goad,1
goal,4
goat,5
gob,8
god,19
goed,1
goes,2
gog,5
gogue,3
goi,2
goid,1
gol,1
gold,11
golf,2
gom,1
gon,27
gone,7
goned,1
gong,1
goo,5
good,12
goods,1
goof,6
gook,2
goon,5
goos,3
goose,3
gop,1
gor,18
gore,1
gorg,2
gorge,3
gorged,3
gorse,1
gos,12
gosh,1
got,13
gote,1
goth,1
gou,2
goug,2
gouge,1
gour,2
gourd,1
gourde,1
gous,3
gout,5
gov,10
govt,1
gow,2
gown,2
goyle,1
goyled,1
gra,27
grab,3
grac,4
grace,7
graced,1
grack,1
grad,26
grade,8
graft,4
grain,7
graine,1
grained,2
grains,1
gral,2
gram,36
gramed,2
gramme,1
grammed,2
gran,23
grance,2
grand,17
grange,1
grant,11
grap,4
grape,4
grapes,1
graph,32
grar,1
grasp,4
grass,6
grat,21
grate,14
grau,1
grav,12
grave,8
graved,1
graves,1
gray,4
graz,3
graze,2
grazed,1
gre,12
greas,4
grease,2
great,7
grebe,1
gree,10
greece,1
greed,10
green,16
greens,1
greet,3
greg,1
grel,1
grem,1
gren,3
grene,1
gres,13
gress,12
gret,6
grette,1
grew,4
grey,2
gri,8
grid,3
grief,1
griev,6
grieve,2
grieved,1
grif,2
grill,2
grille,1
grilled,1
grim,14
grime,2
grimed,1
grims,1
grin,5
grind,5
grinned,1
grip,13
gripe,1
grippe,1
gris,7
grist,2
grit,6
grits,1
griz,3
gro,8
groan,1
groat,1
groats,1
grog,6
groid,1
groin,1
grom,4
gron,2
groom,3
grooms,1
groov,4
groove,1
grooved,1
grop,2
grope,1
gros,2
gross,7
grosz,1
grot,1
grou,1
grouch,4
ground,14
group,7
grous,2
grouse,1
grout,1
grouts,1
grov,6
grove,2
groves,1
grow,8
growl,2
grown,6
growth,4
gru,9
grub,8
grudg,4
grudge,2
grudged,1
grue,2
gruff,3
grum,2
grump,5
grun,2
grunt,2
gry,2
gryph,1
gu,31
gua,11
guage,1
gual,2
guar,5
guard,13
guards,2
guay,1
gudg,1
gue,7
gued,3
guen,1
guent,1
guer,8
guern,1
guese,1
guess,4
guest,2
guette,1
guey,1
guf,1
guhr,1
gui,7
guid,10
guide,5
guil,5
guild,2
guile,4
guiled,1
guilt,7
guin,5
guine,4
guing,4
guis,2
guise,2
guised,1
guish,9
guished,2
guist,1
gul,5
gulch,1
gule,1
gulf,3
gull,1
gulp,1
gum,11
gummed,1
gump,1
gun,29
gunk,1
gunned,2
guns,1
guor,2
gup,1
gur,3
gurt,1
gus,11
gush,6
gust,11
gut,11
guts,3
guy,4
guz,2
gy,146
gyle,1
gym,9
gyp,5
gyr,2
ha,48
hab,12
hac,1
hack,9
had,4
haf,1
haft,1
hag,7
hah,1
hai,3
haied,1
hail,3
hair,22
haj,2
hake,1
hal,25
hale,4
haled,2
half,8
hall,4
halt,4
halv,1
halve,1
halves,1
ham,34
hamp,2
han,21
hanc,1
hance,1
hanced,1
hand,70
hands,1
hang,15
hanged,1
hank,4
hap,17
haps,1
har,57
hard,26
hare,5
hark,2
harm,6
harmed,1
harp,5
harsh,3
hart,1
harts,1
has,6
hash,4
hasp,1
hast,6
haste,2
hat,10
hatch,10
hatched,1
hate,3
hau,2
haugh,4
haul,4
haunch,1
haunt,5
haus,2
haust,2
hav,7
have,3
haved,2
haw,3
hawk,8
haws,1
hay,12
hays,1
haz,4
haze,1
hdqrs,1
he,55
hea,4
head,93
heads,3
heal,3
healed,1
health,7
heap,2
hear,9
heard,4
heark,1
hears,3
hearse,2
hearsed,1
heart,26
hearth,3
hearts,1
heat,11
heath,5
heav,14
heave,1
heaves,1
hec,8
heck,3
hedg,2
hedge,3
hee,1
heed,8
heel,4
heeled,1
heen,1
hef,1
heft,5
heg,1
hei,2
heid,1
heif,1
height,2
heim,1
heir,5
heist,1
heit,2
hel,14
held,4
hell,7
helm,1
helms,1
help,10
hem,18
hemmed,1
hemo,1
hemp,3
hen,17
hence,2
hench,1
hend,5
hep,4
her,60
herb,6
herd,5
herds,1
here,17
hered,3
hers,1
hertz,3
hes,11
hest,1
het,5
heu,1
hew,3
hewn,2
hex,7
hey,2
hi,28
hib,11
hic,5
hick,3
hicks,1
hid,6
hide,7
hie,2
hig,1
high,18
hik,2
hike,2
hiked,1
hil,4
hill,14
hills,1
hilt,1
him,2
hin,7
hind,6
hing,3
hinge,4
hinged,2
hint,2
hip,12
hipped,1
hir,3
hire,3
hired,1
his,14
hiss,3
hit,6
hitch,5
hith,2
hiv,1
hive,2
hives,1
ho,47
hoa,2
hoar,5
hoard,3
hoars,3
hoarse,3
hoax,2
hob,12
hock,5
hod,1
hodge,1
hoe,4
hog,13
hogged,1
hogs,1
hoist,2
hol,23
hold,35
hole,19
holm,1
hom,16
home,25
hon,30
hone,1
honk,3
hoo,8
hooch,1
hood,30
hoof,2
hoofed,1
hook,11
hooked,1
hoop,3
hoose,1
hoot,4
hoots,2
hoov,1
hoove,1
hooved,1
hooves,1
hop,13
hope,5
hops,1
hor,25
hord,2
horde,1
hore,1
horn,22
horned,1
horns,1
horred,1
hors,6
horse,29
horsed,1
hort,2
hos,15
hose,1
hosp,1
host,3
hot,13
hotch,1
hou,3
hound,10
hour,3
hours,1
hous,21
house,60
housed,2
hout,1
hov,2
hove,1
how,9
howl,3
hoy,3
hran,1
hu,52
hua,1
hub,3
huck,2
hud,3
hue,1
hued,1
huff,5
hug,6
huge,3
huh,1
hul,1
hulk,2
hull,3
hum,16
hume,2
humed,1
hump,3
humph,1
hums,1
hun,14
hunch,2
hund,1
hung,4
hunk,2
hunks,1
hunt,7
hunts,3
hur,12
hurl,3
hurt,5
hus,8
hush,1
husk,9
hut,1
hutch,1
huz,1
hy,86
hyde,3
hym,2
hymn,2
hyp,7
hype,1
hys,7
i,3070
ia,12
iah,1
ial,6
ian,8
iance,1
iant,2
iar,3
iard,2
ib,2
ic,552
ice,22
iced,3
ick,13
icked,2
ics,43
ict,1
id,82
ide,8
ident,1
ides,1
idge,1
ids,2
ie,36
ied,28
iel,2
ien,9
ience,2
ient,3
ier,10
iers,1
ies,138
if,3
iff,3
ifs,1
ig,28
il,79
ile,14
iled,6
ilk,1
ill,3
illed,5
im,310
imp,5
ims,1
in,1175
ince,1
inch,2
ine,24
ined,4
ines,1
ing,2320
ings,19
ink,9
inn,2
ins,2
instr,1
insur,1
int,1
inter,1
intrans,1
io,5
ion,35
ions,2
ior,7
ios,2
iour,1
ious,8
ip,3
iph,1
iq,2
ir,53
ire,7
irk,3
is,122
ise,6
ised,1
ish,205
ished,9
isk,1
isle,1
ism,129
ist,155
isth,4
it,112
itch,7
ite,28
ith,1
its,3
itz,3
ius,3
ive,7
ives,1
iz,51
ize,123
ized,67
ja,18
jab,5
jac,8
jack,27
jacks,1
jad,5
jade,2
jag,7
jah,3
jai,1
jail,4
jal,1
jam,7
jamb,3
james,1
jan,10
jap,3
jape,1
jar,5
jas,2
jaun,8
jaunt,1
jave,1
jaw,7
jaws,1
jay,7
jazz,6
je,7
jeal,4
jeans,1
jec,24
ject,13
jeep,1
jeeps,1
jeer,2
jef,2
jel,6
jell,1
jen,1
jeop,4
jer,5
jerk,8
jes,3
jess,1
jest,3
jet,12
jew,13
ji,2
jib,3
jibe,1
jif,1
jiff,1
jig,7
jilt,2
jim,3
jin,9
jinn,1
jinx,1
jis,1
jit,5
jiv,1
jive,1
jo,18
job,5
joc,4
jock,5
jodh,2
joe,1
jog,4
john,4
johns,1
joic,1
joice,1
joiced,1
join,10
joined,2
joint,7
joist,1
jok,3
joke,1
jol,14
jole,2
joled,1
jolt,3
jon,3
jor,4
jos,1
josh,3
joss,1
jot,4
jou,2
joule,1
jounc,1
jounce,1
jour,12
journ,4
joust,1
jowl,2
joy,16
ju,63
jua,1
jube,1
judg,6
judge,7
judged,2
jug,8
juic,7
juice,2
juke,1
jukes,1
jul,1
jum,4
jump,9
jun,9
junc,7
junct,3
june,2
junk,2
jur,15
jure,5
jured,6
jus,9
just,15
jut,4
jute,1
jux,3
ka,41
kad,1
kah,1
kai,1
kal,1
kale,1
kam,1
kame,1
kan,4
kane,1
kap,1
kar,6
karst,1
kart,1
kase,1
kash,1
katch,1
kath,1
kay,6
ke,11
ked,3
kedg,1
kedge,1
kee,3
keel,3
keen,5
keep,18
keet,2
keg,3
kel,4
kelp,1
kempt,1
ken,21
kep,2
kept,2
ker,26
kerf,1
kers,2
kes,1
ket,27
ketch,2
key,23
keyed,2
kha,3
khak,2
khan,2
khar,1
khe,1
ki,24
kib,5
kick,8
kid,16
kie,2
kiel,1
kies,1
kil,11
kill,7
kiln,2
kilt,1
kim,2
kin,29
kind,11
kine,1
king,20
kings,3
kink,5
kins,4
kip,2
kir,2
kirk,1
kis,2
kiss,3
kissed,1
kit,5
kitch,2
kite,1
kith,1
kitsch,1
kja,1
kla,2
kle,13
kleen,1
kler,3
klet,1
kli,2
kling,3
kly,2
knack,3
knap,1
knav,4
knave,1
knead,2
knee,4
kneel,2
knell,1
knelt,1
knew,1
knick,3
knif,1
knife,5
knight,3
knish,1
knit,5
knives,1
knob,6
knock,6
knoll,1
knot,15
knout,1
know,8
knowl,3
known,3
knownst,1
knox,1
knuck,1
knurl,1
knurled,1
ko,13
kob,1
koe,1
kohl,1
kok,1
kook,5
kor,1
kow,2
kra,1
kraal,1
kraft,1
krain,1
kraut,3
krem,1
krieg,1
krish,1
kro,2
kry,1
kryp,1
ku,6
kud,1
kul,1
kum,4
kwa,1
kwash,1
ky,7
kyat,1
l,6
la,316
laam,1
lab,12
labe,1
lac,34
lace,7
laced,2
lach,2
lack,5
lad,9
lade,5
lae,3
laf,1
lag,8
lage,10
laged,1
lagh,1
lah,5
lahs,3
lai,2
laid,5
lain,12
laine,2
lair,1
laird,1
lais,1
laise,1
lak,1
lake,1
lal,1
lam,31
lamb,4
lame,4
lamp,5
lan,37
lanc,3
lance,8
lanced,1
lanche,1
land,74
lands,8
lane,2
lank,6
lant,24
lanx,2
lao,1
lap,14
lapped,1
laps,5
lapse,5
lapsed,2
lar,175
larch,1
lard,10
lared,1
larg,5
large,6
larged,2
lark,5
larm,5
larmed,1
lars,1
las,29
lash,7
lashed,1
lass,3
last,6
lat,102
latch,4
late,104
lath,4
lathe,1
lau,6
laud,5
lauds,1
laugh,8
laun,5
launch,2
laut,1
lav,10
lave,1
law,23
lawn,2
lax,11
lay,40
layed,3
laz,3
laze,1
le,186
lea,3
leach,2
lead,12
leaf,12
leafed,1
leagu,1
league,2
leak,7
lean,4
leant,1
leap,5
leapt,1
lear,1
learn,9
learned,1
learnt,2
leas,6
lease,4
leased,1
leash,2
least,2
leath,4
leau,1
leaux,1
leav,6
leave,2
leaved,1
leaves,1
leb,3
lec,42
lech,4
lect,13
led,5
ledg,1
ledge,2
lee,10
leech,1
leek,1
leen,2
leer,7
lees,1
lef,1
left,7
leg,45
lege,5
leged,2
legged,1
lei,6
leigh,1
lein,3
leit,2
lek,1
lel,3
lele,1
leled,1
lem,19
len,23
lenc,2
lence,21
lenced,2
lend,3
lene,4
leng,1
lenge,1
lenged,1
length,9
lens,2
lent,41
leo,1
leon,1
leop,1
lep,11
leph,1
ler,68
lered,1
lers,2
lert,3
les,22
lesc,1
lesce,2
lesced,1
lese,1
lesque,1
less,262
lest,5
let,90
lete,4
leth,2
lets,5
lett,1
lette,4
leu,3
leur,1
lev,28
lew,1
lewd,3
lex,7
ley,24
leyed,2
li,390
lia,6
liam,1
lian,2
liance,1
liant,1
liar,2
liard,2
liards,1
lib,17
lic,30
lice,3
lick,9
lics,1
lict,1
lid,15
lide,2
lidge,1
lie,8
liech,1
lied,17
lief,6
liege,1
lien,1
lience,1
lient,2
lier,9
liere,1
lies,4
lieu,4
liev,5
lieve,3
lieved,3
lif,5
life,16
lift,6
lig,15
liged,1
light,50
lights,3
lign,4
ligned,2
lik,6
like,80
liked,1
lil,7
lilt,1
lim,40
limb,3
limbed,1
lime,9
limed,1
limn,1
limp,3
lims,1
lin,77
linch,1
line,56
lined,7
lines,4
ling,110
lings,2
link,4
linked,1
links,1
lins,1
lint,4
lio,1
lion,17
lionth,3
lious,1
lip,14
liph,1
lipped,2
lipse,1
liq,13
lique,2
lir,4
lis,29
lise,1
lish,12
lisk,2
lisle,1
lism,8
lisp,3
list,20
lists,1
lit,52
lite,13
lith,16
lithe,4
litz,1
lium,1
liv,33
live,13
lived,3
lives,1
lix,5
liz,14
lize,18
lized,10
ll,1
lla,3
llan,1
lo,141
load,16
loads,1
loaf,2
loam,2
loan,4
loath,5
loathe,1
loaves,1
lob,11
lobe,1
lobed,1
loc,2
loch,2
lock,27
locked,1
lod,1
lode,3
lodg,5
lodge,4
lodged,2
loed,1
loft,9
log,42
loge,1
logged,2
logne,1
logue,9
logues,1
loi,3
loid,6
loin,6
loins,1
lol,2
loll,1
lom,4
lomb,1
lon,34
lone,10
long,30
longs,1
lons,2
loo,3
loof,3
look,6
looked,1
loom,4
loon,7
loons,1
loop,2
looped,1
loos,6
loose,5
loosed,1
loot,2
lop,25
lope,6
loped,2
lor,15
lord,12
lords,1
lore,3
lored,1
lorn,4
los,13
lose,2
losh,2
loss,1
lost,1
lot,28
lots,2
lotte,1
lottes,2
lou,6
loud,6
lough,1
loung,2
lounge,1
loupe,2
lour,1
lous,40
louse,2
loused,1
lout,3
lov,8
love,15
loved,2
low,71
lowed,2
lows,4
lox,1
loy,9
loyed,1
loz,1
lu,119
lub,5
lube,1
luc,5
luck,12
lud,9
lude,6
luff,1
lug,3
luk,1
luke,2
lull,3
lum,33
lume,1
lump,7
lunch,5
lune,2
lung,3
lunge,2
lunk,2
lup,3
lur,5
lurch,1
lure,3
lured,1
lurk,2
lus,27
luse,1
lused,1
lush,2
lusk,1
lust,9
lut,15
lute,13
luth,1
lux,7
luxe,1
ly,1647
lyb,1
lye,1
lyg,4
lym,6
lymph,1
lyn,2
lynch,4
lynx,2
lyp,3
lyph,1
lypse,1
lyr,6
lyre,1
lys,1
lyst,2
lyt,7
lyte,2
lyx,2
lyz,6
lyze,4
lyzed,3
m,3
ma,326
mac,21
mace,2
mach,1
mack,3
macke,1
mad,24
made,5
mae,3
maed,1
mael,1
maes,1
mag,47
mage,2
maged,2
mah,2
mai,3
maid,17
mail,9
mailed,1
maim,1
maimed,1
main,23
maine,2
mains,2
maize,1
maj,1
mak,23
make,4
maker,2
mal,94
male,4
mall,1
malm,1
malt,3
mam,9
man,334
manc,1
mance,2
mand,12
mane,9
maned,1
mange,2
manil,1
manned,2
mans,1
manse,1
mant,2
map,3
mar,107
march,4
marck,1
mare,2
marge,1
mark,21
marked,3
marks,3
marl,1
marm,1
marque,1
marred,1
mars,1
marsh,6
mart,1
mas,64
mash,2
mask,4
masked,2
masque,1
mass,10
mast,6
mat,95
match,9
matched,1
mate,38
math,6
mats,1
matte,1
mau,4
maud,2
maul,3
maun,2
mauve,1
mav,1
maw,1
mawk,2
max,15
may,13
mayed,1
mayor,3
maz,3
maze,3
mazed,1
mba,1
me,135
mea,7
mead,4
meads,1
meal,7
mean,11
means,1
meant,2
meas,13
meat,10
mech,9
med,28
meed,1
meek,3
meer,1
meet,5
meg,13
mei,2
meil,1
meis,1
mel,34
meld,1
meled,3
melled,3
melt,4
mem,24
men,114
menc,1
mence,3
menced,1
mend,12
mends,1
mens,3
mense,2
ment,222
meph,1
mer,137
merc,1
merce,3
merced,1
mere,3
mered,1
merg,5
merge,4
merged,3
mers,3
merse,2
mersed,2
mes,30
mese,2
mesh,5
mesne,1
mess,7
mest,6
met,66
metal,1
mete,1
meteor,1
meth,9
mew,1
mewl,1
mews,1
mex,2
mey,2
mez,2
mi,218
mic,25
mice,1
mich,1
mick,4
mics,1
mid,51
mide,1
midg,1
midge,1
midst,2
mie,4
mied,3
miel,1
mien,1
mier,1
miere,1
miered,1
miff,1
miffed,1
might,8
mike,1
mil,52
milch,1
mild,3
mile,6
miles,1
milk,11
mill,13
milled,1
mills,1
milt,1
mim,9
mime,2
mimed,1
min,71
minc,2
mince,2
mind,9
mine,17
mined,4
mines,1
ming,39
mink,1
mint,6
minx,2
mir,13
mire,5
mired,2
mirth,4
mis,183
misc,1
mise,5
mish,3
mism,5
miss,8
mist,18
mit,66
mitch,1
mite,11
mitt,1
mitz,1
mix,11
mixed,2
miz,8
mize,8
mized,6
mne,2
mo,222
moan,2
moat,1
mob,2
mobs,1
moc,2
mock,8
mod,59
mode,4
mods,1
moe,3
mog,4
moi,2
moil,2
moire,1
mois,3
moist,4
mol,17
mold,8
moldy,1
mole,3
moll,1
molt,2
mom,5
mon,126
mond,7
monde,1
mone,2
mong,2
mongst,1
monk,2
monks,1
mons,4
mont,6
month,5
moo,3
mooch,2
mood,6
moon,11
mooned,1
moor,6
moos,1
moose,2
moosed,1
moot,1
mop,10
mope,1
mopes,1
mor,80
more,11
mored,2
morgue,1
morn,3
morse,2
mort,6
mos,10
mose,4
mosque,1
moss,6
most,27
mot,17
mote,7
moth,15
mott,1
mou,1
mould,1
moun,6
mound,1
mount,13
mour,3
mourn,4
mourned,1
mous,26
mouse,4
mousse,1
mouth,13
mouthed,2
mov,13
move,3
moved,3
mow,4
mown,2
mox,1
moz,1
mu,88
much,4
muck,10
mud,10
mudg,1
muen,1
muf,6
muff,2
mug,6
muk,1
mul,41
mulch,1
mulct,1
mule,1
mull,1
mult,1
mum,13
mumps,1
mun,7
munch,1
mune,2
muned,1
munk,1
mur,23
mure,4
mured,1
murk,2
murred,1
murs,1
mus,50
muse,4
mused,3
mush,6
musk,7
muss,4
must,1
mut,9
mute,5
muth,4
mutt,1
muu,2
muz,2
my,63
myr,4
myrrh,1
mys,13
myth,3
n,5
na,272
naan,1
nab,3
nac,6
nace,2
nach,4
nache,1
nad,12
nade,6
nae,3
naed,1
nag,5
nage,8
naged,1
nah,1
nai,2
nail,7
nailed,1
naille,1
nain,1
nair,2
naire,2
nais,2
naise,3
nal,129
naled,1
nalled,1
nals,2
nam,19
name,11
named,4
nan,13
nanc,1
nance,15
nanced,2
nant,21
nap,13
nape,1
naped,1
napes,1
naph,3
napped,2
nar,69
nard,4
nards,1
nas,21
nash,2
nast,1
nat,63
nate,81
nath,1
nau,12
naugh,4
naught,1
naut,7
nauts,1
nav,8
nave,1
naw,1
nay,1
naz,2
ne,131
neal,3
neap,1
near,4
neat,3
neath,3
neau,2
neb,9
nec,12
neck,16
nect,6
ned,1
nee,11
need,11
needs,1
neer,8
nef,1
neg,12
nege,1
nei,3
neigh,3
nel,31
neled,3
nell,1
nelle,1
nelled,3
nem,3
neme,1
nen,4
nence,7
nent,19
nep,3
neph,4
ner,65
nered,2
ners,2
nerv,8
nerve,3
nerves,1
nes,18
nesc,1
nesce,2
nesced,2
nese,5
ness,677
nesse,1
nessed,1
nest,8
net,57
neth,4
nets,1
nette,3
neu,19
nev,5
new,17
newed,1
news,20
newt,1
nex,4
next,1
ney,18
neyed,2
nha,1
ni,329
nia,5
nib,3
nibs,1
nic,25
nice,5
nich,2
niche,1
nick,9
nicked,1
nics,1
nid,2
nide,1
nie,5
niece,2
nied,5
nier,5
niere,2
nies,3
nif,9
nig,11
nigh,1
night,26
nights,1
nign,2
nik,2
nil,5
nile,3
nille,1
nim,6
nin,12
nine,19
ning,46
nings,2
ninth,1
ninx,1
nio,1
nip,14
nique,3
nir,2
nis,15
nisce,1
nisced,1
nish,18
nism,11
nist,13
nit,20
nite,19
nith,2
nity,1
niv,4
nive,1
nived,1
nix,4
niz,7
nize,18
nized,8
no,156
nob,2
nobbed,1
noc,6
noch,1
nock,1
nod,10
node,3
noe,3
noed,1
noes,1
nog,10
noi,5
noid,3
noids,1
noint,3
nois,8
noise,4
nol,16
nold,1
nole,1
nom,35
nome,2
non,113
nonce,1
none,3
noned,1
nones,1
noo,2
nook,2
noon,6
noons,1
noose,2
nop,3
nope,1
noph,1
nor,34
nore,1
nored,1
norm,1
north,13
nos,19
nose,5
nosed,1
nosh,2
not,20
notch,3
note,10
notes,1
noth,2
nou,1
nouak,1
noue,1
nough,1
nought,1
noun,2
nounc,6
nounce,5
nounced,4
nour,3
nous,40
nov,9
now,4
nown,1
nowned,1
nox,4
noy,4
noz,1
nu,71
nub,2
nuch,1
nud,4
nude,3
nudg,2
nudge,1
nue,4
nued,2
nug,2
nui,2
nuk,1
nul,10
nule,1
null,1
nulled,1
nult,1
num,26
numb,5
nums,1
nun,13
nunc,1
nup,3
nur,5
nure,1
nured,1
nurs,5
nurse,4
nus,17
nuse,1
nut,23
nute,4
nuts,2
nuz,1
ny,108
nyl,2
nym,11
nymph,1
o,1203
oa,1
oaf,3
oak,3
oaks,1
oar,2
oared,1
oars,2
oat,4
oath,1
ob,82
obe,2
oc,56
och,6
oche,1
ock,2
od,20
odd,6
odds,1
ode,6
oe,3
oed,5
oes,2
oeu,2
of,33
off,27
oft,1
og,17
ogy,1
ohm,3
oi,2
oid,9
oil,9
oink,1
oint,1
oir,2
oirs,1
ois,2
ok,1
ol,59
old,11
ole,7
oled,1
oll,1
olled,1
om,48
ome,2
omed,1
oms,1
on,176
once,1
ond,7
one,7
oned,2
ons,2
oo,2
oomph,1
ooz,4
ooze,1
op,74
oped,2
oph,1
opp,1
opt,2
or,230
orb,1
orch,1
ord,2
ore,2
ored,3
orn,1
ors,2
orts,1
os,71
ose,4
osk,1
ost,3
ot,45
ote,1
oth,4
ou,12
oua,1
ouch,1
ough,6
ought,1
ounce,1
our,3
ours,1
ous,286
oust,2
out,186
outh,1
ov,6
over,1
ow,14
owe,1
owed,1
owl,4
own,6
owned,1
ox,30
oy,1
oys,3
p,4
pa,188
pab,2
pac,21
pace,5
paced,1
pach,2
pache,1
pack,17
pact,5
pad,9
pade,1
pae,1
pag,9
page,8
paged,1
pagne,1
paid,6
paign,3
pail,2
pain,6
pained,1
pains,2
paint,8
pair,9
paired,2
pairs,1
pais,1
pal,73
pale,4
paled,1
pall,4
palled,1
palm,8
pam,5
pan,67
pand,6
pane,3
pang,1
panned,1
panse,1
pant,12
pants,2
pap,6
paque,3
par,172
parch,2
pard,2
pare,3
pared,3
park,5
pars,4
parse,1
part,21
parts,1
pas,51
pass,24
passe,1
passed,1
past,9
paste,3
pat,41
patch,11
pate,14
path,19
pau,7
paul,1
paunch,4
paus,1
pause,2
pav,3
pave,3
paved,2
paw,4
pawl,1
pawn,3
pay,24
paz,1
pe,117
pea,8
peace,7
peach,5
peak,3
peake,1
peaked,1
peal,5
pealed,1
pear,5
pearl,5
pears,1
peas,5
pease,1
peased,2
peat,9
peau,1
peb,3
pec,16
peck,4
pect,10
ped,29
pede,5
pee,6
peek,1
peel,3
peen,1
peep,3
peer,6
peev,2
peeve,1
peeved,1
peg,9
pei,1
peign,1
pek,1
pel,42
pelf,1
pelled,6
pelt,4
pem,1
pen,100
penc,1
pence,4
pend,21
pened,2
penn,1
pens,2
pense,4
pensed,1
pent,7
peo,3
peon,1
pep,14
per,381
perb,2
perch,3
pere,1
pered,2
pergne,1
perk,4
perm,1
pers,8
perse,2
persed,2
pert,11
pes,18
pesk,1
pest,7
pet,55
pete,1
petrol,1
pets,1
pette,1
peu,1
pew,2
pex,2
peze,1
pfen,1
ph,1
pha,18
phae,1
phag,1
phage,1
phal,9
phalt,1
phan,8
phane,1
phant,4
phar,11
phase,2
phat,3
phate,2
phe,18
pheas,1
phed,1
phem,4
pheme,2
phemed,1
phen,4
pher,19
phere,1
phet,1
phi,13
phib,2
phic,6
phid,1
phied,1
phil,12
phile,3
philol,1
philos,1
phim,1
phin,5
phine,3
phined,1
phire,1
phis,3
phism,2
phit,2
phize,1
phle,2
phleg,1
phlegm,1
phlet,1
phlo,1
phlox,1
pho,54
phobe,1
phoe,4
phoid,3
phol,1
phon,12
phone,13
phoned,1
phones,1
phoo,1
phoon,1
phor,6
phore,1
phos,6
phose,1
phosis,1
photog,1
phous,3
phra,1
phragm,1
phras,4
phrase,3
phrased,1
phre,2
phren,2
phri,1
phrit,1
phur,1
phus,2
phy,48
phyl,1
phyll,1
phys,17
phyte,3
phyx,3
pi,163
pia,1
piaz,1
pic,21
pice,3
piced,1
pick,19
picked,2
pics,1
pict,1
pid,19
pidg,1
pie,8
piec,1
piece,17
pied,5
pier,1
pierc,2
pierce,1
pierre,1
pif,1
pig,15
pigs,1
pik,1
pike,3
pil,30
pile,6
piled,4
piles,1
pill,2
pills,1
pils,1
pim,4
pimp,1
pin,42
pinch,3
pine,15
pined,1
pines,1
ping,81
pinge,1
pinged,1
pings,1
pink,6
pinned,2
pins,3
pint,1
pip,9
pipe,10
pipes,3
piph,1
piqu,1
pique,1
pir,17
pire,5
pired,4
pis,14
pise,1
pish,3
pism,1
pist,4
pit,28
pitch,7
pite,1
pith,3
pitts,2
piv,3
pix,4
piz,3
pla,21
plac,13
place,16
placed,5
plack,1
plague,1
plai,1
plaid,1
plain,12
plains,2
plaint,2
plait,2
plan,22
plane,11
planed,4
plank,5
planned,2
plant,10
plaque,1
plar,1
plas,13
plash,1
plasm,5
plat,13
plate,9
plau,3
plaud,2
plause,1
play,40
played,2
ple,73
plea,1
plead,4
pleas,9
please,2
pleased,2
pleat,1
pleb,1
plebe,1
plebs,1
plec,2
plect,1
pled,8
pledg,2
pledge,1
pledged,1
pleis,1
plen,7
pler,8
ples,2
plet,9
plete,5
pleth,1
pleu,1
plex,13
plexed,1
pli,50
plic,10
plice,2
plied,9
plight,1
plin,1
pline,2
pling,5
plinth,1
plis,1
plish,2
plo,6
plod,11
plode,2
ploit,2
plomb,1
plop,2
plor,6
plore,3
plored,4
plot,3
plov,1
plow,6
plowed,1
ploy,11
ployed,1
plu,12
pluck,6
plug,6
plugged,1
plum,9
plumb,4
plumbed,1
plume,1
plump,2
plun,1
plung,2
plunge,1
plunk,1
plus,4
plused,1
plush,3
plussed,1
ply,25
plym,1
pneu,3
po,167
poach,2
poc,5
poch,1
pock,8
pocked,1
pod,5
podge,1
poe,2
poet,1
pog,4
poi,6
poid,1
poign,3
poin,5
point,28
pois,1
poise,5
poised,2
pok,9
poke,3
pol,70
pole,9
polit,1
poll,2
polled,2
pom,10
pome,1
pomp,3
pon,26
pond,3
pone,2
poned,1
pons,1
poo,4
pooch,1
pooed,1
pooh,1
pool,4
pools,1
poon,6
poop,2
poor,3
poose,1
pop,25
pope,2
pops,1
por,63
porce,1
porch,1
pore,2
pork,5
pors,1
port,50
ports,1
pos,93
pose,29
posed,21
poser,1
posh,1
post,40
poste,1
pot,39
potch,1
pote,1
poth,4
pots,1
pouch,1
pouched,1
poul,5
poult,1
pounc,1
pounce,1
pound,9
pour,7
pous,3
pouse,1
poused,1
pout,2
pov,2
pow,21
pox,4
pra,7
prac,11
prae,2
prag,3
prague,1
prai,1
prais,4
praise,5
praised,1
pram,1
pran,2
pranc,3
prance,1
prank,2
prat,3
prate,1
prav,2
prave,1
praved,1
prawn,1
pray,3
prayer,1
pre,226
preach,6
preb,2
prec,4
pred,6
pree,1
preen,2
pref,9
preg,4
prej,3
prel,3
prelim,1
prem,7
preme,2
pren,2
prene,2
prep,4
pres,46
press,28
pressed,3
pret,14
prev,2
prex,2
prey,3
pri,37
pric,5
price,7
priced,2
prick,7
pride,3
priest,4
priev,1
prieve,1
prieved,1
prig,2
pril,1
prim,10
prime,1
primp,1
prin,4
prince,5
prink,1
print,17
pris,14
prise,5
prised,3
prism,1
prit,2
prite,1
prith,1
priv,6
prive,1
prived,1
priz,1
prize,2
pro,223
proach,4
prob,9
probe,3
probed,1
proc,7
proche,1
prod,6
prof,10
prog,5
proj,1
prom,11
promp,2
prompt,8
pron,3
prone,2
prong,2
proof,18
prop,17
proph,5
pros,18
prose,1
prot,1
proud,3
prov,21
prove,6
proved,9
prow,2
prowl,2
prox,7
pru,12
prud,3
prude,1
prun,2
prune,1
prus,1
pry,3
psal,2
psalm,3
psalms,1
pseu,2
pseud,1
pshaw,1
pso,1
psy,19
psych,3
psyche,1
ptar,1
pto,2
ptol,1
pu,73
pub,16
puce,2
puck,2
pud,4
pudg,2
pueb,2
puf,1
puff,7
pug,7
pugn,3
puk,1
puke,1
pul,25
pule,2
pull,4
pulp,5
puls,2
pulse,3
pulsed,1
pult,1
pum,7
pump,3
pun,12
punc,8
punch,8
pung,1
punge,1
punged,1
punk,1
punt,2
pup,6
pur,41
pure,7
purg,2
purge,1
purl,1
purr,1
purs,4
purse,1
pus,25
push,9
pushed,1
puss,5
put,29
pute,6
putsch,1
putt,2
puz,4
py,70
pyg,1
pyr,1
pyre,1
pyx,1
qua,15
quac,1
quack,2
quad,20
quadrilat,1
quaff,2
quag,1
quail,1
quaint,7
quak,5
quake,2
qual,25
qualed,2
qualled,2
qualm,3
quan,8
quant,3
quar,29
quard,1
quark,1
quart,1
quartz,2
quash,1
quat,10
quate,5
quay,1
que,10
quea,5
queath,1
quee,1
queen,3
queens,1
queer,1
quel,1
quell,2
quen,4
quence,4
quench,3
quenched,1
quent,11
quer,7
ques,8
quesce,1
quess,1
quest,6
quet,19
queted,1
quette,5
queu,1
queue,1
queur,1
quey,1
qui,30
quib,3
quiche,1
quick,10
quid,3
quies,1
quil,6
quill,1
quilt,4
quin,11
quince,1
quine,1
quined,1
quing,1
quint,1
quip,7
quipped,3
quir,8
quire,7
quired,4
quirk,5
quirt,1
quis,7
quise,1
quish,5
quit,12
quite,3
quits,1
quiv,7
quix,1
quiz,5
quize,1
quo,6
quoi,1
quoin,1
quois,1
quoise,1
quoit,1
quoits,1
quon,1
quor,1
quot,7
quote,3
quoth,1
quy,4
r,6
ra,321
rab,14
rac,23
race,9
raced,2
rach,1
rack,10
racks,1
ract,1
rad,13
rade,4
rades,1
rae,4
raf,4
rafe,1
raff,3
raffe,1
raft,2
rag,17
rage,8
raged,4
ragl,2
rags,1
rah,3
rai,5
raid,2
raign,1
rail,13
rain,19
raine,1
rains,1
rais,3
raise,2
raised,3
rak,7
rake,2
raked,2
ral,76
rale,3
raled,1
ralled,2
ram,32
ramp,1
ran,38
rance,4
ranch,3
rand,3
rang,11
range,9
ranged,5
rangu,2
rangue,1
rangued,1
rank,5
rant,19
ranth,1
rap,17
rape,1
raph,1
rapt,1
rar,16
rare,4
ras,18
rase,1
rased,2
rash,3
rasp,8
rass,2
rat,58
ratch,1
rate,54
rates,2
rath,1
rats,2
rau,3
raud,3
raun,1
rav,20
rave,1
raw,5
rax,3
ray,8
raz,2
raze,1
razz,2
re,1373
rea,8
reach,3
read,23
realm,1
ream,2
reap,2
rear,5
rears,1
reau,4
reauc,1
reaus,1
reaux,1
reav,1
reave,1
reb,2
rec,59
reck,5
rect,21
red,23
ree,7
reed,5
reef,2
reek,3
reel,3
reen,3
reer,1
reev,1
reeve,1
ref,12
refer,1
reft,1
reg,28
reign,1
reil,1
rein,2
reins,1
rel,36
reled,3
relled,2
rem,12
reme,1
ren,32
rence,6
rend,3
rene,5
rens,1
rent,15
rep,26
req,6
rer,7
rere,1
res,47
resce,2
resced,1
resp,1
resque,1
ress,8
rest,18
ret,32
retch,1
reth,1
rets,1
rette,3
rev,24
rex,2
rey,4
rhage,1
rhap,4
rhe,15
rhet,2
rheu,3
rheum,2
rhi,4
rhine,1
rho,5
rhodes,1
rhoid,1
rhom,4
rhot,1
rhu,1
rhy,1
rhym,1
rhyme,2
rhymed,1
rhyth,5
rhythm,1
ri,416
riage,4
rib,8
ric,40
rice,3
rich,12
riched,1
rick,9
rics,6
rid,36
ride,9
ridg,2
ridge,3
rie,13
ried,24
riel,1
riers,1
ries,7
rif,5
rife,2
riff,3
rift,1
rig,22
right,16
rights,1
rik,1
ril,11
rile,1
rill,1
rille,1
rim,7
rime,1
rin,11
rind,2
rine,18
ring,47
ringe,1
ringed,1
ringue,1
rink,1
rins,1
rinse,1
rinth,1
rio,1
rios,1
rip,9
ripe,5
riph,2
rique,1
ris,34
rise,4
rish,2
risk,5
rism,4
rist,10
rit,8
rite,9
rith,2
rithm,2
ritz,6
riv,19
rive,3
rived,2
rix,1
riz,5
rize,13
rized,7
ro,176
roach,3
road,16
roads,1
roam,1
roan,1
roar,4
roast,4
rob,11
robe,6
robed,1
roc,4
roch,1
rock,15
rod,10
rode,4
roe,3
roed,1
roent,1
rog,8
rogu,1
rogue,2
rogued,1
roi,1
roid,4
roil,1
rois,1
roist,3
rol,17
role,8
roled,1
roll,14
rolled,2
rom,5
romp,3
ron,37
roned,1
rong,1
rons,2
roo,1
rood,1
roof,7
rook,4
room,42
roon,5
roost,2
root,12
rop,4
rope,3
roph,1
roque,1
ror,13
rors,1
ros,14
rose,12
rot,18
rote,2
rou,8
rouche,2
roug,1
rouge,1
rough,12
roun,1
round,16
rous,31
rouse,4
roused,3
roust,2
rout,6
route,2
rov,2
rove,1
row,35
rows,2
rox,2
roy,8
roys,1
ru,55
rub,10
rube,1
ruck,2
ruct,1
rud,6
rude,3
rue,2
ruf,7
ruff,3
ruffed,1
rug,5
ruin,1
rul,4
rule,5
ruled,3
rules,1
rum,24
rump,1
rums,3
run,24
rune,1
rung,1
runt,5
rup,16
ruped,1
rupt,15
rus,34
ruse,2
rused,2
rush,10
rusk,1
rust,6
rut,9
ruth,3
rwan,1
ry,338
rye,1
ryl,2
ryn,2
rysm,1
s,4
sa,129
sab,6
sac,18
sack,13
sad,16
sade,3
sades,1
sae,1
saf,2
safe,8
safed,1
sag,9
sage,10
saged,1
sai,3
said,4
sail,15
saint,7
sair,1
saith,1
sak,3
sake,4
sal,67
sale,4
saled,1
sales,6
salis,1
sall,1
salm,1
salt,13
salts,1
salv,1
salve,1
sam,10
same,3
san,40
sanc,10
sance,7
sanct,1
sand,23
sandth,1
sane,5
sang,1
sank,1
sans,1
sant,11
sap,12
sar,24
sard,1
sarge,1
sas,10
sash,1
sass,1
sat,30
satch,1
sate,6
satz,1
sau,11
sauc,2
sauce,3
sauer,1
sault,3
saun,1
saur,3
sav,14
save,2
saved,1
saw,19
sawn,1
sax,3
say,14
sca,6
scab,9
scaf,1
scal,12
scald,1
scale,2
scaled,2
scales,1
scalp,2
scam,1
scamp,2
scan,8
scant,8
scap,3
scape,6
scaped,1
scar,13
scarc,2
scarce,3
scare,2
scarf,1
scarp,1
scarred,1
scarves,1
scat,7
scath,1
scathe,1
scathed,1
scav,2
sce,5
scen,6
scend,6
scene,3
scent,4
scep,3
sces,1
scess,1
scessed,1
schaum,1
sche,4
sched,3
scheel,1
schem,2
scheme,1
schen,1
scher,1
schi,1
schil,1
schis,3
schism,1
schist,1
schiz,3
schle,1
schlepp,1
schlock,1
schmaltz,1
schmo,1
schnau,1
schnook,1
scho,1
schol,1
school,14
schooled,1
schools,1
schoon,1
schuss,1
schwa,1
sci,10
science,1
scientif,1
scil,1
scim,1
scin,2
scind,1
scious,2
scis,9
scise,1
scised,1
scite,1
scle,3
sco,3
scoff,4
scold,2
sconc,1
sconce,2
sconced,1
scond,2
scone,1
scoop,1
scoot,2
scop,8
scope,16
scoped,1
scopes,1
scor,5
scorch,2
score,8
scored,1
scorn,4
scot,5
scotch,2
scots,1
scotts,1
scoun,1
scour,2
scourg,2
scourge,1
scout,2
scow,1
scowl,3
scrab,2
scrag,2
scram,5
scran,1
scrap,11
scrape,1
scratch,4
scrawl,2
scrawn,3
scream,2
screech,2
screed,1
screen,5
screened,1
screw,9
screwed,1
scrib,9
scribe,10
scribed,5
scried,1
scrim,4
scrimp,4
scrip,12
script,10
scrive,1
scro,2
scrod,1
scrof,2
scroll,1
scrooge,1
scroung,1
scru,5
scrub,7
scruff,4
scrump,1
scrunch,1
scry,2
scu,2
scud,3
scuf,1
scuff,1
scul,2
scull,2
sculp,4
sculpt,1
scum,4
scup,1
scur,6
scure,1
scured,1
scurf,1
scut,1
scutch,1
scythe,1
se,165
sea,30
seal,7
sealed,2
seam,8
sear,1
search,7
seas,1
seat,5
seau,1
sec,35
sect,9
sed,8
sede,1
sedg,1
sedge,1
see,17
seech,3
seeched,1
seed,17
seek,3
seem,8
seen,5
seep,2
seer,3
seeth,1
seethe,1
seg,8
sei,4
seign,1
sein,3
seine,1
seis,6
seiz,2
seize,1
sel,28
seled,2
self,16
sell,11
selle,2
selled,2
sels,1
selt,1
selves,3
sem,53
semp,1
sen,50
sence,2
send,5
sene,1
seng,1
sens,1
sense,3
sent,15
seous,1
sep,28
seph,1
sept,1
ser,63
sere,1
serf,2
serge,1
serk,1
sers,1
sert,12
serv,27
serve,6
served,8
ses,19
sess,9
sessed,2
sest,1
set,49
sets,1
sette,4
setts,1
seur,3
seus,1
seuse,2
sev,14
sew,5
sewn,1
sex,28
sexed,3
sey,7
seyed,1
sfor,1
sha,8
shab,5
shack,5
shad,14
shade,4
shades,1
shaft,4
shag,7
shah,2
shak,9
shake,6
shal,5
shale,1
shaled,1
shall,2
shalled,1
shalt,1
sham,12
shame,4
shamed,3
shan,3
shang,2
shank,1
shap,2
shape,9
shaped,1
shar,1
shard,1
share,4
shared,1
shark,2
sharp,9
shat,2
shav,4
shave,1
shaved,1
shaw,4
shawl,1
shaws,1
shay,2
shays,1
she,6
sheaf,1
shear,3
sheared,1
shears,1
sheath,2
sheathe,3
sheathed,2
sheave,1
sheaves,1
shed,7
shee,1
sheen,4
sheep,6
sheer,2
sheers,1
sheesh,1
sheet,4
shei,1
sheik,2
shel,1
shelf,2
shell,10
shelled,1
shelv,2
shelve,1
shelves,1
shep,1
sher,6
sherd,1
shev,2
shew,1
shey,1
shi,6
shib,1
shied,1
shield,4
shift,9
shil,2
shill,1
shim,7
shin,20
shine,4
ship,63
shiped,1
shipped,1
ships,2
shir,1
shire,2
shirk,2
shirr,1
shirt,4
shiv,4
sho,2
shoal,1
shoat,1
shock,5
shod,7
shoe,12
shoes,1
shone,2
shoo,2
shook,1
shoot,5
shop,13
shor,1
shore,10
shorn,2
short,18
shorts,1
shot,14
shoul,1
should,1
shout,2
shov,7
shove,1
show,19
shown,1
shrank,1
shrap,1
shred,4
shreve,1
shrew,2
shrewd,3
shriek,1
shrift,1
shrike,1
shril,1
shrill,2
shrimp,1
shrin,1
shrine,2
shrined,1
shrink,4
shriv,1
shrive,1
shroud,3
shrove,1
shrub,3
shrug,2
shrunk,3
shuck,2
shucks,1
shud,3
shuf,3
shun,3
shunt,2
shush,1
shut,10
shy,8
si,293
sia,17
sial,2
sian,9
sib,9
sic,19
sick,18
sics,3
sid,33
side,52
sides,2
sie,2
sied,2
sieg,2
siege,2
sieged,1
sien,1
sience,1
sient,1
sier,4
siere,1
sies,1
sieur,1
sieurs,1
siev,1
sieve,1
sif,1
sift,4
sig,22
sigh,2
sight,16
sign,21
signed,6
sil,33
sile,8
siled,1
silk,7
sill,2
silt,5
sim,33
simp,1
sin,47
since,1
sine,6
sing,16
singe,2
sink,6
sins,1
sinthe,1
sion,169
sions,2
sip,9
siped,1
sique,1
sir,7
sire,2
sired,2
sis,88
sism,2
sist,26
sit,12
site,13
sive,98
six,7
sixth,1
siz,6
size,8
sized,7
skance,1
skat,3
skate,3
skeet,1
skein,1
skel,1
skep,3
sketch,5
skew,4
ski,2
skid,1
skied,1
skiff,1
skil,1
skill,4
skilled,3
skim,2
skimp,4
skin,29
skinned,1
skins,1
skip,3
skir,2
skirt,4
skirts,1
skit,4
skiv,1
skoal,1
skulk,2
skull,4
skunk,1
sky,19
sla,2
slab,1
slack,5
slacks,1
slag,1
slain,1
slak,1
slake,1
slaked,1
slam,2
slan,1
slang,5
slant,3
slap,6
slash,2
slat,6
slate,1
slath,1
slaugh,3
slaught,1
slav,9
slave,3
slaved,2
slaw,2
slay,3
sle,3
slea,5
sled,6
sledge,2
sleek,2
sleep,14
sleeps,1
sleet,4
sleeve,2
sleigh,1
sleight,1
slen,3
slept,2
sles,1
sleuth,1
slew,1
sli,4
slic,2
slice,2
slick,5
slid,4
slide,3
slier,1
sliest,1
slight,4
slim,7
slime,1
sling,4
slink,5
slip,11
slit,2
slith,2
sliv,1
slo,2
slob,3
sloe,1
slog,2
sloop,1
slop,8
slope,1
slosh,4
sloshed,1
slot,3
sloth,2
slouch,4
slough,1
slov,2
slow,5
sludg,3
sludge,1
slue,1
slug,6
sluic,1
sluice,1
slum,6
slump,1
slung,2
slunk,1
slur,3
slurp,1
slush,5
slut,2
sly,4
smack,3
small,3
smart,5
smash,3
smashed,1
smat,1
smear,6
smel,1
smell,7
smelt,2
smi,1
smid,1
smil,2
smile,1
smirch,3
smirk,3
smit,2
smite,1
smith,9
smo,1
smock,2
smog,1
smok,7
smoke,4
smol,1
smooch,1
smooth,4
smor,1
smote,1
smoth,2
smudg,1
smudge,1
smug,7
smut,5
smuts,1
sna,1
snack,1
snaf,1
snag,3
snail,2
snak,5
snake,5
snap,12
snapped,1
snar,2
snare,2
snared,1
snarl,5
snatch,2
snaz,1
sneak,8
sneer,4
sneez,1
sneeze,1
sner,1
snick,1
snid,2
snide,2
snif,4
sniff,3
snig,1
snip,9
snipe,2
snips,1
snitch,1
sniv,1
snob,3
snoop,5
snoot,6
snooz,3
snooze,1
snor,2
snore,1
snort,2
snot,2
snout,1
snow,15
snub,3
snuck,1
snuf,4
snuff,1
snug,6
so,167
soak,2
soap,7
soar,3
sob,4
soc,2
soch,1
sock,7
socks,1
sod,10
sode,1
soed,1
sof,2
soft,7
sog,6
soi,1
soid,1
soil,3
soiled,1
soir,1
sol,45
sold,6
sole,5
soled,2
solv,12
solve,5
solved,6
som,20
some,64
son,95
sonde,1
sone,1
soned,2
song,11
sons,1
sook,2
soon,6
soot,4
sooth,7
soothe,1
soothed,1
sop,8
soph,8
sor,52
sorb,11
sorbed,2
sore,7
sored,1
sorp,5
sors,1
sort,10
sory,1
sos,2
sot,7
sote,1
sou,3
souf,1
sough,1
sought,3
soul,4
sound,13
soup,5
sour,6
source,3
sous,1
souse,1
south,14
sov,2
sow,4
sowed,1
sown,1
sox,2
soy,2
spa,8
spac,1
space,10
spaced,1
spade,2
spair,2
span,10
spank,2
spans,1
spar,14
spare,3
spark,1
sparks,1
spars,2
sparse,3
spas,2
spasm,1
spat,7
spate,1
spathe,1
spav,2
spawn,2
spay,1
spe,14
spea,1
speak,9
spear,5
speare,1
spec,33
speck,3
specs,1
spect,10
sped,1
speech,2
speed,13
spell,8
spelt,2
spen,1
spend,7
spends,1
spent,4
sper,1
sperm,3
sperse,1
spew,1
sphag,1
sphe,3
spher,7
sphere,11
sphin,1
sphinc,1
sphinx,2
spi,18
spic,12
spice,3
spiel,2
spif,1
spiff,4
spig,1
spik,3
spike,3
spill,4
spilt,1
spin,17
spine,2
spir,19
spire,6
spired,5
spires,1
spis,1
spise,1
spised,1
spit,9
spite,4
splash,6
splat,2
splay,2
sple,1
spleen,2
splen,4
splend,1
splic,2
splice,1
splin,2
splint,1
split,3
splits,1
splotch,1
splurge,1
splut,1
spo,7
spoil,7
spoiled,1
spoils,1
spoilt,1
spoke,2
spokes,1
spon,9
spond,8
spong,1
sponge,1
sponse,1
spoof,1
spook,4
spool,1
spoon,8
spoor,1
spor,2
spore,1
sport,6
sports,4
spot,16
spous,1
spouse,1
spout,4
sprain,1
sprang,1
sprat,1
sprawl,1
spray,2
spread,8
spree,1
spri,2
sprig,1
spright,1
sprin,4
spring,14
springs,1
sprink,1
sprint,1
sprit,1
sprite,1
sprock,1
sprout,1
spruc,3
spruce,1
sprung,2
spry,4
spu,6
spud,1
spume,1
spun,3
spunk,5
spur,3
spurn,1
spurred,1
spurt,1
sput,2
spy,4
squab,6
squad,2
squal,4
squall,1
squan,1
squar,4
square,4
squash,5
squat,5
squaw,1
squawk,1
squeak,5
squeal,2
squeam,1
squee,1
squeez,2
squeeze,1
squelch,2
squib,1
squid,1
squig,2
squint,3
squir,2
squire,1
squirm,4
squirt,1
squish,1
sta,42
stab,2
stac,1
stack,5
stacked,1
staff,5
staffs,1
stag,15
stage,9
staged,3
staid,2
stain,6
stained,1
stair,4
stairs,4
stak,1
stake,3
stal,11
stale,4
stalk,4
stalked,1
stall,6
stalled,1
stalt,1
stam,8
stamp,3
stamped,1
stan,14
stanc,1
stance,6
stanced,1
stanch,1
stand,23
stank,1
stant,5
staph,2
star,20
starch,3
starched,1
stare,1
stark,3
starred,1
start,4
starv,1
starve,2
stash,1
stat,31
state,22
states,3
staunch,1
stav,1
stave,1
staves,1
stay,6
stayed,1
stays,1
ste,12
stead,15
steak,2
steal,3
stealth,4
steam,7
sted,1
stedd,1
stee,2
steed,1
steel,2
steels,1
steep,3
steer,2
steers,1
steg,1
stein,5
stel,1
stem,4
stemmed,2
sten,10
stench,1
step,18
steppe,1
steppes,1
ster,46
stere,2
stered,1
stern,2
sters,1
stet,6
steth,1
stew,4
stewed,1
sti,31
stice,3
stich,1
stick,22
sticks,1
stiff,4
stig,4
stil,2
stile,2
still,7
stilled,1
stilt,2
stim,5
stin,5
stinc,1
stinct,1
sting,6
stink,3
stint,4
stip,5
stir,7
stirred,2
stit,2
stitch,3
sto,13
stoat,1
stock,25
stocks,1
stodg,3
stok,2
stoke,1
stokes,1
stol,2
stole,1
stom,3
stomp,2
ston,10
stone,40
stoned,1
stones,1
stood,3
stooge,1
stool,5
stoop,1
stop,14
stoph,1
stopped,2
stops,1
stor,6
store,7
stored,1
stores,1
stork,1
storm,12
stound,1
stout,3
stove,4
stow,6
stra,8
stract,4
strad,3
straf,2
strafe,1
strag,1
straight,5
strain,7
strained,1
straint,2
strait,3
stran,4
strance,2
strand,1
strang,2
strange,2
strap,5
strat,7
strate,2
straw,4
straws,1
stray,3
strays,1
streak,5
stream,14
street,3
strel,2
stren,1
strength,1
strep,3
stress,5
stressed,1
stretch,7
strew,3
strewn,2
stri,6
stric,2
strick,1
strict,6
strid,3
stride,3
strife,1
strik,3
strike,1
strin,1
string,9
strings,1
strip,10
stripe,2
striped,1
striv,2
strive,1
stro,4
strobe,1
strode,1
strok,1
stroke,10
stroll,2
strom,2
stron,1
strong,6
strop,2
stroph,2
strops,1
stros,2
strous,1
strove,1
stroy,2
stru,8
struc,11
struck,2
struct,9
strue,1
strued,1
strug,2
strum,3
strung,3
struse,2
strut,3
strych,1
stu,14
stub,9
stuc,3
stuck,1
stud,16
stuff,10
stuffed,2
stul,2
stum,2
stump,5
stun,2
stung,1
stunk,1
stunt,1
stur,7
stut,1
sty,7
styg,1
styl,7
style,5
styled,1
styp,2
su,113
sua,5
suad,3
suade,2
suag,1
suage,1
suaged,1
suav,1
suave,2
sub,165
suc,21
such,3
suck,8
sucks,1
sud,3
suds,1
sue,7
sued,4
suede,1
suf,24
sug,10
sui,1
suit,15
suite,1
sul,28
sule,2
suled,2
sulk,4
sult,8
sum,40
sume,6
sumed,7
sump,9
sun,44
sund,1
sung,2
sunk,3
sup,39
super,1
supt,1
sur,76
surd,5
sure,25
sured,9
surf,4
surg,1
surge,2
surp,2
sus,25
sut,1
sute,1
svelt,2
svelte,1
swa,4
swab,2
swad,1
swag,4
swage,1
swain,3
swal,2
swam,2
swamp,4
swan,1
swank,4
swans,1
swap,3
sward,1
swarm,2
swarth,3
swas,1
swash,1
swat,4
swatch,1
swath,1
swathe,1
swats,1
sway,2
swayed,1
swe,2
swear,4
sweat,9
swed,1
sweep,7
sweeps,1
sweet,13
swel,2
swell,3
swept,3
swer,3
swerv,1
swerve,1
swift,4
swig,2
swill,2
swim,5
swin,4
swine,1
swing,6
swip,2
swipe,2
swiped,1
swipes,1
swirl,2
swish,1
swit,1
switch,6
switz,1
swiv,5
swiz,1
swol,1
swoon,1
swoop,1
sword,5
swords,1
swore,1
sworn,2
swum,2
swung,1
sy,54
syb,2
syc,4
syd,1
syl,11
sylph,1
sym,21
symp,2
syn,32
sync,1
syph,1
syr,4
sys,9
syth,1
t,2
ta,366
tab,21
tac,17
tach,7
tache,2
tached,5
tack,14
tact,8
tad,2
tae,2
taf,2
taff,2
tag,15
tage,12
taged,2
tagl,2
tah,1
tai,6
tail,36
tailed,2
tails,1
tain,35
tained,1
tains,2
taint,3
taire,1
tak,18
take,11
tal,157
talc,1
tale,4
taled,3
talk,9
tall,2
talled,2
tally,1
tals,4
tam,16
tame,2
tamed,1
tamp,2
tan,74
tanc,1
tance,14
tanced,1
tane,3
tang,5
tank,5
tanked,1
tanned,1
tans,1
tant,27
tante,2
tants,1
tao,1
tap,11
tape,2
taph,3
tapped,2
taps,1
tar,94
tard,17
tare,2
tarn,1
tarp,1
tarrh,3
tart,3
tas,10
tash,1
task,2
tasm,1
tass,1
tasse,1
tast,8
taste,8
tat,47
tate,41
tath,2
tau,5
taught,3
taunt,3
taupe,1
taur,1
taut,2
tav,1
tave,1
taw,10
taws,1
tax,20
tay,1
tazz,1
tchi,1
tchouc,1
te,134
tea,9
teach,6
teak,2
teal,1
team,4
tear,11
tears,1
teas,3
tease,2
teat,1
teau,5
tec,15
tech,11
tect,7
ted,85
tedd,1
tee,29
teed,2
teel,3
teem,4
teen,15
teens,1
teenth,7
teer,7
tees,1
teeth,2
teethe,1
tef,1
teg,3
tege,1
tein,1
tek,1
tel,53
tele,1
tell,11
telle,1
tem,45
temn,1
temp,3
temps,1
tempt,12
ten,148
tenc,1
tence,4
tenced,1
tend,31
tene,1
tens,3
tense,6
tent,31
tente,1
tenth,1
tep,2
ter,686
tere,2
tered,14
term,3
terms,1
tern,17
terp,1
terr,1
terre,1
terred,4
ters,10
terse,2
tes,39
tese,1
tesque,1
tess,1
tesse,1
test,20
tet,12
tetch,3
teth,1
teu,1
teur,10
teuse,1
tex,9
text,4
tey,1
tha,8
thag,1
thai,1
thal,11
than,3
thane,3
thank,6
thanks,2
thar,4
that,2
thatch,2
thaw,1
the,60
thee,1
theft,1
thegm,1
their,1
theirs,1
them,4
theme,1
then,11
thence,2
ther,52
there,17
therm,1
thes,2
these,1
thest,2
thet,13
thete,1
thew,1
thex,1
they,1
thi,9
thic,2
thick,8
thief,1
thiev,3
thieve,1
thigh,2
thim,2
thin,6
thine,1
thing,6
think,9
thinks,1
thir,4
third,2
thirst,5
this,4
thith,2
thize,2
thized,1
tho,16
thod,2
thog,2
thol,8
thom,1
thomp,1
thon,3
thong,2
thor,15
thorn,6
thors,1
thos,4
those,1
thou,3
though,2
thought,6
thous,1
thra,2
thral,1
thrall,2
thralled,1
thrash,3
thrax,1
thread,8
threat,3
three,4
thren,1
thresh,3
threw,1
thri,1
thrice,1
thrift,8
thrill,3
thrin,1
thrit,1
thriv,1
thrive,1
thro,5
throat,6
throb,3
throe,1
throes,1
throm,3
thron,2
throne,3
throned,2
throng,1
throp,2
thrope,1
throt,2
through,4
throve,1
throw,6
thrown,1
thru,1
thrum,2
thrush,1
thrust,3
thu,4
thud,4
thug,2
thumb,4
thump,2
thun,6
thur,1
thurs,1
thus,8
thuse,1
thused,1
thwack,2
thwart,2
thy,28
thyl,2
thyme,1
thyst,1
ti,615
tia,9
tial,49
tialed,1
tialled,1
tials,1
tian,11
tiar,1
tib,4
tic,179
tice,12
ticed,6
tich,1
tiche,1
tick,11
tics,13
tid,11
tide,9
tie,8
tied,13
tience,2
tient,6
tiently,1
tier,3
tiere,1
tiered,1
tiers,1
ties,2
tif,10
tiff,5
tig,5
tige,2
tight,12
tights,1
tigue,1
tigued,1
tik,1
til,27
tile,27
tiled,1
till,9
tille,1
tilled,2
tilt,2
tim,25
time,38
timed,1
times,2
tin,66
tinc,4
tinct,5
tine,32
tined,1
ting,106
tinge,1
tings,1
tink,1
tinned,1
tint,2
tio,1
tion,748
tioned,1
tions,6
tious,30
tip,21
tiph,2
tiq,1
tique,6
tiqued,1
tir,11
tire,12
tired,5
tis,48
tise,6
tised,2
tish,11
tism,17
tist,16
tiste,2
tit,13
titan,1
tite,15
tith,3
tithe,1
tits,1
tium,1
tius,1
tiv,20
tive,246
tived,1
tiz,9
tize,19
tized,10
tle,96
tled,7
tler,17
tlest,1
tling,8
tlish,1
tly,6
to,368
toad,6
toast,3
toc,5
tock,3
tod,3
tode,2
toe,7
toed,3
tof,1
tog,12
toi,3
toid,4
toil,2
toir,1
toire,2
toise,2
tol,32
told,5
toll,4
tolled,1
tom,34
tomb,5
tome,1
tomed,2
toms,2
ton,123
tone,12
toned,2
tong,1
tongs,1
tongue,2
tongued,1
tongues,1
tonne,1
tons,1
too,7
tooed,1
took,6
tool,6
toon,6
toot,2
tooth,13
toothed,1
toots,1
top,35
tope,2
topped,1
tops,1
toque,1
tor,354
torch,2
tore,1
tored,2
torn,1
torque,1
tors,1
tort,9
tory,3
tos,4
tose,6
tosh,2
toss,2
tot,11
tote,2
tou,7
touch,13
touched,2
tough,5
toum,1
tound,2
tour,9
tours,1
tous,15
tout,2
tow,15
town,11
towns,3
tox,14
toy,1
tra,73
trable,1
trac,23
trace,3
traced,2
track,8
tracks,1
tract,13
trad,1
trade,3
trades,1
traf,4
trag,6
trage,1
trai,3
trail,3
trails,1
train,9
trained,1
traips,1
traipse,1
trait,3
tral,28
tram,9
tramp,1
tran,29
tranc,1
trance,3
tranced,1
trang,1
trange,1
tranged,1
trans,61
trant,5
traor,1
trap,18
trapped,1
traps,1
trar,2
trash,2
trast,1
trat,8
trate,15
trau,4
traught,1
trav,16
trave,1
trawl,2
tray,7
tre,13
trea,5
treach,2
tread,6
treas,6
treat,9
tred,1
tree,10
treed,1
trek,3
trel,2
trem,10
treme,2
tren,1
trench,9
trend,3
trep,3
tres,4
tress,11
tressed,1
treuse,1
tri,128
trib,13
tribe,2
tribes,1
tric,13
trice,2
trich,1
trick,11
trict,2
trid,3
tridg,1
tridge,2
tried,3
triev,4
trieve,1
trieved,1
trif,1
trig,3
trigue,1
trigued,1
tril,6
trill,1
trim,5
trimmed,1
trin,8
trine,4
trip,8
tripe,1
tris,1
trist,4
trit,7
trite,5
triv,9
trive,1
trived,1
trix,6
tro,56
troc,1
trod,5
trode,1
trog,3
troi,1
troit,2
trol,18
troll,2
trolled,3
trom,4
tron,17
troon,1
troop,4
troops,1
trop,10
trope,3
troph,3
tros,1
trose,1
tross,1
trot,5
troth,3
trothed,1
trou,8
trough,1
trounc,2
trounce,1
troup,1
troupe,1
trous,8
trout,1
trove,1
trow,1
troy,1
tru,18
truc,3
truce,1
truck,7
trud,9
trude,5
trudg,1
trudge,1
true,4
truf,2
trum,9
trump,2
trumps,1
trun,6
trunk,1
trunks,1
trus,2
truss,3
trussed,1
trust,13
truth,4
try,61
tryst,1
tsa,1
tsar,1
tset,1
tsu,2
tu,170
tub,9
tube,3
tubes,1
tuc,1
tuce,1
tuck,4
tude,35
tue,1
tues,2
tuft,3
tug,4
tule,1
tulle,1
tum,33
tume,1
tumed,1
tumn,1
tun,15
tund,4
tune,14
tuned,2
tung,3
tup,1
tuque,1
tur,86
turb,6
turbed,1
ture,87
tured,24
tures,1
turf,2
turk,1
turn,25
turne,1
turned,2
tus,30
tuse,1
tusk,2
tut,3
tute,8
tutes,1
tux,1
twad,2
twain,1
twang,1
tweak,1
twee,1
tweed,4
tween,1
tweet,2
tweez,2
tweeze,1
twelfth,1
twelve,2
twen,2
twerp,1
twi,2
twice,1
twid,2
twig,3
twill,1
twin,7
twine,3
twined,1
twinge,1
twinned,1
twins,1
twirl,2
twist,3
twit,4
twitch,1
twixt,1
two,5
ty,562
tych,2
tyke,1
tyl,2
tyls,1
tym,2
typ,18
type,26
typed,4
typo,1
tyr,7
tyrant,1
tys,1
u,610
ua,10
ual,3
ualed,1
ualled,1
uals,1
uar,1
ub,1
ube,1
ubs,1
uct,1
ud,3
ude,2
ue,16
ued,4
uer,2
ug,3
uge,2
uged,1
ugh,1
ui,26
uid,3
uine,2
ul,39
ule,12
ult,3
ultra,1
um,168
ume,2
umn,2
umned,1
ump,3
umph,1
ums,18
un,1038
unc,4
und,3
une,2
unit,1
univ,1
uor,1
up,102
ur,42
urb,2
ure,18
ured,7
ures,1
urg,1
urge,1
urn,2
us,44
use,13
used,5
ush,2
ut,8
ute,9
utes,1
ux,2
va,136
vac,22
vad,9
vade,3
vag,5
vage,3
vaged,1
vague,3
vah,3
vail,7
vain,4
val,75
vale,2
valed,2
valled,2
valse,1
valve,3
vam,2
vamp,2
van,28
vanc,3
vance,3
vanced,1
vane,1
vant,8
vants,1
vap,6
var,35
vard,3
vark,1
vars,1
vas,10
vase,1
vass,2
vasse,1
vast,4
vat,22
vate,20
vated,1
vates,1
vau,1
vaude,1
vault,3
vaunt,4
ve,52
veal,3
vealed,1
vec,5
vect,1
vee,1
veep,1
veer,3
veg,6
vei,2
veigh,1
veil,6
veiled,1
vein,2
vel,23
veld,1
veldt,1
veled,1
velled,1
vem,1
ven,75
vend,4
vene,5
vened,4
veng,4
venge,6
venged,4
vens,1
vent,15
ver,362
verb,3
vere,6
vered,2
verg,3
verge,3
verged,2
verred,1
vers,9
verse,17
versed,3
vert,30
verve,1
ves,22
vesce,1
vest,14
vet,17
vette,1
vex,6
vexed,2
vey,12
vi,204
via,1
viar,1
vibes,1
vic,19
vice,10
vict,8
vid,23
vide,4
vie,1
vied,3
vier,2
vies,3
view,11
vig,9
vik,2
vil,29
vile,6
viled,1
ville,15
vim,2
vin,22
vinc,3
vince,2
vinced,2
vine,9
vined,1
ving,2
vint,1
violet,1
vion,1
vip,2
vir,23
virs,1
vis,50
vise,9
vised,8
vish,2
vism,4
vist,4
vista,1
vit,16
vite,3
viv,18
vive,3
vived,2
vix,5
viz,1
vo,54
voc,4
vod,1
vogue,1
voi,1
voic,3
voice,4
voiced,3
void,12
voile,1
voir,2
voirs,1
vok,7
voke,6
voked,8
vol,21
vole,1
volt,8
volv,5
volve,6
volved,6
vom,1
voo,1
vor,22
vorc,1
vorce,1
vorced,1
vore,2
vored,3
vors,1
vort,1
vot,10
vote,4
votte,1
vouch,5
vour,2
vous,3
vout,3
vow,10
vowed,1
vox,1
voy,5
vre,2
vres,1
vu,5
vue,1
vul,21
vulg,2
vulge,1
vulged,2
vuls,1
vulse,1
vulsed,1
vum,1
vun,1
vure,2
vus,1
vy,15
wa,48
wab,1
wack,4
wad,10
wade,2
waf,2
waft,1
wag,16
wage,1
wagged,1
wai,2
waif,1
wail,4
wain,5
waist,6
wait,7
waiv,2
waive,1
wak,7
wake,4
waked,3
wal,11
wale,2
wales,1
walk,18
wall,9
waltz,2
wam,2
wan,13
wand,1
wane,1
want,3
wap,1
war,40
ward,55
wards,4
ware,27
wared,1
wares,3
wark,1
warm,9
warmed,1
warmth,1
warn,5
warned,1
warp,2
wart,6
was,3
wash,29
washed,1
wasp,4
wast,4
waste,5
wat,2
watch,14
watched,1
watt,3
watts,1
wau,1
waul,1
wav,6
wave,6
waved,1
waves,2
waw,1
wax,11
waxed,1
way,75
ways,6
we,3
wea,13
weak,11
weal,2
wealth,5
wean,1
weaned,1
weap,3
wear,14
weath,7
weav,3
weave,4
web,5
webbed,1
webs,1
wed,9
wedg,1
wedge,1
wedged,1
wednes,1
wee,4
weed,15
weeds,1
week,11
ween,1
weep,6
weft,1
weigh,6
weight,14
weir,2
weird,4
weiss,1
wel,6
weld,3
well,12
wells,1
welsh,2
welt,1
wench,1
wend,3
went,3
wept,2
were,2
wert,1
wes,1
west,16
wet,9
weth,2
whack,4
whal,3
whale,3
whales,1
wham,2
wharf,3
wharves,1
what,5
wheal,1
wheat,3
whee,2
wheel,14
wheeled,1
wheels,1
wheez,5
wheeze,1
whelk,1
whelm,2
whelp,1
when,3
whence,1
wher,2
where,19
whet,5
wheth,1
whew,1
whey,2
which,2
whiff,1
whil,1
while,5
whiles,1
whim,3
whin,7
whine,1
whip,9
whips,1
whir,2
whirl,6
whis,6
whisk,3
whist,1
whit,11
white,11
whites,1
whith,1
whiz,2
who,5
whoa,1
whol,1
whole,6
whom,3
whoop,2
whoops,1
whoosh,1
whop,2
whor,1
whore,1
whorl,1
whorled,1
whose,1
why,1
wi,2
wich,4
wick,10
wid,8
wide,6
widg,2
width,3
wie,1
wield,3
wife,11
wig,12
wigged,1
wight,1
wil,17
wild,7
wile,1
will,8
willed,2
wills,1
wilt,1
wilts,1
wim,2
win,36
winc,1
wince,1
winch,1
wind,39
wine,2
wing,10
winged,1
wink,3
wins,1
wip,1
wipe,1
wir,5
wire,9
wired,2
wis,5
wise,22
wish,4
wished,1
wisp,4
wist,2
wit,19
witch,6
with,20
wits,1
wive,1
wives,1
wiz,3
wo,5
woad,1
wob,3
woe,5
wog,1
wok,2
woke,2
wol,2
wold,1
wolf,4
wolfs,1
wolves,1
wom,50
womb,1
won,9
wont,4
woo,1
wood,48
woods,4
woof,2
wool,6
wooz,5
wor,24
worces,1
word,17
words,1
wore,2
work,75
worked,2
works,5
world,7
worm,19
worms,1
worn,7
wors,1
worse,1
worst,1
wort,1
worth,3
would,1
wound,5
wove,2
wow,2
wrack,1
wraith,1
wran,2
wrap,9
wrapped,2
wrasse,1
wrath,2
wreak,1
wreath,2
wreathe,1
wreck,4
wren,1
wrench,1
wrens,1
wres,3
wrest,2
wretch,3
wri,2
wrig,5
wright,5
wrin,3
wring,3
wrist,4
writ,16
write,7
writh,2
writhe,1
wrong,8
wrote,5
wrought,3
wrung,1
wry,4
wump,1
wurst,4
wy,2
xe,6
xen,6
xy,2
y,967
ya,3
yacht,2
yadh,1
yah,1
yak,3
yal,1
yam,2
yan,2
yang,1
yank,1
yap,3
yar,2
yard,22
yarn,1
yaw,1
yawl,1
yawn,3
yawp,2
yaws,1
ye,1
yeah,1
yean,1
year,9
yearn,2
yeast,2
yel,4
yell,2
yelp,1
yen,1
yeo,2
yer,2
yes,3
yet,2
yette,1
yeur,2
yew,1
yid,1
yield,3
yim,1
yin,1
yip,3
yl,7
yll,1
ymp,2
yn,4
ynx,2
yo,12
yod,1
yoga,1
yok,1
yoke,3
yolk,1
yon,4
yond,1
yonne,1
yore,1
york,1
you,1
youn,1
young,4
youngs,1
your,2
yours,1
youth,3
yowl,1
yp,1
yr,1
ys,2
ysm,1
yt,2
yu,4
yuc,1
yule,1
yune,1
yurt,1
yx,1
za,25
zaar,1
zag,2
zagged,1
zah,1
zai,1
zal,2
zam,1
zan,1
zance,1
zant,1
zap,2
zar,1
zard,3
zarre,2
zart,1
zas,1
ze,17
zea,1
zeal,6
zeb,1
zed,1
zee,1
zei,2
zeit,1
zel,4
zelle,1
zem,1
zen,15
zene,1
zeph,1
zer,7
zers,1
zes,3
zest,3
zet,2
zette,1
zi,37
zied,1
zier,4
zig,3
zil,3
zilch,1
zim,1
zin,2
zinc,1
zine,3
zing,4
zip,6
zipped,1
zir,2
zith,2
zle,18
zled,2
zler,5
zling,1
zlo,1
zly,3
zo,25
zoi,2
zoid,1
zom,1
zome,1
zon,10
zone,4
zoned,1
zonked,1
zoo,4
zoom,1
zor,2
zos,1
zoth,1
zounds,1
zoy,1
zu,2
zuc,2
zur,1
zure,1
zwie,1
zy,16
zyme,1
